latitude,longitude,elevation,utc_offset_seconds,timezone,timezone_abbreviation
23.796133,86.38477,231.0,19800,Asia/Kolkata,GMT+5:30

time,temperature_2m (°C),relative_humidity_2m (%),cloud_cover (%),wind_speed_10m (km/h)
2017-01-01T00:00,14.8,89,18,6.8
2017-01-01T01:00,14.5,92,23,6.4
2017-01-01T02:00,14.3,94,23,5.6
2017-01-01T03:00,14.2,95,21,6.2
2017-01-01T04:00,13.9,96,7,5.4
2017-01-01T05:00,14.6,93,1,5.6
2017-01-01T06:00,14.0,96,0,4.4
2017-01-01T07:00,16.3,89,1,4.3
2017-01-01T08:00,19.1,78,1,2.2
2017-01-01T09:00,21.4,69,0,2.8
2017-01-01T10:00,23.1,62,0,4.5
2017-01-01T11:00,24.1,58,20,5.4
2017-01-01T12:00,24.5,55,23,3.1
2017-01-01T13:00,24.9,52,38,0.5
2017-01-01T14:00,25.1,49,42,2.3
2017-01-01T15:00,24.9,48,45,5.5
2017-01-01T16:00,23.4,56,23,6.6
2017-01-01T17:00,21.0,70,17,10.1
2017-01-01T18:00,20.5,72,6,10.7
2017-01-01T19:00,19.6,74,6,9.3
2017-01-01T20:00,19.0,76,16,9.4
2017-01-01T21:00,18.3,81,15,8.7
2017-01-01T22:00,17.7,85,6,6.8
2017-01-01T23:00,16.7,91,10,6.2
2017-01-02T00:00,16.4,92,15,4.8
2017-01-02T01:00,15.7,93,15,5.4
2017-01-02T02:00,15.3,94,19,4.9
2017-01-02T03:00,16.0,90,20,4.1
2017-01-02T04:00,15.5,91,11,5.7
2017-01-02T05:00,15.0,95,18,5.2
2017-01-02T06:00,14.7,96,15,4.0
2017-01-02T07:00,16.9,87,37,1.8
2017-01-02T08:00,19.2,78,81,3.9
2017-01-02T09:00,20.4,75,74,3.2
2017-01-02T10:00,22.0,70,12,3.7
2017-01-02T11:00,23.2,66,25,4.0
2017-01-02T12:00,23.6,65,31,2.9
2017-01-02T13:00,23.8,63,45,0.8
2017-01-02T14:00,23.5,63,66,2.3
2017-01-02T15:00,20.6,74,100,9.9
2017-01-02T16:00,18.7,84,100,5.4
2017-01-02T17:00,17.8,87,89,8.3
2017-01-02T18:00,18.1,85,54,2.6
2017-01-02T19:00,16.7,93,23,2.6
2017-01-02T20:00,16.7,93,19,2.7
2017-01-02T21:00,15.6,96,16,6.0
2017-01-02T22:00,15.3,94,17,7.4
2017-01-02T23:00,15.7,91,68,10.4
2017-01-03T00:00,15.7,93,35,8.6
2017-01-03T01:00,15.2,94,26,7.1
2017-01-03T02:00,14.5,95,39,5.5
2017-01-03T03:00,14.1,96,20,4.0
2017-01-03T04:00,14.2,96,23,4.1
2017-01-03T05:00,14.5,89,17,9.3
2017-01-03T06:00,14.7,92,2,8.3
2017-01-03T07:00,16.4,89,1,12.1
2017-01-03T08:00,19.0,79,6,9.2
2017-01-03T09:00,21.2,69,8,8.2
2017-01-03T10:00,22.5,61,4,7.4
2017-01-03T11:00,23.8,54,12,7.1
2017-01-03T12:00,24.3,50,15,9.4
2017-01-03T13:00,23.9,49,28,12.9
2017-01-03T14:00,22.4,58,36,15.7
2017-01-03T15:00,22.6,56,26,11.4
2017-01-03T16:00,21.7,55,18,11.6
2017-01-03T17:00,19.5,68,5,9.6
2017-01-03T18:00,18.3,75,1,10.1
2017-01-03T19:00,17.4,78,1,10.1
2017-01-03T20:00,16.5,84,4,8.0
2017-01-03T21:00,15.6,90,1,6.0
2017-01-03T22:00,14.5,94,4,6.6
2017-01-03T23:00,14.6,93,3,5.9
2017-01-04T00:00,14.1,93,0,7.0
2017-01-04T01:00,13.9,93,1,7.4
2017-01-04T02:00,13.8,93,0,7.9
2017-01-04T03:00,13.8,92,0,8.7
2017-01-04T04:00,13.6,92,0,8.2
2017-01-04T05:00,13.4,96,0,8.7
2017-01-04T06:00,13.3,96,0,8.3
2017-01-04T07:00,15.2,89,0,10.3
2017-01-04T08:00,18.0,78,0,10.7
2017-01-04T09:00,20.4,67,0,10.5
2017-01-04T10:00,22.1,59,0,10.2
2017-01-04T11:00,23.3,52,0,10.8
2017-01-04T12:00,24.1,46,2,11.9
2017-01-04T13:00,24.5,42,6,12.5
2017-01-04T14:00,24.4,41,7,12.1
2017-01-04T15:00,23.9,43,0,11.5
2017-01-04T16:00,22.3,51,2,8.7
2017-01-04T17:00,19.7,63,4,10.8
2017-01-04T18:00,18.7,67,0,10.8
2017-01-04T19:00,17.8,71,0,11.3
2017-01-04T20:00,16.9,76,0,11.4
2017-01-04T21:00,16.2,81,0,11.2
2017-01-04T22:00,15.7,84,0,11.0
2017-01-04T23:00,15.2,87,0,10.3
2017-01-05T00:00,14.5,90,0,8.4
2017-01-05T01:00,13.7,92,0,6.5
2017-01-05T02:00,12.7,94,0,7.0
2017-01-05T03:00,11.9,95,0,9.2
2017-01-05T04:00,11.4,96,0,9.2
2017-01-05T05:00,11.6,97,0,7.1
2017-01-05T06:00,12.2,97,0,4.7
2017-01-05T07:00,14.1,90,0,6.5
2017-01-05T08:00,16.8,79,0,6.8
2017-01-05T09:00,19.4,68,0,7.0
2017-01-05T10:00,21.5,56,0,7.7
2017-01-05T11:00,22.7,47,1,8.1
2017-01-05T12:00,23.4,44,1,8.9
2017-01-05T13:00,23.7,42,2,9.3
2017-01-05T14:00,23.7,42,0,10.0
2017-01-05T15:00,23.2,44,0,10.4
2017-01-05T16:00,21.8,51,0,8.5
2017-01-05T17:00,18.8,63,0,7.2
2017-01-05T18:00,18.5,64,0,10.4
2017-01-05T19:00,17.5,69,0,10.8
2017-01-05T20:00,16.5,74,0,11.2
2017-01-05T21:00,15.6,79,0,10.5
2017-01-05T22:00,14.7,84,0,8.7
2017-01-05T23:00,13.8,90,0,5.8
2017-01-06T00:00,13.1,92,0,4.8
2017-01-06T01:00,12.9,92,0,5.9
2017-01-06T02:00,12.6,93,0,6.4
2017-01-06T03:00,11.7,95,0,5.3
2017-01-06T04:00,11.4,95,0,4.8
2017-01-06T05:00,11.4,96,0,4.9
2017-01-06T06:00,11.3,96,0,5.8
2017-01-06T07:00,14.1,87,0,4.7
2017-01-06T08:00,16.5,79,0,2.5
2017-01-06T09:00,19.1,69,0,1.6
2017-01-06T10:00,20.9,61,0,0.4
2017-01-06T11:00,22.0,56,0,1.1
2017-01-06T12:00,22.8,52,1,1.5
2017-01-06T13:00,23.3,50,0,2.2
2017-01-06T14:00,23.5,49,4,2.5
2017-01-06T15:00,23.3,49,0,3.7
2017-01-06T16:00,22.0,56,0,5.2
2017-01-06T17:00,19.2,59,0,8.7
2017-01-06T18:00,18.3,61,0,7.6
2017-01-06T19:00,17.4,67,0,10.5
2017-01-06T20:00,16.3,75,0,10.2
2017-01-06T21:00,15.6,79,0,11.5
2017-01-06T22:00,15.0,81,0,11.5
2017-01-06T23:00,14.5,84,0,8.8
2017-01-07T00:00,13.5,89,0,6.1
2017-01-07T01:00,12.8,92,0,5.4
2017-01-07T02:00,11.9,94,0,6.1
2017-01-07T03:00,12.2,92,0,3.3
2017-01-07T04:00,12.3,91,0,1.3
2017-01-07T05:00,11.0,99,0,2.8
2017-01-07T06:00,10.9,99,100,6.0
2017-01-07T07:00,12.6,96,99,4.5
2017-01-07T08:00,15.2,86,0,2.6
2017-01-07T09:00,17.7,75,0,4.8
2017-01-07T10:00,20.1,65,0,6.0
2017-01-07T11:00,21.8,57,0,6.0
2017-01-07T12:00,23.0,53,0,5.4
2017-01-07T13:00,23.7,51,0,2.8
2017-01-07T14:00,24.0,49,0,0.7
2017-01-07T15:00,24.0,47,18,0.4
2017-01-07T16:00,23.1,54,5,2.4
2017-01-07T17:00,20.4,61,5,9.8
2017-01-07T18:00,19.4,64,3,9.8
2017-01-07T19:00,18.2,67,3,8.3
2017-01-07T20:00,17.5,70,16,7.2
2017-01-07T21:00,16.2,79,6,7.8
2017-01-07T22:00,15.7,86,55,8.6
2017-01-07T23:00,15.8,86,38,8.3
2017-01-08T00:00,15.2,89,12,8.6
2017-01-08T01:00,14.9,90,10,7.3
2017-01-08T02:00,16.0,82,16,4.8
2017-01-08T03:00,16.3,80,12,4.8
2017-01-08T04:00,15.6,82,5,6.4
2017-01-08T05:00,13.6,91,5,7.3
2017-01-08T06:00,12.8,94,10,7.4
2017-01-08T07:00,15.8,84,10,6.8
2017-01-08T08:00,18.4,72,14,7.2
2017-01-08T09:00,20.3,63,19,7.1
2017-01-08T10:00,22.1,56,13,4.5
2017-01-08T11:00,23.3,52,20,3.1
2017-01-08T12:00,24.2,49,12,2.2
2017-01-08T13:00,24.9,46,10,2.4
2017-01-08T14:00,25.2,44,13,2.0
2017-01-08T15:00,25.1,43,7,0.7
2017-01-08T16:00,23.9,70,22,2.2
2017-01-08T17:00,21.1,60,15,5.5
2017-01-08T18:00,20.1,65,4,7.1
2017-01-08T19:00,18.3,72,7,8.5
2017-01-08T20:00,17.8,73,8,4.7
2017-01-08T21:00,16.6,82,5,4.7
2017-01-08T22:00,16.0,87,10,3.1
2017-01-08T23:00,15.8,88,7,3.4
2017-01-09T00:00,14.8,92,5,3.0
2017-01-09T01:00,16.9,80,6,5.4
2017-01-09T02:00,14.9,89,4,4.5
2017-01-09T03:00,15.0,90,3,8.7
2017-01-09T04:00,14.4,93,7,10.7
2017-01-09T05:00,14.1,96,3,8.4
2017-01-09T06:00,14.1,95,7,7.6
2017-01-09T07:00,15.9,87,20,6.8
2017-01-09T08:00,18.7,77,29,4.1
2017-01-09T09:00,20.9,67,6,4.9
2017-01-09T10:00,22.7,59,14,4.7
2017-01-09T11:00,24.0,52,11,3.9
2017-01-09T12:00,25.0,48,5,3.7
2017-01-09T13:00,25.3,46,20,2.5
2017-01-09T14:00,25.4,45,40,6.4
2017-01-09T15:00,24.9,46,32,6.4
2017-01-09T16:00,23.0,54,50,13.7
2017-01-09T17:00,21.6,62,49,12.2
2017-01-09T18:00,20.3,71,48,12.0
2017-01-09T19:00,20.1,72,47,10.3
2017-01-09T20:00,19.8,73,43,10.9
2017-01-09T21:00,19.6,73,30,10.6
2017-01-09T22:00,18.4,78,45,10.4
2017-01-09T23:00,17.9,79,45,10.1
2017-01-10T00:00,17.3,81,48,10.7
2017-01-10T01:00,16.9,82,51,11.4
2017-01-10T02:00,16.6,84,56,9.9
2017-01-10T03:00,16.4,87,65,10.9
2017-01-10T04:00,16.5,87,100,12.6
2017-01-10T05:00,16.3,91,100,8.0
2017-01-10T06:00,16.6,85,98,15.5
2017-01-10T07:00,16.6,80,99,14.2
2017-01-10T08:00,16.9,78,100,10.8
2017-01-10T09:00,17.4,75,73,7.6
2017-01-10T10:00,18.9,66,74,7.2
2017-01-10T11:00,18.3,75,100,4.6
2017-01-10T12:00,17.8,79,99,5.3
2017-01-10T13:00,17.9,75,97,7.6
2017-01-10T14:00,18.1,74,78,8.0
2017-01-10T15:00,19.0,68,79,9.4
2017-01-10T16:00,18.7,70,55,5.9
2017-01-10T17:00,18.1,76,56,2.1
2017-01-10T18:00,17.2,80,26,2.2
2017-01-10T19:00,15.4,88,19,3.1
2017-01-10T20:00,16.2,85,23,1.3
2017-01-10T21:00,15.9,87,21,0.7
2017-01-10T22:00,15.6,88,13,2.8
2017-01-10T23:00,13.8,94,15,5.5
2017-01-11T00:00,13.7,95,24,5.4
2017-01-11T01:00,14.2,95,31,6.1
2017-01-11T02:00,14.0,96,43,6.8
2017-01-11T03:00,13.6,97,21,6.9
2017-01-11T04:00,13.9,95,24,6.5
2017-01-11T05:00,13.1,99,13,8.9
2017-01-11T06:00,13.7,91,2,9.0
2017-01-11T07:00,14.7,81,7,10.5
2017-01-11T08:00,17.0,67,5,9.7
2017-01-11T09:00,19.0,56,9,9.2
2017-01-11T10:00,20.3,50,12,8.4
2017-01-11T11:00,21.2,48,15,8.5
2017-01-11T12:00,21.8,46,29,9.5
2017-01-11T13:00,22.2,44,32,10.9
2017-01-11T14:00,22.0,43,65,12.5
2017-01-11T15:00,21.0,44,100,12.0
2017-01-11T16:00,20.2,48,61,10.6
2017-01-11T17:00,18.9,51,65,10.1
2017-01-11T18:00,17.6,55,22,11.5
2017-01-11T19:00,16.7,57,7,12.2
2017-01-11T20:00,15.7,61,22,11.2
2017-01-11T21:00,15.4,62,12,12.7
2017-01-11T22:00,14.7,65,17,10.7
2017-01-11T23:00,14.0,68,39,9.8
2017-01-12T00:00,14.9,63,30,10.8
2017-01-12T01:00,14.2,63,19,13.5
2017-01-12T02:00,13.8,60,34,14.2
2017-01-12T03:00,13.1,59,29,13.4
2017-01-12T04:00,12.5,57,23,13.0
2017-01-12T05:00,13.2,58,47,12.3
2017-01-12T06:00,13.0,57,38,10.8
2017-01-12T07:00,13.9,54,38,9.8
2017-01-12T08:00,15.3,47,20,11.4
2017-01-12T09:00,16.7,42,30,11.1
2017-01-12T10:00,18.1,40,9,10.4
2017-01-12T11:00,19.3,40,14,8.8
2017-01-12T12:00,20.1,41,5,7.7
2017-01-12T13:00,20.6,42,7,6.7
2017-01-12T14:00,20.7,42,21,6.9
2017-01-12T15:00,20.3,42,44,7.4
2017-01-12T16:00,19.3,44,12,8.4
2017-01-12T17:00,17.7,51,22,9.2
2017-01-12T18:00,16.7,46,5,14.0
2017-01-12T19:00,15.0,51,6,12.7
2017-01-12T20:00,14.1,53,1,12.7
2017-01-12T21:00,13.3,54,0,13.4
2017-01-12T22:00,12.7,56,0,12.1
2017-01-12T23:00,12.3,57,0,10.7
2017-01-13T00:00,12.0,58,0,9.7
2017-01-13T01:00,11.7,58,0,10.1
2017-01-13T02:00,11.4,59,0,10.8
2017-01-13T03:00,10.9,60,0,9.6
2017-01-13T04:00,10.1,63,2,6.8
2017-01-13T05:00,9.4,69,6,6.3
2017-01-13T06:00,9.5,68,0,7.2
2017-01-13T07:00,11.4,61,0,8.2
2017-01-13T08:00,14.2,51,0,7.1
2017-01-13T09:00,16.4,42,0,7.2
2017-01-13T10:00,17.9,40,6,6.1
2017-01-13T11:00,19.1,40,3,6.6
2017-01-13T12:00,19.8,41,12,6.4
2017-01-13T13:00,20.2,41,10,7.2
2017-01-13T14:00,20.2,41,3,8.4
2017-01-13T15:00,19.9,42,0,7.9
2017-01-13T16:00,19.0,45,0,6.5
2017-01-13T17:00,16.0,55,0,8.0
2017-01-13T18:00,15.5,52,0,11.9
2017-01-13T19:00,15.0,53,0,13.4
2017-01-13T20:00,13.9,58,0,14.2
2017-01-13T21:00,13.1,60,0,13.3
2017-01-13T22:00,12.7,61,0,12.9
2017-01-13T23:00,12.2,62,0,11.6
2017-01-14T00:00,11.8,63,0,10.7
2017-01-14T01:00,11.0,66,0,7.6
2017-01-14T02:00,10.2,69,0,7.2
2017-01-14T03:00,9.7,71,0,7.4
2017-01-14T04:00,9.0,74,0,6.0
2017-01-14T05:00,7.7,85,0,6.8
2017-01-14T06:00,7.9,83,0,5.1
2017-01-14T07:00,10.4,72,0,6.5
2017-01-14T08:00,13.6,59,0,6.0
2017-01-14T09:00,15.9,50,0,8.6
2017-01-14T10:00,17.4,46,0,9.6
2017-01-14T11:00,18.6,44,0,8.4
2017-01-14T12:00,19.5,42,0,8.2
2017-01-14T13:00,20.1,41,0,9.4
2017-01-14T14:00,20.2,40,0,10.5
2017-01-14T15:00,19.9,41,0,11.8
2017-01-14T16:00,18.8,45,0,10.2
2017-01-14T17:00,15.9,54,0,8.6
2017-01-14T18:00,15.4,55,0,11.2
2017-01-14T19:00,14.3,58,0,11.5
2017-01-14T20:00,13.3,63,0,11.5
2017-01-14T21:00,12.2,68,0,9.5
2017-01-14T22:00,11.4,71,0,8.7
2017-01-14T23:00,10.8,74,0,7.5
2017-01-15T00:00,10.0,79,0,6.4
2017-01-15T01:00,9.4,82,0,6.4
2017-01-15T02:00,9.0,83,0,7.0
2017-01-15T03:00,8.7,85,0,7.3
2017-01-15T04:00,8.5,85,0,7.0
2017-01-15T05:00,8.0,91,0,5.9
2017-01-15T06:00,7.7,92,0,5.2
2017-01-15T07:00,10.4,80,0,7.1
2017-01-15T08:00,13.9,67,0,4.3
2017-01-15T09:00,16.4,58,0,4.6
2017-01-15T10:00,18.3,52,0,7.9
2017-01-15T11:00,19.8,44,0,9.7
2017-01-15T12:00,20.7,40,0,10.8
2017-01-15T13:00,21.2,37,0,10.8
2017-01-15T14:00,21.3,36,0,10.8
2017-01-15T15:00,21.0,37,0,10.3
2017-01-15T16:00,19.7,44,0,8.6
2017-01-15T17:00,15.6,60,1,7.5
2017-01-15T18:00,15.2,60,0,7.9
2017-01-15T19:00,14.2,62,0,8.9
2017-01-15T20:00,13.5,64,0,9.6
2017-01-15T21:00,12.8,68,10,9.3
2017-01-15T22:00,11.7,75,25,6.5
2017-01-15T23:00,10.4,83,32,7.4
2017-01-16T00:00,10.0,84,20,6.4
2017-01-16T01:00,10.2,82,0,7.7
2017-01-16T02:00,10.4,81,0,10.2
2017-01-16T03:00,10.6,79,25,10.8
2017-01-16T04:00,10.7,80,51,10.6
2017-01-16T05:00,11.0,84,27,10.0
2017-01-16T06:00,9.8,90,0,9.5
2017-01-16T07:00,12.6,78,1,4.0
2017-01-16T08:00,15.6,67,3,1.4
2017-01-16T09:00,18.3,58,0,3.1
2017-01-16T10:00,20.6,50,0,4.9
2017-01-16T11:00,22.3,43,0,5.9
2017-01-16T12:00,23.4,39,0,8.4
2017-01-16T13:00,24.0,39,0,10.1
2017-01-16T14:00,24.4,38,0,10.5
2017-01-16T15:00,24.1,38,0,11.3
2017-01-16T16:00,22.5,47,0,6.2
2017-01-16T17:00,18.1,61,0,8.7
2017-01-16T18:00,17.6,61,0,6.5
2017-01-16T19:00,16.6,65,0,7.3
2017-01-16T20:00,15.7,68,0,7.6
2017-01-16T21:00,14.2,76,0,4.8
2017-01-16T22:00,13.1,81,0,6.1
2017-01-16T23:00,12.5,82,0,8.4
2017-01-17T00:00,12.2,82,0,9.1
2017-01-17T01:00,12.1,83,0,8.3
2017-01-17T02:00,12.4,82,0,7.2
2017-01-17T03:00,11.4,88,0,7.6
2017-01-17T04:00,11.6,85,0,5.6
2017-01-17T05:00,11.4,89,0,6.1
2017-01-17T06:00,11.0,89,0,4.9
2017-01-17T07:00,13.7,79,0,3.1
2017-01-17T08:00,17.8,63,0,1.8
2017-01-17T09:00,20.8,53,0,1.6
2017-01-17T10:00,23.2,46,0,2.6
2017-01-17T11:00,24.8,44,0,8.0
2017-01-17T12:00,25.7,43,0,11.2
2017-01-17T13:00,26.0,43,0,13.8
2017-01-17T14:00,25.9,44,2,14.3
2017-01-17T15:00,25.5,44,1,14.6
2017-01-17T16:00,24.1,50,0,11.9
2017-01-17T17:00,21.1,61,0,7.8
2017-01-17T18:00,20.1,64,1,9.1
2017-01-17T19:00,18.9,70,0,10.2
2017-01-17T20:00,17.8,75,2,9.2
2017-01-17T21:00,16.2,83,0,5.9
2017-01-17T22:00,15.6,86,0,6.2
2017-01-17T23:00,15.0,89,0,5.6
2017-01-18T00:00,14.5,92,0,4.7
2017-01-18T01:00,13.7,93,1,4.5
2017-01-18T02:00,14.0,90,0,3.7
2017-01-18T03:00,14.6,88,1,3.8
2017-01-18T04:00,14.7,88,0,6.6
2017-01-18T05:00,13.7,91,0,6.2
2017-01-18T06:00,13.6,92,0,7.4
2017-01-18T07:00,15.9,83,0,8.1
2017-01-18T08:00,19.3,71,0,6.7
2017-01-18T09:00,22.2,58,0,9.9
2017-01-18T10:00,23.6,52,0,10.9
2017-01-18T11:00,24.7,49,0,10.7
2017-01-18T12:00,25.5,45,0,11.5
2017-01-18T13:00,25.9,44,0,12.1
2017-01-18T14:00,25.8,44,0,12.7
2017-01-18T15:00,25.3,45,0,13.4
2017-01-18T16:00,24.1,51,7,10.9
2017-01-18T17:00,20.9,62,3,8.0
2017-01-18T18:00,19.6,69,1,8.4
2017-01-18T19:00,18.4,75,1,9.1
2017-01-18T20:00,17.6,78,3,9.4
2017-01-18T21:00,16.9,81,4,10.5
2017-01-18T22:00,16.3,83,1,10.5
2017-01-18T23:00,15.8,85,1,10.1
2017-01-19T00:00,15.4,87,1,9.4
2017-01-19T01:00,14.7,90,1,6.8
2017-01-19T02:00,13.4,94,0,6.3
2017-01-19T03:00,13.1,94,1,5.0
2017-01-19T04:00,13.6,93,0,9.8
2017-01-19T05:00,13.9,93,0,11.7
2017-01-19T06:00,13.9,92,0,9.0
2017-01-19T07:00,15.7,82,0,7.8
2017-01-19T08:00,18.4,69,0,7.2
2017-01-19T09:00,20.9,59,0,9.3
2017-01-19T10:00,22.8,51,3,10.9
2017-01-19T11:00,24.0,48,14,12.7
2017-01-19T12:00,25.0,45,45,13.7
2017-01-19T13:00,25.5,44,70,14.3
2017-01-19T14:00,25.6,43,70,14.1
2017-01-19T15:00,25.1,44,0,12.9
2017-01-19T16:00,23.8,49,55,8.6
2017-01-19T17:00,19.7,66,71,8.3
2017-01-19T18:00,19.4,66,88,6.5
2017-01-19T19:00,18.2,71,84,5.9
2017-01-19T20:00,17.3,75,6,7.4
2017-01-19T21:00,16.7,78,32,7.8
2017-01-19T22:00,16.1,81,49,7.0
2017-01-19T23:00,15.6,83,65,7.4
2017-01-20T00:00,15.6,83,81,10.0
2017-01-20T01:00,15.7,82,79,12.0
2017-01-20T02:00,15.3,84,55,10.1
2017-01-20T03:00,15.1,85,81,11.0
2017-01-20T04:00,15.1,84,34,9.7
2017-01-20T05:00,13.4,92,18,7.7
2017-01-20T06:00,12.8,92,30,9.7
2017-01-20T07:00,16.1,79,0,9.4
2017-01-20T08:00,18.9,66,0,10.2
2017-01-20T09:00,21.5,55,0,11.0
2017-01-20T10:00,23.8,46,0,12.1
2017-01-20T11:00,25.5,40,0,12.0
2017-01-20T12:00,26.4,38,6,12.5
2017-01-20T13:00,26.9,37,12,13.5
2017-01-20T14:00,26.8,36,74,15.0
2017-01-20T15:00,26.3,36,97,15.0
2017-01-20T16:00,24.7,40,87,10.7
2017-01-20T17:00,20.8,51,99,7.7
2017-01-20T18:00,20.0,51,93,8.0
2017-01-20T19:00,19.0,54,89,8.8
2017-01-20T20:00,18.2,57,92,9.1
2017-01-20T21:00,17.5,59,71,9.4
2017-01-20T22:00,16.8,62,95,9.9
2017-01-20T23:00,16.4,65,90,10.3
2017-01-21T00:00,16.1,68,87,11.1
2017-01-21T01:00,15.5,71,81,10.8
2017-01-21T02:00,14.9,71,10,8.9
2017-01-21T03:00,13.9,72,5,7.5
2017-01-21T04:00,13.8,69,76,9.7
2017-01-21T05:00,13.2,72,85,7.9
2017-01-21T06:00,12.1,77,90,9.2
2017-01-21T07:00,14.9,66,75,6.2
2017-01-21T08:00,17.7,56,0,5.2
2017-01-21T09:00,20.3,47,0,7.7
2017-01-21T10:00,22.3,39,0,11.4
2017-01-21T11:00,23.8,34,0,12.9
2017-01-21T12:00,24.8,32,19,12.6
2017-01-21T13:00,25.3,30,73,11.4
2017-01-21T14:00,25.4,29,67,11.8
2017-01-21T15:00,24.9,29,78,11.4
2017-01-21T16:00,23.4,36,50,7.8
2017-01-21T17:00,19.1,49,40,7.5
2017-01-21T18:00,17.9,52,10,7.4
2017-01-21T19:00,16.5,55,22,8.4
2017-01-21T20:00,15.3,59,17,9.0
2017-01-21T21:00,14.0,64,0,7.2
2017-01-21T22:00,12.8,69,0,5.8
2017-01-21T23:00,12.2,72,0,5.8
2017-01-22T00:00,12.2,70,0,8.0
2017-01-22T01:00,12.4,67,0,10.0
2017-01-22T02:00,12.5,66,0,9.3
2017-01-22T03:00,12.0,68,0,8.1
2017-01-22T04:00,11.9,69,0,9.2
2017-01-22T05:00,11.1,78,0,6.8
2017-01-22T06:00,11.1,78,0,7.4
2017-01-22T07:00,13.9,68,0,9.1
2017-01-22T08:00,17.5,56,0,7.1
2017-01-22T09:00,20.7,47,0,9.4
2017-01-22T10:00,23.3,38,0,12.8
2017-01-22T11:00,24.9,32,0,14.5
2017-01-22T12:00,26.1,28,0,16.2
2017-01-22T13:00,26.6,26,0,18.0
2017-01-22T14:00,26.6,25,0,18.5
2017-01-22T15:00,25.9,26,0,17.4
2017-01-22T16:00,24.1,34,0,11.9
2017-01-22T17:00,20.0,47,0,7.7
2017-01-22T18:00,18.8,52,0,8.4
2017-01-22T19:00,17.9,55,0,9.2
2017-01-22T20:00,17.4,57,0,9.7
2017-01-22T21:00,16.9,58,0,10.0
2017-01-22T22:00,16.4,60,0,10.8
2017-01-22T23:00,16.0,61,0,10.8
2017-01-23T00:00,15.6,62,0,10.0
2017-01-23T01:00,15.0,64,0,8.5
2017-01-23T02:00,14.5,67,0,8.2
2017-01-23T03:00,14.5,67,0,9.5
2017-01-23T04:00,14.6,68,0,10.8
2017-01-23T05:00,14.0,77,0,9.8
2017-01-23T06:00,14.3,77,0,9.3
2017-01-23T07:00,16.4,70,0,10.2
2017-01-23T08:00,19.7,59,0,10.2
2017-01-23T09:00,22.2,52,0,11.8
2017-01-23T10:00,24.4,44,0,13.0
2017-01-23T11:00,26.0,37,0,15.0
2017-01-23T12:00,26.6,35,0,16.1
2017-01-23T13:00,26.7,36,0,16.2
2017-01-23T14:00,26.7,36,0,15.4
2017-01-23T15:00,26.4,35,0,15.9
2017-01-23T16:00,25.1,40,0,12.3
2017-01-23T17:00,21.4,52,0,7.7
2017-01-23T18:00,20.1,58,0,7.9
2017-01-23T19:00,19.2,60,0,7.9
2017-01-23T20:00,18.4,62,0,8.2
2017-01-23T21:00,17.7,65,0,8.5
2017-01-23T22:00,16.7,69,0,7.5
2017-01-23T23:00,16.2,71,0,8.5
2017-01-24T00:00,15.9,71,0,8.9
2017-01-24T01:00,15.1,75,0,7.4
2017-01-24T02:00,14.2,79,0,7.4
2017-01-24T03:00,13.2,85,0,10.6
2017-01-24T04:00,14.5,78,0,6.9
2017-01-24T05:00,12.9,89,0,6.1
2017-01-24T06:00,12.3,93,0,7.4
2017-01-24T07:00,15.4,80,0,7.2
2017-01-24T08:00,19.5,64,0,7.7
2017-01-24T09:00,22.8,54,0,12.7
2017-01-24T10:00,24.5,46,0,18.1
2017-01-24T11:00,25.5,42,0,15.5
2017-01-24T12:00,26.3,41,0,12.2
2017-01-24T13:00,27.0,38,0,12.6
2017-01-24T14:00,27.0,36,0,14.4
2017-01-24T15:00,26.5,35,0,13.9
2017-01-24T16:00,25.2,39,0,10.3
2017-01-24T17:00,21.4,51,0,7.2
2017-01-24T18:00,20.4,54,0,9.2
2017-01-24T19:00,19.6,56,0,10.9
2017-01-24T20:00,18.6,61,0,11.9
2017-01-24T21:00,17.9,66,0,12.3
2017-01-24T22:00,17.2,70,0,11.4
2017-01-24T23:00,16.4,73,0,10.9
2017-01-25T00:00,16.0,75,0,10.1
2017-01-25T01:00,15.6,78,0,9.0
2017-01-25T02:00,14.8,82,0,7.0
2017-01-25T03:00,13.5,89,0,5.8
2017-01-25T04:00,13.0,91,0,5.5
2017-01-25T05:00,12.5,93,0,5.2
2017-01-25T06:00,12.3,94,0,5.6
2017-01-25T07:00,14.8,84,0,5.6
2017-01-25T08:00,18.8,69,1,4.1
2017-01-25T09:00,22.3,56,0,5.8
2017-01-25T10:00,24.3,45,0,9.4
2017-01-25T11:00,25.4,40,0,11.2
2017-01-25T12:00,26.2,37,0,9.7
2017-01-25T13:00,26.7,35,0,9.4
2017-01-25T14:00,26.8,35,0,9.0
2017-01-25T15:00,26.5,36,0,8.0
2017-01-25T16:00,25.5,41,0,5.5
2017-01-25T17:00,21.0,58,0,8.7
2017-01-25T18:00,19.9,60,0,7.6
2017-01-25T19:00,19.5,61,0,7.6
2017-01-25T20:00,18.5,65,0,9.7
2017-01-25T21:00,17.8,68,0,11.2
2017-01-25T22:00,17.3,69,0,11.9
2017-01-25T23:00,16.7,71,0,11.6
2017-01-26T00:00,16.2,74,0,9.7
2017-01-26T01:00,15.4,79,0,7.7
2017-01-26T02:00,14.9,83,0,7.2
2017-01-26T03:00,14.6,84,0,7.8
2017-01-26T04:00,14.0,86,0,6.6
2017-01-26T05:00,13.1,93,0,6.0
2017-01-26T06:00,12.4,94,0,6.3
2017-01-26T07:00,15.4,82,0,3.3
2017-01-26T08:00,19.5,69,0,1.9
2017-01-26T09:00,22.3,61,0,2.3
2017-01-26T10:00,24.2,53,0,3.1
2017-01-26T11:00,25.5,48,2,1.3
2017-01-26T12:00,26.4,44,39,0.4
2017-01-26T13:00,27.0,41,46,0.7
2017-01-26T14:00,27.2,40,32,2.3
2017-01-26T15:00,27.0,40,29,4.2
2017-01-26T16:00,26.2,44,100,3.6
2017-01-26T17:00,25.2,45,93,2.6
2017-01-26T18:00,23.1,54,72,2.7
2017-01-26T19:00,20.3,66,96,6.4
2017-01-26T20:00,20.0,68,100,8.4
2017-01-26T21:00,20.7,65,100,8.7
2017-01-26T22:00,21.2,62,96,5.8
2017-01-26T23:00,21.6,59,68,3.1
2017-01-27T00:00,21.5,59,100,2.6
2017-01-27T01:00,19.6,67,100,2.6
2017-01-27T02:00,19.0,70,100,4.8
2017-01-27T03:00,18.9,71,92,5.5
2017-01-27T04:00,18.0,72,91,5.6
2017-01-27T05:00,16.7,84,89,0.8
2017-01-27T06:00,16.5,83,13,3.2
2017-01-27T07:00,18.9,74,61,7.2
2017-01-27T08:00,21.1,65,100,5.8
2017-01-27T09:00,21.0,66,96,2.5
2017-01-27T10:00,22.3,60,100,5.3
2017-01-27T11:00,22.6,59,82,5.7
2017-01-27T12:00,26.1,46,81,7.7
2017-01-27T13:00,26.8,41,96,8.3
2017-01-27T14:00,25.7,45,51,5.9
2017-01-27T15:00,26.4,43,29,5.0
2017-01-27T16:00,26.0,48,39,2.3
2017-01-27T17:00,23.5,53,46,6.5
2017-01-27T18:00,22.7,57,3,10.7
2017-01-27T19:00,22.0,61,12,10.1
2017-01-27T20:00,20.5,67,26,4.9
2017-01-27T21:00,20.0,71,27,8.8
2017-01-27T22:00,19.5,75,10,8.7
2017-01-27T23:00,18.9,76,17,12.0
2017-01-28T00:00,19.1,72,24,14.1
2017-01-28T01:00,18.7,77,4,14.5
2017-01-28T02:00,17.8,83,18,23.7
2017-01-28T03:00,16.6,83,34,21.1
2017-01-28T04:00,16.4,82,34,17.8
2017-01-28T05:00,16.0,81,37,15.3
2017-01-28T06:00,16.0,84,24,15.2
2017-01-28T07:00,17.2,84,44,14.5
2017-01-28T08:00,18.9,71,20,14.0
2017-01-28T09:00,20.5,59,12,13.2
2017-01-28T10:00,22.1,49,1,14.6
2017-01-28T11:00,23.8,38,0,16.6
2017-01-28T12:00,24.3,34,0,18.1
2017-01-28T13:00,24.4,34,0,18.4
2017-01-28T14:00,24.1,35,0,18.5
2017-01-28T15:00,23.6,37,0,18.0
2017-01-28T16:00,22.4,41,0,15.5
2017-01-28T17:00,19.8,51,0,8.4
2017-01-28T18:00,18.6,55,0,12.0
2017-01-28T19:00,18.0,58,0,14.2
2017-01-28T20:00,17.5,60,0,15.2
2017-01-28T21:00,16.7,64,0,13.9
2017-01-28T22:00,16.1,67,0,11.6
2017-01-28T23:00,15.3,72,0,7.6
2017-01-29T00:00,14.0,79,0,6.4
2017-01-29T01:00,13.9,78,0,7.2
2017-01-29T02:00,13.8,79,0,8.0
2017-01-29T03:00,13.4,80,0,7.9
2017-01-29T04:00,12.9,83,0,7.1
2017-01-29T05:00,12.5,91,0,7.0
2017-01-29T06:00,12.6,90,0,6.6
2017-01-29T07:00,15.0,78,0,6.8
2017-01-29T08:00,17.6,67,0,6.4
2017-01-29T09:00,19.7,59,0,6.8
2017-01-29T10:00,21.5,51,0,7.4
2017-01-29T11:00,22.9,46,0,9.6
2017-01-29T12:00,24.0,43,0,9.9
2017-01-29T13:00,24.8,39,0,10.0
2017-01-29T14:00,25.1,37,0,8.9
2017-01-29T15:00,24.9,37,0,8.6
2017-01-29T16:00,24.2,38,0,8.3
2017-01-29T17:00,20.9,50,0,6.5
2017-01-29T18:00,20.1,51,0,11.9
2017-01-29T19:00,19.5,54,0,11.7
2017-01-29T20:00,18.5,60,0,12.0
2017-01-29T21:00,17.5,66,0,11.5
2017-01-29T22:00,16.7,71,0,9.8
2017-01-29T23:00,15.7,77,0,6.4
2017-01-30T00:00,14.5,84,0,4.9
2017-01-30T01:00,14.1,86,0,5.9
2017-01-30T02:00,13.8,88,0,6.3
2017-01-30T03:00,13.1,92,0,5.0
2017-01-30T04:00,12.3,94,0,7.6
2017-01-30T05:00,12.1,95,0,5.4
2017-01-30T06:00,11.9,96,0,6.1
2017-01-30T07:00,14.6,84,0,4.8
2017-01-30T08:00,17.9,70,0,4.5
2017-01-30T09:00,20.3,61,0,5.0
2017-01-30T10:00,22.0,53,0,7.5
2017-01-30T11:00,23.6,46,0,8.2
2017-01-30T12:00,24.8,41,0,9.5
2017-01-30T13:00,25.6,37,0,10.2
2017-01-30T14:00,25.9,35,0,12.0
2017-01-30T15:00,25.6,35,0,13.5
2017-01-30T16:00,24.5,36,0,12.1
2017-01-30T17:00,21.7,45,0,9.3
2017-01-30T18:00,20.4,48,0,12.1
2017-01-30T19:00,19.4,52,0,12.7
2017-01-30T20:00,18.4,57,0,12.7
2017-01-30T21:00,17.3,64,0,11.4
2017-01-30T22:00,16.0,71,0,7.2
2017-01-30T23:00,14.0,82,0,8.9
2017-01-31T00:00,13.5,86,0,6.5
2017-01-31T01:00,13.3,88,0,6.2
2017-01-31T02:00,12.8,91,0,7.0
2017-01-31T03:00,11.9,94,0,5.2
2017-01-31T04:00,11.0,95,0,6.5
2017-01-31T05:00,11.0,97,0,4.8
2017-01-31T06:00,10.8,97,0,5.5
2017-01-31T07:00,14.0,85,0,6.4
2017-01-31T08:00,17.2,73,0,5.9
2017-01-31T09:00,19.8,63,0,5.5
2017-01-31T10:00,21.8,53,0,6.6
2017-01-31T11:00,23.6,45,0,8.0
2017-01-31T12:00,24.8,41,0,8.2
2017-01-31T13:00,25.7,37,0,7.6
2017-01-31T14:00,26.0,35,0,7.0
2017-01-31T15:00,25.9,34,0,6.0
2017-01-31T16:00,25.2,36,0,4.2
2017-01-31T17:00,20.8,52,0,7.2
2017-01-31T18:00,20.2,49,0,11.2
2017-01-31T19:00,19.6,47,0,11.9
2017-01-31T20:00,18.5,51,0,14.1
2017-01-31T21:00,17.2,61,0,13.0
2017-01-31T22:00,16.4,67,0,11.5
2017-01-31T23:00,15.7,71,0,7.6
2017-02-01T00:00,14.6,76,0,5.9
2017-02-01T01:00,13.4,83,0,8.6
2017-02-01T02:00,13.7,80,0,6.2
2017-02-01T03:00,13.9,79,0,3.9
2017-02-01T04:00,12.7,86,0,2.9
2017-02-01T05:00,12.3,90,0,2.5
2017-02-01T06:00,13.2,87,0,3.3
2017-02-01T07:00,14.8,80,0,3.3
2017-02-01T08:00,17.7,69,0,3.3
2017-02-01T09:00,20.4,61,0,3.7
2017-02-01T10:00,22.4,53,0,4.7
2017-02-01T11:00,23.6,48,0,5.0
2017-02-01T12:00,24.5,46,0,4.4
2017-02-01T13:00,25.1,44,1,5.4
2017-02-01T14:00,25.3,43,2,6.5
2017-02-01T15:00,25.1,42,9,7.3
2017-02-01T16:00,24.4,43,1,6.9
2017-02-01T17:00,21.5,53,0,8.1
2017-02-01T18:00,20.0,57,0,7.6
2017-02-01T19:00,19.1,61,0,8.3
2017-02-01T20:00,18.2,65,0,10.5
2017-02-01T21:00,17.1,70,0,11.1
2017-02-01T22:00,16.3,74,0,11.0
2017-02-01T23:00,15.8,76,0,9.7
2017-02-02T00:00,15.3,79,0,9.7
2017-02-02T01:00,14.9,81,0,9.7
2017-02-02T02:00,13.6,88,0,6.8
2017-02-02T03:00,12.6,92,0,8.7
2017-02-02T04:00,13.0,89,0,6.4
2017-02-02T05:00,12.0,95,0,4.7
2017-02-02T06:00,11.9,95,0,3.9
2017-02-02T07:00,15.0,83,0,4.4
2017-02-02T08:00,18.2,72,0,3.6
2017-02-02T09:00,20.7,62,0,2.8
2017-02-02T10:00,22.5,53,0,3.2
2017-02-02T11:00,23.9,46,0,4.1
2017-02-02T12:00,24.9,42,4,5.6
2017-02-02T13:00,25.6,39,46,9.6
2017-02-02T14:00,26.2,36,8,8.8
2017-02-02T15:00,26.0,35,0,9.8
2017-02-02T16:00,24.6,40,0,14.2
2017-02-02T17:00,21.2,50,0,10.9
2017-02-02T18:00,20.0,52,0,12.2
2017-02-02T19:00,19.0,53,0,13.4
2017-02-02T20:00,17.8,57,0,12.7
2017-02-02T21:00,16.7,63,0,11.6
2017-02-02T22:00,15.7,68,0,8.7
2017-02-02T23:00,14.9,72,0,7.8
2017-02-03T00:00,14.3,75,0,6.9
2017-02-03T01:00,13.5,79,0,6.3
2017-02-03T02:00,13.2,79,0,6.8
2017-02-03T03:00,13.0,79,0,7.4
2017-02-03T04:00,12.7,81,0,7.0
2017-02-03T05:00,11.0,94,0,6.5
2017-02-03T06:00,10.9,94,0,5.9
2017-02-03T07:00,14.2,79,0,6.8
2017-02-03T08:00,18.1,64,0,7.5
2017-02-03T09:00,20.6,54,0,9.8
2017-02-03T10:00,22.0,49,2,9.6
2017-02-03T11:00,23.1,46,2,8.1
2017-02-03T12:00,24.0,44,0,7.3
2017-02-03T13:00,24.7,42,0,7.0
2017-02-03T14:00,24.9,42,0,7.7
2017-02-03T15:00,24.8,42,1,8.4
2017-02-03T16:00,24.1,44,0,8.4
2017-02-03T17:00,20.1,61,0,8.6
2017-02-03T18:00,19.8,61,0,7.6
2017-02-03T19:00,19.1,64,0,11.2
2017-02-03T20:00,18.4,67,0,12.3
2017-02-03T21:00,17.7,70,0,12.6
2017-02-03T22:00,17.2,74,0,12.7
2017-02-03T23:00,16.3,79,0,11.6
2017-02-04T00:00,15.6,82,0,10.8
2017-02-04T01:00,14.7,87,0,7.2
2017-02-04T02:00,13.1,93,0,8.4
2017-02-04T03:00,12.6,94,0,7.2
2017-02-04T04:00,12.5,94,0,5.4
2017-02-04T05:00,12.4,95,0,4.8
2017-02-04T06:00,12.4,95,0,4.8
2017-02-04T07:00,15.4,82,41,6.6
2017-02-04T08:00,19.1,69,60,5.6
2017-02-04T09:00,21.6,57,84,7.9
2017-02-04T10:00,23.1,50,91,7.2
2017-02-04T11:00,24.1,47,8,6.1
2017-02-04T12:00,25.0,44,0,5.4
2017-02-04T13:00,25.6,41,0,5.8
2017-02-04T14:00,25.8,40,7,6.5
2017-02-04T15:00,25.7,41,74,6.2
2017-02-04T16:00,25.0,43,2,5.7
2017-02-04T17:00,22.0,57,0,7.1
2017-02-04T18:00,19.8,67,5,8.1
2017-02-04T19:00,18.9,69,23,6.9
2017-02-04T20:00,18.5,71,9,5.2
2017-02-04T21:00,18.0,75,87,9.0
2017-02-04T22:00,17.5,78,0,8.9
2017-02-04T23:00,17.1,80,0,9.6
2017-02-05T00:00,16.6,83,0,8.2
2017-02-05T01:00,16.3,84,0,8.9
2017-02-05T02:00,15.7,87,0,7.6
2017-02-05T03:00,15.1,90,0,6.8
2017-02-05T04:00,14.4,93,0,5.8
2017-02-05T05:00,14.8,93,0,7.2
2017-02-05T06:00,14.3,94,0,5.2
2017-02-05T07:00,16.9,83,0,5.0
2017-02-05T08:00,19.9,72,31,2.0
2017-02-05T09:00,22.5,62,29,1.6
2017-02-05T10:00,24.3,52,35,2.2
2017-02-05T11:00,25.4,48,13,1.4
2017-02-05T12:00,26.2,45,16,0.8
2017-02-05T13:00,26.7,43,11,1.4
2017-02-05T14:00,26.9,43,60,1.8
2017-02-05T15:00,26.7,43,4,1.8
2017-02-05T16:00,26.1,44,0,3.0
2017-02-05T17:00,25.0,47,0,4.0
2017-02-05T18:00,21.9,58,0,5.6
2017-02-05T19:00,20.1,65,0,7.0
2017-02-05T20:00,19.4,67,0,8.6
2017-02-05T21:00,20.3,61,0,6.9
2017-02-05T22:00,20.9,56,0,2.6
2017-02-05T23:00,18.1,68,0,3.1
2017-02-06T00:00,16.2,77,0,6.1
2017-02-06T01:00,15.7,79,0,5.0
2017-02-06T02:00,16.3,76,10,4.3
2017-02-06T03:00,14.8,86,54,2.9
2017-02-06T04:00,13.9,92,18,2.5
2017-02-06T05:00,13.9,94,4,4.7
2017-02-06T06:00,14.0,93,0,5.2
2017-02-06T07:00,16.8,80,0,4.0
2017-02-06T08:00,20.8,66,0,0.7
2017-02-06T09:00,23.3,57,0,4.0
2017-02-06T10:00,25.1,51,0,6.6
2017-02-06T11:00,26.4,45,0,6.2
2017-02-06T12:00,27.5,39,0,5.2
2017-02-06T13:00,28.2,35,0,5.8
2017-02-06T14:00,28.3,35,0,5.4
2017-02-06T15:00,28.4,36,0,3.4
2017-02-06T16:00,27.9,36,3,6.8
2017-02-06T17:00,24.0,47,0,6.4
2017-02-06T18:00,22.4,49,0,6.6
2017-02-06T19:00,21.7,51,4,7.2
2017-02-06T20:00,21.7,52,3,12.3
2017-02-06T21:00,20.7,56,1,10.7
2017-02-06T22:00,19.4,61,0,8.9
2017-02-06T23:00,18.5,65,0,7.9
2017-02-07T00:00,18.1,68,0,6.6
2017-02-07T01:00,17.7,71,0,8.0
2017-02-07T02:00,17.7,72,0,9.5
2017-02-07T03:00,17.6,74,0,9.8
2017-02-07T04:00,16.8,79,0,8.4
2017-02-07T05:00,16.9,84,0,9.5
2017-02-07T06:00,16.9,84,0,9.1
2017-02-07T07:00,19.6,73,0,11.8
2017-02-07T08:00,22.2,64,0,13.8
2017-02-07T09:00,24.0,56,0,15.5
2017-02-07T10:00,25.6,45,1,15.5
2017-02-07T11:00,26.7,40,0,14.9
2017-02-07T12:00,27.5,38,0,14.4
2017-02-07T13:00,28.0,35,0,13.8
2017-02-07T14:00,28.2,34,0,13.4
2017-02-07T15:00,28.0,33,0,12.8
2017-02-07T16:00,27.0,35,0,11.7
2017-02-07T17:00,23.6,44,0,9.3
2017-02-07T18:00,22.0,47,0,11.2
2017-02-07T19:00,21.0,49,0,12.4
2017-02-07T20:00,19.9,54,0,10.6
2017-02-07T21:00,18.7,59,0,10.7
2017-02-07T22:00,18.3,61,0,12.9
2017-02-07T23:00,17.9,60,0,11.7
2017-02-08T00:00,16.0,67,0,7.8
2017-02-08T01:00,15.6,68,0,6.8
2017-02-08T02:00,13.5,79,0,8.0
2017-02-08T03:00,12.8,82,0,7.9
2017-02-08T04:00,12.2,84,0,7.7
2017-02-08T05:00,12.4,91,0,5.1
2017-02-08T06:00,12.3,90,0,5.4
2017-02-08T07:00,15.6,72,0,5.7
2017-02-08T08:00,19.2,56,0,5.5
2017-02-08T09:00,21.9,44,0,7.9
2017-02-08T10:00,24.0,38,0,8.3
2017-02-08T11:00,25.7,33,0,8.2
2017-02-08T12:00,26.9,30,0,8.5
2017-02-08T13:00,27.6,28,0,8.9
2017-02-08T14:00,27.9,27,0,9.7
2017-02-08T15:00,27.7,26,0,10.1
2017-02-08T16:00,26.6,28,0,9.6
2017-02-08T17:00,23.1,36,0,8.3
2017-02-08T18:00,21.6,35,0,10.4
2017-02-08T19:00,20.4,37,0,10.5
2017-02-08T20:00,19.0,42,0,9.8
2017-02-08T21:00,17.5,47,0,7.3
2017-02-08T22:00,16.4,52,0,7.0
2017-02-08T23:00,15.1,56,0,6.0
2017-02-09T00:00,14.6,58,0,7.1
2017-02-09T01:00,14.2,61,0,7.2
2017-02-09T02:00,13.8,62,0,6.4
2017-02-09T03:00,12.8,68,0,8.0
2017-02-09T04:00,13.6,63,0,4.8
2017-02-09T05:00,12.8,71,0,3.8
2017-02-09T06:00,12.5,74,0,4.7
2017-02-09T07:00,16.0,60,0,5.4
2017-02-09T08:00,19.7,48,0,4.2
2017-02-09T09:00,22.4,41,0,4.1
2017-02-09T10:00,24.5,36,0,3.3
2017-02-09T11:00,26.2,33,0,3.4
2017-02-09T12:00,27.5,31,0,5.2
2017-02-09T13:00,28.5,28,0,7.8
2017-02-09T14:00,29.1,25,0,12.0
2017-02-09T15:00,28.4,28,0,14.3
2017-02-09T16:00,27.4,30,0,10.2
2017-02-09T17:00,23.3,43,0,7.4
2017-02-09T18:00,21.9,45,0,7.1
2017-02-09T19:00,20.7,49,0,7.2
2017-02-09T20:00,19.6,52,0,8.4
2017-02-09T21:00,18.9,55,0,9.0
2017-02-09T22:00,18.0,59,0,5.8
2017-02-09T23:00,17.0,67,1,4.6
2017-02-10T00:00,16.0,71,0,6.7
2017-02-10T01:00,16.3,68,0,5.8
2017-02-10T02:00,16.3,68,1,9.0
2017-02-10T03:00,16.5,67,3,8.0
2017-02-10T04:00,16.0,69,2,6.8
2017-02-10T05:00,15.6,74,0,7.2
2017-02-10T06:00,16.7,69,9,8.7
2017-02-10T07:00,19.3,61,18,7.7
2017-02-10T08:00,21.9,52,13,6.9
2017-02-10T09:00,23.8,45,5,6.1
2017-02-10T10:00,25.8,39,9,6.9
2017-02-10T11:00,27.0,37,6,6.9
2017-02-10T12:00,27.7,35,5,6.6
2017-02-10T13:00,28.3,35,3,7.2
2017-02-10T14:00,28.4,35,1,8.9
2017-02-10T15:00,28.0,36,1,9.0
2017-02-10T16:00,27.0,38,0,9.2
2017-02-10T17:00,24.3,46,0,10.8
2017-02-10T18:00,22.7,48,0,13.1
2017-02-10T19:00,21.6,51,0,11.3
2017-02-10T20:00,20.6,55,0,12.4
2017-02-10T21:00,19.8,57,3,12.0
2017-02-10T22:00,19.2,59,0,10.4
2017-02-10T23:00,17.8,65,4,5.8
2017-02-11T00:00,17.6,66,6,5.8
2017-02-11T01:00,17.6,65,6,9.8
2017-02-11T02:00,17.0,67,10,10.1
2017-02-11T03:00,17.1,66,0,13.3
2017-02-11T04:00,16.7,66,0,12.2
2017-02-11T05:00,15.9,72,0,9.4
2017-02-11T06:00,15.8,71,0,8.0
2017-02-11T07:00,17.6,62,12,7.2
2017-02-11T08:00,20.4,48,5,7.2
2017-02-11T09:00,22.8,41,7,6.2
2017-02-11T10:00,24.3,40,25,4.2
2017-02-11T11:00,25.6,40,59,3.3
2017-02-11T12:00,26.5,39,55,3.4
2017-02-11T13:00,27.1,39,30,4.2
2017-02-11T14:00,27.5,39,10,5.0
2017-02-11T15:00,27.3,39,20,5.0
2017-02-11T16:00,26.6,41,22,7.1
2017-02-11T17:00,24.6,46,38,8.0
2017-02-11T18:00,22.8,52,17,8.4
2017-02-11T19:00,22.1,54,18,10.9
2017-02-11T20:00,21.6,56,4,10.6
2017-02-11T21:00,20.6,61,2,7.9
2017-02-11T22:00,19.7,67,0,7.6
2017-02-11T23:00,18.9,72,0,7.4
2017-02-12T00:00,18.3,73,0,10.4
2017-02-12T01:00,17.7,72,7,10.8
2017-02-12T02:00,17.2,72,62,9.8
2017-02-12T03:00,16.9,71,14,10.9
2017-02-12T04:00,16.8,70,2,12.0
2017-02-12T05:00,16.3,71,8,11.6
2017-02-12T06:00,16.6,68,3,10.5
2017-02-12T07:00,18.6,60,9,8.9
2017-02-12T08:00,21.4,52,5,7.1
2017-02-12T09:00,23.6,48,2,7.4
2017-02-12T10:00,25.2,46,3,6.5
2017-02-12T11:00,26.4,45,2,4.7
2017-02-12T12:00,27.2,44,22,3.4
2017-02-12T13:00,27.5,44,66,5.0
2017-02-12T14:00,26.2,50,50,9.1
2017-02-12T15:00,26.2,47,84,4.7
2017-02-12T16:00,25.4,50,97,4.9
2017-02-12T17:00,24.2,57,87,4.8
2017-02-12T18:00,22.9,60,7,6.1
2017-02-12T19:00,22.2,61,13,5.9
2017-02-12T20:00,21.4,65,17,5.4
2017-02-12T21:00,20.9,66,39,5.1
2017-02-12T22:00,21.1,66,73,6.9
2017-02-12T23:00,19.9,71,22,4.8
2017-02-13T00:00,19.7,73,40,4.5
2017-02-13T01:00,18.9,78,31,2.2
2017-02-13T02:00,19.2,73,35,6.1
2017-02-13T03:00,18.5,75,29,4.7
2017-02-13T04:00,18.1,75,24,5.9
2017-02-13T05:00,18.5,81,31,6.3
2017-02-13T06:00,17.6,84,2,6.6
2017-02-13T07:00,19.9,74,0,6.6
2017-02-13T08:00,23.2,61,0,5.5
2017-02-13T09:00,25.0,56,0,2.6
2017-02-13T10:00,26.6,51,0,1.3
2017-02-13T11:00,27.7,45,27,3.1
2017-02-13T12:00,28.2,43,26,4.7
2017-02-13T13:00,28.4,41,25,5.0
2017-02-13T14:00,28.7,40,24,5.9
2017-02-13T15:00,28.6,36,54,7.1
2017-02-13T16:00,27.6,41,25,7.1
2017-02-13T17:00,25.5,52,33,5.5
2017-02-13T18:00,24.4,53,18,8.3
2017-02-13T19:00,23.6,54,8,9.4
2017-02-13T20:00,23.2,55,4,10.5
2017-02-13T21:00,22.0,62,5,11.2
2017-02-13T22:00,20.8,69,10,7.6
2017-02-13T23:00,20.0,74,14,5.4
2017-02-14T00:00,19.5,76,19,5.4
2017-02-14T01:00,19.5,77,34,6.9
2017-02-14T02:00,19.2,78,19,8.3
2017-02-14T03:00,19.2,78,24,11.6
2017-02-14T04:00,19.3,77,9,12.6
2017-02-14T05:00,19.4,75,4,11.2
2017-02-14T06:00,19.0,73,12,9.4
2017-02-14T07:00,20.7,65,4,7.7
2017-02-14T08:00,23.4,52,2,7.4
2017-02-14T09:00,25.5,43,0,10.0
2017-02-14T10:00,27.0,41,0,9.2
2017-02-14T11:00,27.9,39,0,9.3
2017-02-14T12:00,28.8,36,58,10.2
2017-02-14T13:00,28.9,35,61,11.3
2017-02-14T14:00,28.8,33,73,10.8
2017-02-14T15:00,28.7,34,20,11.5
2017-02-14T16:00,28.1,35,26,12.2
2017-02-14T17:00,25.8,41,0,9.8
2017-02-14T18:00,24.3,45,1,12.0
2017-02-14T19:00,23.4,47,0,14.8
2017-02-14T20:00,22.2,51,0,15.1
2017-02-14T21:00,21.1,54,0,14.8
2017-02-14T22:00,20.2,58,0,13.3
2017-02-14T23:00,19.3,60,0,10.1
2017-02-15T00:00,17.5,70,0,9.1
2017-02-15T01:00,17.3,70,0,6.1
2017-02-15T02:00,16.4,73,0,4.9
2017-02-15T03:00,15.8,76,0,4.7
2017-02-15T04:00,15.7,77,0,4.5
2017-02-15T05:00,15.1,85,0,4.7
2017-02-15T06:00,15.2,84,0,4.6
2017-02-15T07:00,18.6,70,0,6.2
2017-02-15T08:00,22.1,56,0,4.8
2017-02-15T09:00,24.4,47,0,3.4
2017-02-15T10:00,25.8,41,0,3.4
2017-02-15T11:00,26.9,37,0,3.5
2017-02-15T12:00,27.7,34,1,5.7
2017-02-15T13:00,28.3,32,58,6.4
2017-02-15T14:00,28.4,30,83,5.3
2017-02-15T15:00,28.2,30,74,4.7
2017-02-15T16:00,27.5,30,52,6.7
2017-02-15T17:00,24.0,44,95,7.6
2017-02-15T18:00,23.6,39,96,12.2
2017-02-15T19:00,23.3,36,95,9.4
2017-02-15T20:00,22.6,41,83,16.2
2017-02-15T21:00,21.0,51,0,12.7
2017-02-15T22:00,19.8,56,0,10.5
2017-02-15T23:00,19.0,58,0,8.6
2017-02-16T00:00,18.3,61,0,8.7
2017-02-16T01:00,17.9,62,0,9.8
2017-02-16T02:00,17.5,65,0,8.4
2017-02-16T03:00,16.0,74,0,8.2
2017-02-16T04:00,17.1,68,0,3.3
2017-02-16T05:00,15.0,83,0,6.0
2017-02-16T06:00,15.3,82,0,3.5
2017-02-16T07:00,18.1,68,0,5.5
2017-02-16T08:00,21.8,54,0,5.6
2017-02-16T09:00,24.2,44,0,3.0
2017-02-16T10:00,25.9,36,0,4.8
2017-02-16T11:00,27.0,31,0,5.8
2017-02-16T12:00,27.8,28,15,8.0
2017-02-16T13:00,28.2,28,0,7.9
2017-02-16T14:00,28.5,27,0,7.3
2017-02-16T15:00,28.3,26,6,7.9
2017-02-16T16:00,27.5,29,0,7.9
2017-02-16T17:00,25.2,37,0,9.9
2017-02-16T18:00,23.5,41,0,12.0
2017-02-16T19:00,22.5,41,0,14.8
2017-02-16T20:00,21.1,45,0,12.4
2017-02-16T21:00,20.0,51,0,12.3
2017-02-16T22:00,19.3,55,0,12.4
2017-02-16T23:00,18.7,58,0,10.8
2017-02-17T00:00,18.0,61,0,7.9
2017-02-17T01:00,17.8,62,0,10.4
2017-02-17T02:00,17.3,64,0,10.1
2017-02-17T03:00,16.8,66,0,7.6
2017-02-17T04:00,15.3,74,0,6.8
2017-02-17T05:00,15.5,78,0,6.1
2017-02-17T06:00,15.7,77,0,4.4
2017-02-17T07:00,18.7,66,0,5.4
2017-02-17T08:00,22.1,54,0,3.7
2017-02-17T09:00,24.5,44,0,2.9
2017-02-17T10:00,26.0,38,0,2.1
2017-02-17T11:00,27.0,35,0,2.9
2017-02-17T12:00,27.7,34,0,2.1
2017-02-17T13:00,28.2,33,0,2.1
2017-02-17T14:00,28.4,32,0,2.6
2017-02-17T15:00,28.2,32,0,2.6
2017-02-17T16:00,27.7,33,0,3.4
2017-02-17T17:00,25.5,41,0,5.4
2017-02-17T18:00,25.5,37,0,3.9
2017-02-17T19:00,22.8,45,0,7.6
2017-02-17T20:00,21.5,54,0,9.2
2017-02-17T21:00,20.7,56,0,9.1
2017-02-17T22:00,20.6,54,0,11.5
2017-02-17T23:00,20.0,55,0,12.7
2017-02-18T00:00,19.3,60,0,13.3
2017-02-18T01:00,19.0,62,0,12.2
2017-02-18T02:00,18.4,64,0,8.4
2017-02-18T03:00,17.8,66,0,9.1
2017-02-18T04:00,17.7,67,0,8.3
2017-02-18T05:00,17.1,77,0,6.8
2017-02-18T06:00,17.0,78,0,5.2
2017-02-18T07:00,19.6,68,0,5.1
2017-02-18T08:00,22.6,59,0,3.8
2017-02-18T09:00,24.7,54,0,2.9
2017-02-18T10:00,26.6,50,0,3.4
2017-02-18T11:00,28.0,45,0,4.8
2017-02-18T12:00,29.1,40,21,6.2
2017-02-18T13:00,29.4,38,33,4.9
2017-02-18T14:00,29.2,37,37,2.9
2017-02-18T15:00,28.8,37,65,2.4
2017-02-18T16:00,28.5,38,62,1.0
2017-02-18T17:00,26.6,50,24,4.6
2017-02-18T18:00,25.1,50,7,6.4
2017-02-18T19:00,24.6,53,40,9.4
2017-02-18T20:00,24.8,53,20,8.4
2017-02-18T21:00,23.0,60,7,7.2
2017-02-18T22:00,22.0,63,9,15.2
2017-02-18T23:00,21.5,65,19,13.0
2017-02-19T00:00,20.8,67,35,10.7
2017-02-19T01:00,20.4,69,28,12.4
2017-02-19T02:00,20.0,72,19,10.3
2017-02-19T03:00,19.8,74,19,9.8
2017-02-19T04:00,19.0,78,9,8.8
2017-02-19T05:00,18.4,88,7,7.7
2017-02-19T06:00,18.5,88,2,6.0
2017-02-19T07:00,20.4,79,1,6.3
2017-02-19T08:00,22.9,69,1,5.1
2017-02-19T09:00,25.1,60,1,3.3
2017-02-19T10:00,27.0,54,1,2.6
2017-02-19T11:00,28.5,49,3,2.7
2017-02-19T12:00,29.5,45,38,0.8
2017-02-19T13:00,30.1,42,63,3.0
2017-02-19T14:00,30.1,41,57,6.3
2017-02-19T15:00,29.8,40,92,7.4
2017-02-19T16:00,29.3,42,86,5.7
2017-02-19T17:00,27.1,53,17,5.4
2017-02-19T18:00,25.8,55,14,5.8
2017-02-19T19:00,23.8,65,21,6.5
2017-02-19T20:00,24.0,57,23,10.9
2017-02-19T21:00,22.8,63,9,9.4
2017-02-19T22:00,21.7,66,0,7.9
2017-02-19T23:00,20.7,70,0,6.6
2017-02-20T00:00,19.6,75,0,5.4
2017-02-20T01:00,18.9,79,0,4.0
2017-02-20T02:00,18.3,82,0,4.6
2017-02-20T03:00,18.3,81,1,5.4
2017-02-20T04:00,18.5,79,1,8.3
2017-02-20T05:00,18.2,85,5,6.2
2017-02-20T06:00,18.5,82,4,6.5
2017-02-20T07:00,20.8,73,3,7.9
2017-02-20T08:00,23.6,62,0,9.3
2017-02-20T09:00,25.9,54,0,11.1
2017-02-20T10:00,27.7,47,2,12.0
2017-02-20T11:00,29.1,40,3,12.3
2017-02-20T12:00,29.8,39,5,13.7
2017-02-20T13:00,30.6,36,9,13.1
2017-02-20T14:00,31.6,30,5,13.0
2017-02-20T15:00,31.7,25,0,16.3
2017-02-20T16:00,30.6,26,0,14.8
2017-02-20T17:00,27.4,35,0,8.1
2017-02-20T18:00,24.9,42,0,7.6
2017-02-20T19:00,23.5,48,0,6.2
2017-02-20T20:00,22.1,54,1,6.1
2017-02-20T21:00,21.4,56,0,6.4
2017-02-20T22:00,20.5,60,0,8.5
2017-02-20T23:00,20.5,58,0,8.9
2017-02-21T00:00,21.3,51,0,7.7
2017-02-21T01:00,20.2,55,0,10.3
2017-02-21T02:00,18.8,59,0,7.4
2017-02-21T03:00,18.3,61,0,6.5
2017-02-21T04:00,18.7,60,0,8.2
2017-02-21T05:00,19.3,61,0,8.3
2017-02-21T06:00,19.7,59,0,8.7
2017-02-21T07:00,23.0,50,0,10.6
2017-02-21T08:00,26.0,40,0,9.9
2017-02-21T09:00,28.8,35,0,9.8
2017-02-21T10:00,31.7,30,0,11.5
2017-02-21T11:00,33.9,24,0,14.6
2017-02-21T12:00,34.7,22,0,15.0
2017-02-21T13:00,35.2,21,0,14.5
2017-02-21T14:00,35.3,20,8,15.3
2017-02-21T15:00,35.0,20,26,15.1
2017-02-21T16:00,33.8,24,1,9.4
2017-02-21T17:00,32.8,24,5,4.7
2017-02-21T18:00,26.8,39,13,9.3
2017-02-21T19:00,26.5,36,5,10.5
2017-02-21T20:00,25.4,40,0,12.1
2017-02-21T21:00,23.9,48,0,8.7
2017-02-21T22:00,23.0,55,0,8.0
2017-02-21T23:00,20.8,66,0,7.1
2017-02-22T00:00,20.3,67,0,5.1
2017-02-22T01:00,20.2,67,0,7.6
2017-02-22T02:00,20.4,60,0,9.2
2017-02-22T03:00,20.3,56,0,9.0
2017-02-22T04:00,19.7,61,0,6.1
2017-02-22T05:00,19.7,67,0,6.2
2017-02-22T06:00,19.9,67,0,9.5
2017-02-22T07:00,23.1,57,0,11.1
2017-02-22T08:00,26.6,46,0,10.1
2017-02-22T09:00,29.0,39,0,8.5
2017-02-22T10:00,30.5,34,0,5.4
2017-02-22T11:00,31.5,31,0,4.8
2017-02-22T12:00,32.2,29,0,5.8
2017-02-22T13:00,32.6,28,0,6.2
2017-02-22T14:00,32.7,28,4,8.4
2017-02-22T15:00,32.3,29,16,11.9
2017-02-22T16:00,31.7,31,9,4.7
2017-02-22T17:00,28.9,38,16,7.6
2017-02-22T18:00,27.5,37,0,13.5
2017-02-22T19:00,26.5,40,0,16.2
2017-02-22T20:00,25.4,43,0,15.6
2017-02-22T21:00,24.4,47,0,16.5
2017-02-22T22:00,23.8,49,0,14.7
2017-02-22T23:00,22.9,51,0,10.8
2017-02-23T00:00,21.7,54,0,8.3
2017-02-23T01:00,20.4,55,0,7.1
2017-02-23T02:00,18.9,57,0,7.8
2017-02-23T03:00,18.1,57,0,7.7
2017-02-23T04:00,18.4,53,0,7.5
2017-02-23T05:00,18.0,56,0,8.4
2017-02-23T06:00,18.3,54,0,8.9
2017-02-23T07:00,20.8,45,0,9.4
2017-02-23T08:00,22.9,35,0,12.4
2017-02-23T09:00,25.2,27,0,14.9
2017-02-23T10:00,27.2,22,0,15.8
2017-02-23T11:00,28.6,20,0,17.2
2017-02-23T12:00,29.4,19,0,18.6
2017-02-23T13:00,29.9,18,0,18.8
2017-02-23T14:00,30.0,18,0,19.0
2017-02-23T15:00,29.5,18,0,18.0
2017-02-23T16:00,28.6,19,0,16.3
2017-02-23T17:00,25.9,25,0,11.6
2017-02-23T18:00,23.8,28,0,12.8
2017-02-23T19:00,22.8,30,0,13.4
2017-02-23T20:00,21.8,32,0,12.6
2017-02-23T21:00,20.6,34,0,11.1
2017-02-23T22:00,19.4,36,0,8.3
2017-02-23T23:00,19.1,39,0,9.0
2017-02-24T00:00,18.7,40,0,7.5
2017-02-24T01:00,17.5,42,0,10.1
2017-02-24T02:00,16.3,44,0,13.2
2017-02-24T03:00,17.1,39,0,9.0
2017-02-24T04:00,18.4,35,0,13.7
2017-02-24T05:00,17.9,38,0,14.1
2017-02-24T06:00,18.3,36,0,15.1
2017-02-24T07:00,20.7,32,0,13.5
2017-02-24T08:00,23.2,26,0,13.7
2017-02-24T09:00,25.0,22,0,16.7
2017-02-24T10:00,26.4,19,0,15.9
2017-02-24T11:00,27.7,17,0,14.7
2017-02-24T12:00,28.6,16,0,14.7
2017-02-24T13:00,29.2,15,0,15.5
2017-02-24T14:00,29.4,15,0,15.1
2017-02-24T15:00,29.2,14,0,14.1
2017-02-24T16:00,28.4,15,0,12.5
2017-02-24T17:00,24.4,24,0,6.9
2017-02-24T18:00,22.9,25,0,10.8
2017-02-24T19:00,21.7,25,0,11.8
2017-02-24T20:00,21.0,25,0,14.5
2017-02-24T21:00,20.2,28,0,13.5
2017-02-24T22:00,19.0,31,0,9.0
2017-02-24T23:00,17.7,33,0,8.1
2017-02-25T00:00,16.6,37,0,7.1
2017-02-25T01:00,14.9,43,0,10.0
2017-02-25T02:00,16.3,38,0,7.6
2017-02-25T03:00,14.8,44,0,6.6
2017-02-25T04:00,13.9,48,0,7.4
2017-02-25T05:00,13.5,55,0,7.1
2017-02-25T06:00,13.0,63,0,7.6
2017-02-25T07:00,17.0,44,0,4.3
2017-02-25T08:00,20.6,34,0,4.0
2017-02-25T09:00,23.1,29,0,5.9
2017-02-25T10:00,25.1,25,0,8.7
2017-02-25T11:00,26.7,21,0,10.2
2017-02-25T12:00,27.5,21,0,11.2
2017-02-25T13:00,28.0,20,0,10.9
2017-02-25T14:00,28.3,19,0,10.5
2017-02-25T15:00,28.3,19,0,10.5
2017-02-25T16:00,27.6,19,0,11.5
2017-02-25T17:00,24.8,25,0,9.3
2017-02-25T18:00,22.7,28,0,11.6
2017-02-25T19:00,21.4,29,0,11.3
2017-02-25T20:00,20.0,32,0,8.8
2017-02-25T21:00,18.8,35,0,8.7
2017-02-25T22:00,18.3,37,0,8.8
2017-02-25T23:00,16.6,44,0,9.5
2017-02-26T00:00,17.8,39,0,4.4
2017-02-26T01:00,15.2,50,0,5.3
2017-02-26T02:00,13.8,56,0,6.6
2017-02-26T03:00,13.3,59,0,7.4
2017-02-26T04:00,13.0,59,0,6.7
2017-02-26T05:00,13.3,60,0,7.2
2017-02-26T06:00,14.1,53,0,8.3
2017-02-26T07:00,17.6,44,0,7.7
2017-02-26T08:00,21.6,35,0,6.6
2017-02-26T09:00,24.9,29,0,7.9
2017-02-26T10:00,27.5,24,0,11.2
2017-02-26T11:00,28.9,22,0,12.8
2017-02-26T12:00,30.1,19,0,15.3
2017-02-26T13:00,30.4,19,0,19.4
2017-02-26T14:00,30.3,18,0,18.8
2017-02-26T15:00,29.7,19,0,18.9
2017-02-26T16:00,28.7,21,0,15.8
2017-02-26T17:00,26.0,26,0,9.5
2017-02-26T18:00,23.8,29,0,11.7
2017-02-26T19:00,22.2,34,0,9.0
2017-02-26T20:00,21.6,36,0,11.2
2017-02-26T21:00,20.7,38,0,11.6
2017-02-26T22:00,20.1,40,0,12.0
2017-02-26T23:00,18.1,49,0,10.8
2017-02-27T00:00,19.3,43,0,3.7
2017-02-27T01:00,16.1,56,0,8.0
2017-02-27T02:00,16.4,53,0,8.0
2017-02-27T03:00,15.1,58,0,9.0
2017-02-27T04:00,15.1,56,0,7.3
2017-02-27T05:00,15.7,58,0,8.5
2017-02-27T06:00,16.7,53,0,9.0
2017-02-27T07:00,20.3,44,0,9.5
2017-02-27T08:00,23.7,37,0,8.6
2017-02-27T09:00,26.1,31,0,7.9
2017-02-27T10:00,27.6,28,0,8.0
2017-02-27T11:00,28.7,26,0,9.8
2017-02-27T12:00,29.5,25,0,10.3
2017-02-27T13:00,30.2,23,0,9.7
2017-02-27T14:00,30.5,21,0,11.0
2017-02-27T15:00,30.2,20,0,12.5
2017-02-27T16:00,29.2,20,0,14.0
2017-02-27T17:00,26.6,25,0,10.9
2017-02-27T18:00,24.5,27,0,12.5
2017-02-27T19:00,23.1,28,0,12.8
2017-02-27T20:00,21.5,32,0,11.5
2017-02-27T21:00,20.2,37,0,11.6
2017-02-27T22:00,18.2,44,0,7.6
2017-02-27T23:00,19.3,41,0,4.0
2017-02-28T00:00,18.7,43,0,2.6
2017-02-28T01:00,15.8,52,0,5.7
2017-02-28T02:00,15.3,54,0,6.1
2017-02-28T03:00,15.2,54,0,4.5
2017-02-28T04:00,14.9,55,0,5.2
2017-02-28T05:00,15.2,60,0,5.8
2017-02-28T06:00,15.7,59,0,6.0
2017-02-28T07:00,20.2,47,0,5.4
2017-02-28T08:00,24.0,37,0,3.4
2017-02-28T09:00,26.1,29,0,2.5
2017-02-28T10:00,27.5,25,0,4.4
2017-02-28T11:00,28.5,24,0,4.6
2017-02-28T12:00,29.4,22,0,4.6
2017-02-28T13:00,30.0,20,0,5.1
2017-02-28T14:00,30.4,18,0,6.7
2017-02-28T15:00,30.3,18,0,8.1
2017-02-28T16:00,29.7,18,0,8.1
2017-02-28T17:00,26.9,28,0,5.5
2017-02-28T18:00,23.1,34,0,7.9
2017-02-28T19:00,23.2,28,0,9.6
2017-02-28T20:00,21.7,29,0,8.3
2017-02-28T21:00,19.8,35,0,6.9
2017-02-28T22:00,18.4,40,0,5.8
2017-02-28T23:00,17.5,45,0,7.2
2017-03-01T00:00,17.8,43,0,6.3
2017-03-01T01:00,16.7,48,0,8.0
2017-03-01T02:00,16.1,50,0,8.0
2017-03-01T03:00,15.7,52,0,7.6
2017-03-01T04:00,15.0,54,0,7.8
2017-03-01T05:00,14.4,61,0,6.1
2017-03-01T06:00,15.3,59,0,4.1
2017-03-01T07:00,19.8,46,0,4.4
2017-03-01T08:00,24.2,34,0,3.5
2017-03-01T09:00,27.2,29,0,3.7
2017-03-01T10:00,29.1,28,0,5.0
2017-03-01T11:00,30.6,25,0,9.0
2017-03-01T12:00,31.7,23,0,11.4
2017-03-01T13:00,32.1,23,0,12.2
2017-03-01T14:00,32.1,23,0,10.5
2017-03-01T15:00,32.0,23,0,10.1
2017-03-01T16:00,31.3,24,0,9.7
2017-03-01T17:00,28.4,29,0,7.9
2017-03-01T18:00,26.1,33,0,11.5
2017-03-01T19:00,25.2,34,0,12.6
2017-03-01T20:00,24.1,38,0,11.5
2017-03-01T21:00,23.1,41,0,13.3
2017-03-01T22:00,20.5,52,0,10.9
2017-03-01T23:00,21.9,46,0,2.2
2017-03-02T00:00,18.7,58,0,9.2
2017-03-02T01:00,19.0,54,0,5.8
2017-03-02T02:00,18.7,53,0,6.3
2017-03-02T03:00,18.3,56,0,6.5
2017-03-02T04:00,17.7,60,0,6.9
2017-03-02T05:00,16.8,69,0,8.6
2017-03-02T06:00,18.2,63,0,6.5
2017-03-02T07:00,22.2,50,0,8.0
2017-03-02T08:00,26.2,39,0,5.8
2017-03-02T09:00,29.0,32,0,5.9
2017-03-02T10:00,31.0,28,0,6.9
2017-03-02T11:00,32.4,25,0,6.3
2017-03-02T12:00,33.3,22,8,6.9
2017-03-02T13:00,33.8,22,5,7.9
2017-03-02T14:00,34.2,18,28,8.8
2017-03-02T15:00,33.9,19,38,7.6
2017-03-02T16:00,33.2,21,15,4.1
2017-03-02T17:00,28.6,35,6,8.4
2017-03-02T18:00,27.5,34,0,10.4
2017-03-02T19:00,26.1,36,5,7.8
2017-03-02T20:00,25.3,37,7,7.3
2017-03-02T21:00,24.8,38,11,7.1
2017-03-02T22:00,23.8,42,29,12.0
2017-03-02T23:00,23.0,49,27,8.9
2017-03-03T00:00,22.9,51,12,12.2
2017-03-03T01:00,22.3,53,7,12.2
2017-03-03T02:00,22.3,53,2,7.3
2017-03-03T03:00,20.8,59,1,4.0
2017-03-03T04:00,19.7,63,24,6.4
2017-03-03T05:00,19.8,66,47,4.3
2017-03-03T06:00,21.0,62,34,8.2
2017-03-03T07:00,24.1,53,40,5.5
2017-03-03T08:00,27.0,45,24,6.4
2017-03-03T09:00,29.7,38,9,2.7
2017-03-03T10:00,31.4,34,0,3.1
2017-03-03T11:00,32.3,31,0,3.1
2017-03-03T12:00,33.1,29,31,4.9
2017-03-03T13:00,30.8,31,50,6.9
2017-03-03T14:00,31.4,30,50,5.8
2017-03-03T15:00,31.6,29,53,8.8
2017-03-03T16:00,31.3,28,56,5.5
2017-03-03T17:00,31.0,30,14,1.6
2017-03-03T18:00,27.5,39,22,6.8
2017-03-03T19:00,26.3,41,17,9.4
2017-03-03T20:00,26.1,39,15,15.5
2017-03-03T21:00,24.8,39,11,14.8
2017-03-03T22:00,22.2,48,32,9.0
2017-03-03T23:00,24.0,40,42,2.4
2017-03-04T00:00,21.7,50,33,5.4
2017-03-04T01:00,22.0,45,8,7.3
2017-03-04T02:00,21.6,47,36,7.3
2017-03-04T03:00,20.8,51,26,6.6
2017-03-04T04:00,20.8,51,48,9.0
2017-03-04T05:00,20.7,53,24,8.9
2017-03-04T06:00,21.5,51,21,10.2
2017-03-04T07:00,23.9,46,20,8.9
2017-03-04T08:00,26.5,39,24,10.4
2017-03-04T09:00,29.0,29,24,8.4
2017-03-04T10:00,30.7,26,15,6.4
2017-03-04T11:00,31.9,25,9,3.1
2017-03-04T12:00,32.4,25,80,9.9
2017-03-04T13:00,30.6,29,52,13.3
2017-03-04T14:00,31.2,28,82,1.3
2017-03-04T15:00,31.3,26,91,6.1
2017-03-04T16:00,30.2,29,90,9.9
2017-03-04T17:00,27.0,45,18,10.8
2017-03-04T18:00,25.0,50,49,8.0
2017-03-04T19:00,24.8,51,24,7.1
2017-03-04T20:00,23.8,58,32,7.7
2017-03-04T21:00,23.7,59,19,8.9
2017-03-04T22:00,23.1,60,23,6.6
2017-03-04T23:00,23.0,58,13,9.0
2017-03-05T00:00,21.7,65,46,5.8
2017-03-05T01:00,22.1,65,48,6.1
2017-03-05T02:00,22.0,69,80,5.4
2017-03-05T03:00,21.7,71,34,4.9
2017-03-05T04:00,21.2,73,23,7.8
2017-03-05T05:00,19.8,88,30,4.3
2017-03-05T06:00,21.0,82,17,5.2
2017-03-05T07:00,23.4,73,10,1.8
2017-03-05T08:00,25.1,66,0,6.0
2017-03-05T09:00,27.2,56,0,8.0
2017-03-05T10:00,29.1,46,1,9.6
2017-03-05T11:00,30.2,40,0,8.4
2017-03-05T12:00,31.1,37,0,8.8
2017-03-05T13:00,31.5,34,46,10.5
2017-03-05T14:00,30.8,31,75,13.8
2017-03-05T15:00,30.3,32,25,10.5
2017-03-05T16:00,30.0,32,18,8.0
2017-03-05T17:00,29.0,37,16,3.3
2017-03-05T18:00,27.6,41,4,1.0
2017-03-05T19:00,24.4,47,3,6.8
2017-03-05T20:00,24.2,42,2,11.9
2017-03-05T21:00,23.2,44,0,10.1
2017-03-05T22:00,22.0,48,0,7.6
2017-03-05T23:00,20.3,55,1,7.8
2017-03-06T00:00,19.9,57,0,7.3
2017-03-06T01:00,19.1,60,0,6.2
2017-03-06T02:00,18.2,63,12,5.5
2017-03-06T03:00,18.8,60,9,7.6
2017-03-06T04:00,18.8,57,10,9.4
2017-03-06T05:00,19.6,52,14,9.9
2017-03-06T06:00,21.0,44,24,9.7
2017-03-06T07:00,23.1,38,4,9.9
2017-03-06T08:00,25.2,28,0,11.6
2017-03-06T09:00,26.6,24,1,12.2
2017-03-06T10:00,28.1,20,7,12.9
2017-03-06T11:00,29.1,19,2,12.1
2017-03-06T12:00,30.1,19,4,11.6
2017-03-06T13:00,30.8,19,0,11.6
2017-03-06T14:00,30.9,19,0,11.3
2017-03-06T15:00,30.8,19,0,12.2
2017-03-06T16:00,30.1,19,0,13.7
2017-03-06T17:00,27.2,24,0,9.4
2017-03-06T18:00,25.0,26,0,12.1
2017-03-06T19:00,23.9,26,0,13.4
2017-03-06T20:00,23.0,28,0,13.8
2017-03-06T21:00,22.0,29,0,13.7
2017-03-06T22:00,21.3,30,0,11.2
2017-03-06T23:00,19.3,35,0,7.2
2017-03-07T00:00,17.8,40,0,7.8
2017-03-07T01:00,17.0,43,0,6.1
2017-03-07T02:00,16.3,44,0,5.0
2017-03-07T03:00,15.9,46,0,4.8
2017-03-07T04:00,15.7,45,1,5.9
2017-03-07T05:00,15.2,51,0,6.6
2017-03-07T06:00,17.0,45,0,6.8
2017-03-07T07:00,21.5,35,0,7.6
2017-03-07T08:00,25.2,26,0,6.4
2017-03-07T09:00,27.3,21,0,4.6
2017-03-07T10:00,28.7,19,0,3.3
2017-03-07T11:00,29.8,18,0,3.6
2017-03-07T12:00,30.6,17,0,5.9
2017-03-07T13:00,30.9,17,0,8.9
2017-03-07T14:00,30.9,16,0,9.0
2017-03-07T15:00,30.8,16,0,6.2
2017-03-07T16:00,30.3,16,0,2.6
2017-03-07T17:00,26.7,28,0,7.1
2017-03-07T18:00,25.2,28,0,11.0
2017-03-07T19:00,22.8,33,4,7.1
2017-03-07T20:00,22.7,34,6,9.9
2017-03-07T21:00,22.2,34,7,14.5
2017-03-07T22:00,21.6,36,11,12.6
2017-03-07T23:00,20.9,37,17,15.2
2017-03-08T00:00,20.2,39,3,12.6
2017-03-08T01:00,19.6,43,10,13.2
2017-03-08T02:00,19.6,44,47,15.1
2017-03-08T03:00,19.5,45,43,8.4
2017-03-08T04:00,18.3,49,43,6.2
2017-03-08T05:00,18.6,48,97,8.3
2017-03-08T06:00,19.5,45,87,6.1
2017-03-08T07:00,21.0,42,80,8.3
2017-03-08T08:00,23.3,36,99,7.4
2017-03-08T09:00,23.7,35,88,5.8
2017-03-08T10:00,25.0,35,94,2.9
2017-03-08T11:00,24.0,41,89,4.6
2017-03-08T12:00,22.6,56,80,11.8
2017-03-08T13:00,23.9,52,80,5.4
2017-03-08T14:00,24.6,49,82,4.8
2017-03-08T15:00,24.8,50,96,7.2
2017-03-08T16:00,24.5,52,87,2.3
2017-03-08T17:00,24.6,51,73,5.4
2017-03-08T18:00,23.2,56,40,9.1
2017-03-08T19:00,22.3,62,25,8.1
2017-03-08T20:00,21.7,68,13,9.5
2017-03-08T21:00,20.6,75,29,7.7
2017-03-08T22:00,20.6,77,86,7.9
2017-03-08T23:00,20.9,79,96,5.9
2017-03-09T00:00,21.0,80,42,4.9
2017-03-09T01:00,19.8,87,62,5.5
2017-03-09T02:00,19.7,89,35,6.0
2017-03-09T03:00,19.2,91,28,3.3
2017-03-09T04:00,18.6,93,28,4.8
2017-03-09T05:00,19.2,92,18,2.3
2017-03-09T06:00,19.6,90,39,5.5
2017-03-09T07:00,21.9,78,31,5.8
2017-03-09T08:00,24.3,68,7,5.6
2017-03-09T09:00,26.6,60,0,6.0
2017-03-09T10:00,28.4,53,2,6.9
2017-03-09T11:00,29.8,46,7,6.5
2017-03-09T12:00,30.8,42,32,4.3
2017-03-09T13:00,31.2,40,75,3.8
2017-03-09T14:00,26.5,53,51,8.1
2017-03-09T15:00,29.0,45,43,8.3
2017-03-09T16:00,28.7,44,16,10.7
2017-03-09T17:00,24.1,74,25,13.5
2017-03-09T18:00,22.8,79,4,10.0
2017-03-09T19:00,21.9,81,7,8.3
2017-03-09T20:00,21.4,86,3,6.2
2017-03-09T21:00,20.9,90,9,6.5
2017-03-09T22:00,20.9,91,30,5.9
2017-03-09T23:00,20.8,91,14,3.6
2017-03-10T00:00,20.2,95,0,5.5
2017-03-10T01:00,20.6,92,8,3.6
2017-03-10T02:00,19.9,95,28,0.7
2017-03-10T03:00,19.9,95,14,2.7
2017-03-10T04:00,19.4,98,39,3.6
2017-03-10T05:00,20.0,97,100,5.0
2017-03-10T06:00,21.2,94,85,7.3
2017-03-10T07:00,23.0,86,85,6.9
2017-03-10T08:00,24.5,77,73,8.9
2017-03-10T09:00,26.1,68,27,9.2
2017-03-10T10:00,27.7,62,27,7.6
2017-03-10T11:00,29.1,56,31,7.8
2017-03-10T12:00,30.0,54,53,8.4
2017-03-10T13:00,30.4,51,94,1.8
2017-03-10T14:00,24.7,79,76,8.7
2017-03-10T15:00,27.0,67,27,8.7
2017-03-10T16:00,26.9,66,72,9.7
2017-03-10T17:00,26.7,68,73,10.4
2017-03-10T18:00,25.2,77,100,11.4
2017-03-10T19:00,23.8,85,79,13.9
2017-03-10T20:00,22.5,91,80,11.4
2017-03-10T21:00,22.4,92,23,10.8
2017-03-10T22:00,21.7,94,10,6.7
2017-03-10T23:00,20.8,97,21,5.2
2017-03-11T00:00,21.3,95,7,3.6
2017-03-11T01:00,21.4,94,2,4.1
2017-03-11T02:00,19.9,98,16,7.8
2017-03-11T03:00,20.5,94,32,10.8
2017-03-11T04:00,20.5,86,41,16.2
2017-03-11T05:00,20.1,78,19,15.9
2017-03-11T06:00,20.3,79,99,13.4
2017-03-11T07:00,21.7,74,97,12.3
2017-03-11T08:00,23.6,68,74,13.8
2017-03-11T09:00,24.2,65,67,11.7
2017-03-11T10:00,25.9,57,35,11.3
2017-03-11T11:00,26.6,54,100,15.5
2017-03-11T12:00,25.7,55,92,14.4
2017-03-11T13:00,26.9,50,75,12.7
2017-03-11T14:00,27.2,48,90,11.9
2017-03-11T15:00,26.0,51,100,10.6
2017-03-11T16:00,25.7,51,92,9.1
2017-03-11T17:00,24.0,60,65,6.9
2017-03-11T18:00,22.3,64,81,8.8
2017-03-11T19:00,21.6,68,71,10.0
2017-03-11T20:00,20.5,73,10,10.3
2017-03-11T21:00,19.9,77,9,8.0
2017-03-11T22:00,19.3,79,11,12.3
2017-03-11T23:00,18.5,85,19,8.4
2017-03-12T00:00,18.0,87,22,8.2
2017-03-12T01:00,17.5,90,32,7.4
2017-03-12T02:00,17.3,91,86,5.6
2017-03-12T03:00,17.6,89,60,6.7
2017-03-12T04:00,17.6,90,38,5.8
2017-03-12T05:00,17.6,93,60,10.1
2017-03-12T06:00,18.6,87,74,7.2
2017-03-12T07:00,19.5,82,79,15.5
2017-03-12T08:00,22.1,61,40,10.8
2017-03-12T09:00,24.5,48,36,11.5
2017-03-12T10:00,25.4,45,35,9.8
2017-03-12T11:00,26.3,43,30,11.0
2017-03-12T12:00,26.3,42,64,13.7
2017-03-12T13:00,26.0,43,27,14.5
2017-03-12T14:00,27.2,37,16,11.4
2017-03-12T15:00,27.3,34,37,16.4
2017-03-12T16:00,26.2,35,7,14.8
2017-03-12T17:00,24.7,42,0,10.7
2017-03-12T18:00,23.3,39,6,13.0
2017-03-12T19:00,22.1,34,3,13.4
2017-03-12T20:00,21.1,33,0,14.0
2017-03-12T21:00,19.8,34,0,12.2
2017-03-12T22:00,18.2,38,0,7.2
2017-03-12T23:00,17.5,43,0,8.2
2017-03-13T00:00,15.9,51,0,5.6
2017-03-13T01:00,14.8,61,0,7.2
2017-03-13T02:00,15.2,57,0,6.1
2017-03-13T03:00,16.4,50,0,4.7
2017-03-13T04:00,14.0,63,28,6.1
2017-03-13T05:00,12.8,71,23,8.0
2017-03-13T06:00,14.8,60,0,7.8
2017-03-13T07:00,18.4,48,0,6.4
2017-03-13T08:00,20.8,42,0,5.1
2017-03-13T09:00,22.7,38,0,5.4
2017-03-13T10:00,24.1,35,23,4.6
2017-03-13T11:00,25.3,32,0,3.3
2017-03-13T12:00,26.2,31,0,4.3
2017-03-13T13:00,26.7,30,1,6.6
2017-03-13T14:00,26.9,30,0,6.4
2017-03-13T15:00,26.9,30,0,4.8
2017-03-13T16:00,26.5,31,0,6.8
2017-03-13T17:00,24.3,39,0,6.8
2017-03-13T18:00,21.2,46,0,7.1
2017-03-13T19:00,20.8,46,0,10.3
2017-03-13T20:00,20.4,35,0,14.9
2017-03-13T21:00,19.4,37,0,14.5
2017-03-13T22:00,18.0,43,0,10.8
2017-03-13T23:00,16.7,49,0,6.8
2017-03-14T00:00,16.3,51,0,8.8
2017-03-14T01:00,15.7,53,0,8.6
2017-03-14T02:00,14.4,61,0,6.5
2017-03-14T03:00,13.6,67,0,6.0
2017-03-14T04:00,13.5,65,0,3.7
2017-03-14T05:00,14.1,64,0,5.9
2017-03-14T06:00,15.6,60,0,4.9
2017-03-14T07:00,19.1,49,0,1.6
2017-03-14T08:00,22.0,39,0,2.2
2017-03-14T09:00,24.3,32,0,2.6
2017-03-14T10:00,25.9,29,0,3.1
2017-03-14T11:00,27.0,27,0,3.3
2017-03-14T12:00,27.8,27,0,3.6
2017-03-14T13:00,28.2,27,0,3.9
2017-03-14T14:00,28.4,26,0,4.6
2017-03-14T15:00,28.3,26,0,4.3
2017-03-14T16:00,27.8,27,0,4.2
2017-03-14T17:00,26.7,30,0,2.6
2017-03-14T18:00,22.3,44,0,5.6
2017-03-14T19:00,21.2,43,0,6.3
2017-03-14T20:00,21.2,35,0,13.4
2017-03-14T21:00,20.2,36,0,12.4
2017-03-14T22:00,19.6,38,0,13.5
2017-03-14T23:00,18.8,40,0,10.7
2017-03-15T00:00,18.0,43,0,10.5
2017-03-15T01:00,15.8,54,0,8.7
2017-03-15T02:00,15.6,55,0,3.6
2017-03-15T03:00,14.0,64,0,6.5
2017-03-15T04:00,14.2,60,0,4.7
2017-03-15T05:00,14.2,64,0,5.5
2017-03-15T06:00,15.8,58,0,8.2
2017-03-15T07:00,19.9,46,11,6.5
2017-03-15T08:00,23.4,36,11,6.5
2017-03-15T09:00,25.6,28,0,6.2
2017-03-15T10:00,26.9,25,0,7.8
2017-03-15T11:00,28.1,24,0,8.2
2017-03-15T12:00,29.1,23,0,9.3
2017-03-15T13:00,29.5,22,0,10.0
2017-03-15T14:00,29.8,21,0,7.6
2017-03-15T15:00,29.9,20,0,7.1
2017-03-15T16:00,29.3,19,0,10.5
2017-03-15T17:00,26.3,27,0,8.8
2017-03-15T18:00,23.5,29,0,9.7
2017-03-15T19:00,22.6,31,0,11.9
2017-03-15T20:00,21.4,35,0,12.3
2017-03-15T21:00,20.1,38,0,11.8
2017-03-15T22:00,19.1,42,0,10.1
2017-03-15T23:00,18.3,45,0,9.4
2017-03-16T00:00,17.3,49,0,6.8
2017-03-16T01:00,16.3,54,0,5.0
2017-03-16T02:00,15.1,60,0,5.4
2017-03-16T03:00,14.9,60,0,6.4
2017-03-16T04:00,14.7,59,0,7.9
2017-03-16T05:00,14.6,59,0,8.2
2017-03-16T06:00,16.9,51,0,7.7
2017-03-16T07:00,20.6,42,0,6.2
2017-03-16T08:00,23.9,34,0,5.6
2017-03-16T09:00,26.0,29,0,4.1
2017-03-16T10:00,27.4,26,0,2.9
2017-03-16T11:00,28.4,24,0,3.7
2017-03-16T12:00,29.2,22,0,3.7
2017-03-16T13:00,29.9,20,0,4.7
2017-03-16T14:00,30.2,19,0,6.4
2017-03-16T15:00,30.2,19,0,7.1
2017-03-16T16:00,29.8,19,0,6.7
2017-03-16T17:00,26.1,35,0,8.3
2017-03-16T18:00,23.4,31,0,7.5
2017-03-16T19:00,23.6,27,0,10.0
2017-03-16T20:00,23.5,28,0,12.9
2017-03-16T21:00,22.7,31,0,11.8
2017-03-16T22:00,21.9,34,0,10.4
2017-03-16T23:00,21.4,35,0,10.8
2017-03-17T00:00,20.7,37,0,9.1
2017-03-17T01:00,19.0,42,0,7.3
2017-03-17T02:00,17.2,49,0,8.3
2017-03-17T03:00,16.9,51,0,8.2
2017-03-17T04:00,17.4,50,0,7.4
2017-03-17T05:00,16.7,55,0,9.2
2017-03-17T06:00,18.8,52,0,3.8
2017-03-17T07:00,22.7,43,0,3.2
2017-03-17T08:00,25.8,36,0,6.6
2017-03-17T09:00,27.4,32,0,9.1
2017-03-17T10:00,29.6,25,0,6.1
2017-03-17T11:00,31.2,21,78,8.0
2017-03-17T12:00,31.7,19,36,11.2
2017-03-17T13:00,32.3,18,18,11.2
2017-03-17T14:00,32.3,18,15,8.4
2017-03-17T15:00,32.5,17,15,5.2
2017-03-17T16:00,32.0,17,70,9.2
2017-03-17T17:00,30.3,25,28,5.8
2017-03-17T18:00,26.6,29,71,9.4
2017-03-17T19:00,25.6,30,91,11.4
2017-03-17T20:00,25.5,31,81,8.4
2017-03-17T21:00,24.4,34,41,7.9
2017-03-17T22:00,22.7,38,33,11.9
2017-03-17T23:00,22.9,39,11,9.0
2017-03-18T00:00,20.7,45,2,5.2
2017-03-18T01:00,20.9,42,32,12.6
2017-03-18T02:00,21.3,39,25,17.4
2017-03-18T03:00,21.3,41,11,16.9
2017-03-18T04:00,20.4,44,0,13.4
2017-03-18T05:00,19.8,45,0,9.2
2017-03-18T06:00,20.6,46,0,5.9
2017-03-18T07:00,23.5,40,0,5.3
2017-03-18T08:00,26.5,34,0,4.8
2017-03-18T09:00,28.7,30,4,4.7
2017-03-18T10:00,30.5,25,1,7.6
2017-03-18T11:00,32.0,20,14,13.7
2017-03-18T12:00,33.1,13,0,19.8
2017-03-18T13:00,33.0,13,0,24.5
2017-03-18T14:00,32.8,11,0,24.4
2017-03-18T15:00,32.1,14,0,24.1
2017-03-18T16:00,31.1,16,0,23.1
2017-03-18T17:00,29.1,19,0,14.2
2017-03-18T18:00,26.6,24,0,12.3
2017-03-18T19:00,25.9,24,0,16.3
2017-03-18T20:00,25.0,26,0,15.3
2017-03-18T21:00,23.9,28,0,14.3
2017-03-18T22:00,22.5,31,0,8.7
2017-03-18T23:00,22.5,31,0,0.4
2017-03-19T00:00,21.9,33,0,0.8
2017-03-19T01:00,19.4,41,1,3.0
2017-03-19T02:00,18.6,43,11,4.5
2017-03-19T03:00,21.6,34,32,4.4
2017-03-19T04:00,20.4,39,24,3.8
2017-03-19T05:00,20.1,38,84,4.4
2017-03-19T06:00,20.8,36,65,4.9
2017-03-19T07:00,23.7,32,85,5.0
2017-03-19T08:00,25.1,30,96,6.1
2017-03-19T09:00,27.5,27,71,6.5
2017-03-19T10:00,29.6,23,100,6.9
2017-03-19T11:00,29.1,24,100,10.3
2017-03-19T12:00,28.3,26,97,13.4
2017-03-19T13:00,27.5,27,84,21.5
2017-03-19T14:00,26.6,33,4,25.0
2017-03-19T15:00,26.0,37,30,23.4
2017-03-19T16:00,24.6,42,63,18.1
2017-03-19T17:00,24.1,39,98,20.8
2017-03-19T18:00,22.0,44,84,18.7
2017-03-19T19:00,21.5,46,27,15.2
2017-03-19T20:00,20.7,47,11,14.2
2017-03-19T21:00,20.0,50,20,11.7
2017-03-19T22:00,19.6,53,15,9.7
2017-03-19T23:00,19.2,56,19,7.6
2017-03-20T00:00,18.5,59,20,7.6
2017-03-20T01:00,18.1,61,29,8.0
2017-03-20T02:00,17.8,63,17,4.4
2017-03-20T03:00,17.5,65,7,4.7
2017-03-20T04:00,16.8,68,2,4.3
2017-03-20T05:00,17.3,68,0,5.5
2017-03-20T06:00,18.3,66,3,7.1
2017-03-20T07:00,20.6,59,0,7.2
2017-03-20T08:00,22.7,53,0,8.0
2017-03-20T09:00,24.5,48,0,5.2
2017-03-20T10:00,26.2,43,0,2.2
2017-03-20T11:00,27.5,38,21,4.0
2017-03-20T12:00,28.3,34,14,4.0
2017-03-20T13:00,29.2,31,28,4.1
2017-03-20T14:00,29.9,27,13,6.5
2017-03-20T15:00,29.7,26,21,10.0
2017-03-20T16:00,29.3,26,10,8.5
2017-03-20T17:00,27.6,40,9,4.4
2017-03-20T18:00,25.5,37,27,4.9
2017-03-20T19:00,24.1,40,20,6.3
2017-03-20T20:00,23.4,41,46,10.4
2017-03-20T21:00,23.1,41,39,12.1
2017-03-20T22:00,22.3,45,8,9.4
2017-03-20T23:00,20.7,53,13,5.7
2017-03-21T00:00,19.7,62,14,6.9
2017-03-21T01:00,19.9,62,4,9.0
2017-03-21T02:00,18.9,75,0,6.2
2017-03-21T03:00,18.2,81,5,5.7
2017-03-21T04:00,18.1,75,3,6.7
2017-03-21T05:00,17.0,83,7,7.6
2017-03-21T06:00,18.8,72,0,6.5
2017-03-21T07:00,21.4,61,0,6.5
2017-03-21T08:00,24.2,50,0,6.5
2017-03-21T09:00,27.2,39,0,6.3
2017-03-21T10:00,29.6,30,0,7.5
2017-03-21T11:00,31.1,27,0,10.2
2017-03-21T12:00,32.4,22,0,9.0
2017-03-21T13:00,33.3,18,0,10.9
2017-03-21T14:00,33.5,17,0,12.1
2017-03-21T15:00,33.2,16,0,12.5
2017-03-21T16:00,32.5,16,0,11.7
2017-03-21T17:00,29.6,23,0,10.2
2017-03-21T18:00,26.9,26,0,11.4
2017-03-21T19:00,25.5,29,0,10.6
2017-03-21T20:00,24.2,33,0,12.6
2017-03-21T21:00,23.1,38,0,11.6
2017-03-21T22:00,22.0,46,0,11.4
2017-03-21T23:00,21.1,55,0,10.7
2017-03-22T00:00,20.1,64,0,8.8
2017-03-22T01:00,19.6,69,0,8.0
2017-03-22T02:00,18.9,74,0,5.7
2017-03-22T03:00,17.7,82,0,6.2
2017-03-22T04:00,17.5,83,0,4.0
2017-03-22T05:00,17.6,87,0,2.9
2017-03-22T06:00,19.4,79,0,0.5
2017-03-22T07:00,22.2,68,0,2.6
2017-03-22T08:00,25.2,55,0,4.3
2017-03-22T09:00,28.2,42,0,6.6
2017-03-22T10:00,30.3,31,0,7.1
2017-03-22T11:00,31.7,28,0,8.2
2017-03-22T12:00,32.8,26,12,7.9
2017-03-22T13:00,33.9,23,1,9.7
2017-03-22T14:00,33.9,23,4,14.3
2017-03-22T15:00,33.8,22,1,14.8
2017-03-22T16:00,33.0,23,0,14.5
2017-03-22T17:00,30.9,27,0,8.1
2017-03-22T18:00,27.7,35,0,7.1
2017-03-22T19:00,26.3,40,2,8.8
2017-03-22T20:00,25.7,41,0,12.0
2017-03-22T21:00,24.8,45,0,13.4
2017-03-22T22:00,23.6,57,1,16.4
2017-03-22T23:00,22.9,64,0,12.7
2017-03-23T00:00,22.0,73,0,11.3
2017-03-23T01:00,21.5,79,0,10.5
2017-03-23T02:00,20.9,83,0,9.0
2017-03-23T03:00,20.3,87,1,8.1
2017-03-23T04:00,19.9,89,0,7.4
2017-03-23T05:00,19.8,93,0,6.0
2017-03-23T06:00,21.0,87,0,6.2
2017-03-23T07:00,23.5,75,0,5.4
2017-03-23T08:00,26.1,62,0,2.5
2017-03-23T09:00,28.9,50,0,0.5
2017-03-23T10:00,31.2,40,0,2.1
2017-03-23T11:00,32.8,35,0,5.1
2017-03-23T12:00,34.2,31,35,10.5
2017-03-23T13:00,34.9,28,4,9.8
2017-03-23T14:00,35.1,28,1,11.0
2017-03-23T15:00,34.9,28,0,9.9
2017-03-23T16:00,34.5,28,0,10.2
2017-03-23T17:00,32.6,31,0,7.6
2017-03-23T18:00,30.4,34,0,13.3
2017-03-23T19:00,28.3,47,0,15.0
2017-03-23T20:00,27.1,51,0,12.4
2017-03-23T21:00,26.1,54,0,11.6
2017-03-23T22:00,25.2,58,0,10.9
2017-03-23T23:00,24.2,63,0,8.5
2017-03-24T00:00,23.5,69,0,10.1
2017-03-24T01:00,22.9,74,0,9.8
2017-03-24T02:00,22.3,78,0,8.5
2017-03-24T03:00,21.6,83,0,6.4
2017-03-24T04:00,20.7,88,0,4.7
2017-03-24T05:00,20.7,92,0,1.8
2017-03-24T06:00,22.5,84,0,2.7
2017-03-24T07:00,24.7,75,0,3.7
2017-03-24T08:00,27.6,62,0,4.8
2017-03-24T09:00,30.4,49,0,5.7
2017-03-24T10:00,32.4,40,0,5.1
2017-03-24T11:00,33.7,37,13,6.3
2017-03-24T12:00,34.8,32,8,6.6
2017-03-24T13:00,35.7,28,22,7.3
2017-03-24T14:00,36.3,25,41,11.6
2017-03-24T15:00,35.9,22,28,18.0
2017-03-24T16:00,35.5,22,10,10.2
2017-03-24T17:00,33.8,27,5,9.4
2017-03-24T18:00,30.6,35,1,8.3
2017-03-24T19:00,29.2,42,1,11.3
2017-03-24T20:00,28.2,48,0,12.9
2017-03-24T21:00,27.3,52,0,12.7
2017-03-24T22:00,26.2,57,0,10.6
2017-03-24T23:00,25.1,63,0,7.5
2017-03-25T00:00,23.2,72,0,7.4
2017-03-25T01:00,23.7,69,0,0.5
2017-03-25T02:00,25.1,63,0,4.0
2017-03-25T03:00,24.8,64,0,1.9
2017-03-25T04:00,24.4,66,0,0.7
2017-03-25T05:00,22.2,91,0,6.1
2017-03-25T06:00,23.6,85,0,5.6
2017-03-25T07:00,26.0,72,0,2.3
2017-03-25T08:00,29.0,58,0,2.3
2017-03-25T09:00,32.1,46,0,3.6
2017-03-25T10:00,34.8,36,0,5.8
2017-03-25T11:00,36.9,26,45,13.2
2017-03-25T12:00,37.0,21,19,12.6
2017-03-25T13:00,38.7,17,0,14.4
2017-03-25T14:00,39.1,14,16,21.8
2017-03-25T15:00,38.3,14,2,22.4
2017-03-25T16:00,37.1,16,0,21.4
2017-03-25T17:00,34.8,21,0,19.3
2017-03-25T18:00,32.8,26,0,17.9
2017-03-25T19:00,31.2,30,4,18.2
2017-03-25T20:00,29.0,44,1,14.0
2017-03-25T21:00,28.1,51,0,14.1
2017-03-25T22:00,27.1,59,0,14.0
2017-03-25T23:00,26.0,67,0,13.7
2017-03-26T00:00,25.0,73,0,12.4
2017-03-26T01:00,24.3,77,0,11.0
2017-03-26T02:00,23.6,82,12,8.7
2017-03-26T03:00,23.1,86,20,6.8
2017-03-26T04:00,23.3,87,94,7.2
2017-03-26T05:00,23.6,88,89,6.9
2017-03-26T06:00,24.9,85,100,8.6
2017-03-26T07:00,26.3,78,89,8.2
2017-03-26T08:00,27.9,69,18,6.9
2017-03-26T09:00,29.9,59,0,5.9
2017-03-26T10:00,32.5,46,1,6.5
2017-03-26T11:00,34.6,30,15,6.3
2017-03-26T12:00,35.3,27,0,10.4
2017-03-26T13:00,35.9,26,7,10.1
2017-03-26T14:00,37.2,19,0,4.5
2017-03-26T15:00,37.5,12,0,18.3
2017-03-26T16:00,36.1,13,0,20.7
2017-03-26T17:00,33.8,17,0,15.3
2017-03-26T18:00,31.0,20,0,11.3
2017-03-26T19:00,29.8,21,0,12.7
2017-03-26T20:00,28.7,24,0,14.8
2017-03-26T21:00,26.6,55,0,16.8
2017-03-26T22:00,25.5,72,0,13.4
2017-03-26T23:00,24.6,81,4,10.4
2017-03-27T00:00,24.0,84,5,10.2
2017-03-27T01:00,23.6,87,0,10.2
2017-03-27T02:00,23.1,90,0,9.6
2017-03-27T03:00,22.6,94,0,7.6
2017-03-27T04:00,22.2,97,4,5.4
2017-03-27T05:00,22.5,98,11,3.1
2017-03-27T06:00,23.9,91,100,4.7
2017-03-27T07:00,25.1,84,64,5.5
2017-03-27T08:00,27.3,72,6,6.7
2017-03-27T09:00,30.5,54,0,7.4
2017-03-27T10:00,33.5,35,0,8.4
2017-03-27T11:00,35.0,26,0,11.2
2017-03-27T12:00,35.7,25,1,10.6
2017-03-27T13:00,36.3,24,5,11.2
2017-03-27T14:00,36.2,23,1,11.0
2017-03-27T15:00,36.3,22,4,7.0
2017-03-27T16:00,36.0,21,0,7.3
2017-03-27T17:00,34.5,25,0,10.5
2017-03-27T18:00,32.5,25,0,15.5
2017-03-27T19:00,29.8,43,0,16.6
2017-03-27T20:00,28.7,50,0,14.5
2017-03-27T21:00,28.0,53,0,13.6
2017-03-27T22:00,27.2,62,0,13.8
2017-03-27T23:00,26.3,70,0,12.9
2017-03-28T00:00,25.6,75,0,11.5
2017-03-28T01:00,24.9,80,0,9.7
2017-03-28T02:00,24.3,84,0,8.5
2017-03-28T03:00,23.8,88,0,6.5
2017-03-28T04:00,22.8,94,6,5.8
2017-03-28T05:00,23.2,90,8,4.1
2017-03-28T06:00,24.7,84,4,4.5
2017-03-28T07:00,26.8,79,1,2.2
2017-03-28T08:00,29.2,65,0,5.3
2017-03-28T09:00,31.8,50,0,4.8
2017-03-28T10:00,34.5,33,8,7.1
2017-03-28T11:00,35.7,26,2,5.9
2017-03-28T12:00,36.3,25,0,6.5
2017-03-28T13:00,36.9,24,4,6.6
2017-03-28T14:00,37.3,23,16,6.8
2017-03-28T15:00,37.0,23,2,12.9
2017-03-28T16:00,36.4,23,7,16.3
2017-03-28T17:00,33.5,37,4,9.3
2017-03-28T18:00,31.4,45,3,12.3
2017-03-28T19:00,29.8,53,54,11.7
2017-03-28T20:00,29.2,59,69,13.8
2017-03-28T21:00,28.3,64,76,12.7
2017-03-28T22:00,27.3,70,73,13.3
2017-03-28T23:00,26.4,74,76,11.2
2017-03-29T00:00,25.8,78,65,10.0
2017-03-29T01:00,25.4,81,30,7.7
2017-03-29T02:00,24.9,84,4,4.8
2017-03-29T03:00,24.6,86,4,4.7
2017-03-29T04:00,24.2,89,3,3.7
2017-03-29T05:00,24.5,91,3,2.8
2017-03-29T06:00,25.9,84,1,5.1
2017-03-29T07:00,27.8,75,1,2.2
2017-03-29T08:00,30.4,63,0,3.0
2017-03-29T09:00,33.4,45,29,6.5
2017-03-29T10:00,35.0,35,17,11.3
2017-03-29T11:00,36.9,30,36,12.1
2017-03-29T12:00,35.9,33,50,14.0
2017-03-29T13:00,34.4,46,20,15.1
2017-03-29T14:00,37.0,29,26,9.5
2017-03-29T15:00,34.4,44,36,18.6
2017-03-29T16:00,33.3,45,3,14.2
2017-03-29T17:00,33.6,45,0,12.2
2017-03-29T18:00,31.5,54,3,11.5
2017-03-29T19:00,30.3,59,0,7.4
2017-03-29T20:00,29.2,64,0,5.2
2017-03-29T21:00,28.7,67,0,7.7
2017-03-29T22:00,27.9,71,0,9.4
2017-03-29T23:00,27.1,75,0,8.8
2017-03-30T00:00,26.1,80,0,5.9
2017-03-30T01:00,25.4,84,0,6.0
2017-03-30T02:00,24.6,89,0,4.8
2017-03-30T03:00,23.7,94,0,4.7
2017-03-30T04:00,23.1,96,0,5.8
2017-03-30T05:00,23.6,96,0,6.1
2017-03-30T06:00,25.6,87,0,2.5
2017-03-30T07:00,28.5,68,0,5.9
2017-03-30T08:00,32.2,41,0,9.7
2017-03-30T09:00,35.8,26,0,12.2
2017-03-30T10:00,38.4,20,0,17.4
2017-03-30T11:00,40.6,12,0,22.0
2017-03-30T12:00,41.2,10,0,27.9
2017-03-30T13:00,41.2,11,0,27.4
2017-03-30T14:00,40.9,11,0,26.9
2017-03-30T15:00,40.3,13,0,26.4
2017-03-30T16:00,39.4,13,0,22.3
2017-03-30T17:00,37.4,16,0,12.6
2017-03-30T18:00,34.3,19,0,10.2
2017-03-30T19:00,33.6,19,0,12.7
2017-03-30T20:00,31.8,21,0,13.3
2017-03-30T21:00,28.8,59,0,14.7
2017-03-30T22:00,27.6,70,0,15.9
2017-03-30T23:00,26.4,80,0,14.4
2017-03-31T00:00,25.6,83,0,12.9
2017-03-31T01:00,24.9,86,1,9.4
2017-03-31T02:00,24.3,89,5,9.4
2017-03-31T03:00,23.8,92,47,10.6
2017-03-31T04:00,24.3,91,100,11.6
2017-03-31T05:00,25.1,91,100,8.8
2017-03-31T06:00,25.6,87,94,6.2
2017-03-31T07:00,26.8,79,80,4.0
2017-03-31T08:00,29.5,65,8,4.3
2017-03-31T09:00,32.4,53,0,5.3
2017-03-31T10:00,35.4,39,0,7.4
2017-03-31T11:00,37.6,26,0,9.8
2017-03-31T12:00,38.7,25,0,13.0
2017-03-31T13:00,40.6,16,0,16.7
2017-03-31T14:00,40.4,14,0,24.8
2017-03-31T15:00,39.8,14,0,22.9
2017-03-31T16:00,38.6,16,0,20.6
2017-03-31T17:00,36.4,23,0,14.0
2017-03-31T18:00,33.8,29,0,13.0
2017-03-31T19:00,32.5,35,0,15.0
2017-03-31T20:00,30.6,51,0,10.7
2017-03-31T21:00,29.4,57,0,10.7
2017-03-31T22:00,28.2,62,0,9.4
2017-03-31T23:00,27.5,70,0,10.6
2017-04-01T00:00,26.3,81,0,6.8
2017-04-01T01:00,25.6,86,0,6.4
2017-04-01T02:00,25.1,89,0,5.8
2017-04-01T03:00,24.7,92,0,5.5
2017-04-01T04:00,24.5,94,0,6.6
2017-04-01T05:00,24.6,93,0,7.4
2017-04-01T06:00,26.3,85,0,6.4
2017-04-01T07:00,29.0,73,0,6.1
2017-04-01T08:00,31.7,60,1,5.1
2017-04-01T09:00,34.2,47,2,5.4
2017-04-01T10:00,36.4,37,7,7.4
2017-04-01T11:00,38.2,27,49,9.7
2017-04-01T12:00,38.3,19,53,9.9
2017-04-01T13:00,39.4,19,35,9.0
2017-04-01T14:00,40.3,14,1,8.8
2017-04-01T15:00,40.4,13,4,17.9
2017-04-01T16:00,39.0,12,0,18.4
2017-04-01T17:00,37.1,15,0,13.4
2017-04-01T18:00,34.5,16,0,12.4
2017-04-01T19:00,32.7,17,0,9.7
2017-04-01T20:00,30.5,21,0,8.2
2017-04-01T21:00,30.3,19,1,4.6
2017-04-01T22:00,27.9,25,0,6.4
2017-04-01T23:00,26.5,36,0,7.3
2017-04-02T00:00,25.7,53,0,9.4
2017-04-02T01:00,27.2,63,0,4.0
2017-04-02T02:00,25.3,72,0,6.1
2017-04-02T03:00,24.7,72,0,6.2
2017-04-02T04:00,24.5,63,0,8.6
2017-04-02T05:00,23.8,99,0,6.6
2017-04-02T06:00,25.9,92,1,5.2
2017-04-02T07:00,28.5,78,0,4.5
2017-04-02T08:00,31.9,55,0,4.4
2017-04-02T09:00,35.4,37,0,6.7
2017-04-02T10:00,38.3,21,2,8.7
2017-04-02T11:00,40.3,11,62,14.0
2017-04-02T12:00,40.7,11,5,11.3
2017-04-02T13:00,41.0,9,13,16.7
2017-04-02T14:00,41.0,9,22,18.8
2017-04-02T15:00,40.6,9,9,15.9
2017-04-02T16:00,38.9,11,0,19.3
2017-04-02T17:00,36.1,12,0,12.2
2017-04-02T18:00,32.6,16,0,9.4
2017-04-02T19:00,30.5,18,0,7.2
2017-04-02T20:00,29.5,20,0,8.4
2017-04-02T21:00,26.9,39,0,10.5
2017-04-02T22:00,29.4,40,0,6.8
2017-04-02T23:00,26.1,48,0,8.3
2017-04-03T00:00,26.1,43,0,6.7
2017-04-03T01:00,24.6,44,0,9.5
2017-04-03T02:00,26.2,28,12,9.7
2017-04-03T03:00,26.0,26,0,9.4
2017-04-03T04:00,24.9,28,15,11.4
2017-04-03T05:00,26.1,28,15,10.8
2017-04-03T06:00,29.1,23,35,13.4
2017-04-03T07:00,32.7,20,9,8.0
2017-04-03T08:00,35.5,18,33,3.6
2017-04-03T09:00,38.0,15,17,5.9
2017-04-03T10:00,39.9,9,57,19.4
2017-04-03T11:00,39.8,10,37,22.5
2017-04-03T12:00,41.4,9,40,21.0
2017-04-03T13:00,41.4,8,32,24.3
2017-04-03T14:00,40.6,9,2,24.9
2017-04-03T15:00,40.0,9,0,21.5
2017-04-03T16:00,39.2,10,4,20.1
2017-04-03T17:00,36.4,12,5,8.2
2017-04-03T18:00,33.5,15,0,10.1
2017-04-03T19:00,32.5,15,0,11.2
2017-04-03T20:00,30.2,18,19,8.4
2017-04-03T21:00,28.9,20,0,10.6
2017-04-03T22:00,27.8,24,0,8.6
2017-04-03T23:00,26.9,34,0,6.7
2017-04-04T00:00,25.7,41,0,5.7
2017-04-04T01:00,25.7,28,0,10.4
2017-04-04T02:00,25.2,27,0,6.6
2017-04-04T03:00,23.2,34,0,6.8
2017-04-04T04:00,25.0,30,0,2.9
2017-04-04T05:00,23.3,91,0,7.7
2017-04-04T06:00,24.8,85,0,9.7
2017-04-04T07:00,27.7,70,0,5.8
2017-04-04T08:00,30.7,55,0,5.6
2017-04-04T09:00,33.4,43,0,5.3
2017-04-04T10:00,35.7,34,0,4.5
2017-04-04T11:00,37.4,27,4,3.3
2017-04-04T12:00,39.0,17,3,6.3
2017-04-04T13:00,40.4,13,82,9.4
2017-04-04T14:00,40.1,11,54,17.2
2017-04-04T15:00,39.9,11,61,20.9
2017-04-04T16:00,39.6,11,16,18.9
2017-04-04T17:00,35.1,29,0,6.0
2017-04-04T18:00,32.6,35,5,13.3
2017-04-04T19:00,31.5,37,0,12.3
2017-04-04T20:00,30.1,46,0,19.0
2017-04-04T21:00,28.0,65,0,20.8
2017-04-04T22:00,26.7,69,0,18.7
2017-04-04T23:00,25.0,78,1,20.2
2017-04-05T00:00,23.8,84,17,16.6
2017-04-05T01:00,23.4,84,17,14.3
2017-04-05T02:00,22.9,85,28,12.9
2017-04-05T03:00,22.8,84,38,11.9
2017-04-05T04:00,22.8,83,33,11.8
2017-04-05T05:00,23.6,83,39,11.9
2017-04-05T06:00,24.7,77,58,13.4
2017-04-05T07:00,26.1,73,54,12.0
2017-04-05T08:00,28.1,67,78,12.6
2017-04-05T09:00,29.9,60,78,11.1
2017-04-05T10:00,32.0,52,1,10.1
2017-04-05T11:00,33.6,47,3,9.0
2017-04-05T12:00,34.9,43,51,10.6
2017-04-05T13:00,34.7,39,80,6.6
2017-04-05T14:00,32.1,46,40,6.0
2017-04-05T15:00,32.7,45,40,5.6
2017-04-05T16:00,32.6,46,22,10.6
2017-04-05T17:00,33.0,45,4,10.7
2017-04-05T18:00,31.7,50,2,16.2
2017-04-05T19:00,29.2,65,0,21.1
2017-04-05T20:00,27.9,72,1,19.7
2017-04-05T21:00,26.7,76,2,14.5
2017-04-05T22:00,26.2,77,1,11.4
2017-04-05T23:00,25.6,80,1,12.0
2017-04-06T00:00,25.0,81,0,11.4
2017-04-06T01:00,24.4,83,7,12.0
2017-04-06T02:00,24.0,86,54,10.9
2017-04-06T03:00,24.2,86,100,10.5
2017-04-06T04:00,24.9,84,100,12.0
2017-04-06T05:00,25.2,87,100,11.2
2017-04-06T06:00,25.9,85,100,11.4
2017-04-06T07:00,26.4,82,100,10.2
2017-04-06T08:00,27.6,77,100,9.9
2017-04-06T09:00,28.5,73,100,10.2
2017-04-06T10:00,29.7,68,100,10.8
2017-04-06T11:00,32.2,56,78,11.1
2017-04-06T12:00,33.9,49,30,10.6
2017-04-06T13:00,34.5,47,20,11.0
2017-04-06T14:00,34.7,46,65,9.9
2017-04-06T15:00,33.4,46,59,7.6
2017-04-06T16:00,32.1,52,49,12.0
2017-04-06T17:00,32.0,51,12,10.1
2017-04-06T18:00,30.2,62,15,16.9
2017-04-06T19:00,29.3,64,4,13.0
2017-04-06T20:00,28.9,66,4,13.4
2017-04-06T21:00,28.1,71,2,14.8
2017-04-06T22:00,27.3,77,4,11.2
2017-04-06T23:00,26.8,82,7,11.4
2017-04-07T00:00,26.5,84,39,10.7
2017-04-07T01:00,26.6,85,32,11.3
2017-04-07T02:00,26.4,87,49,10.4
2017-04-07T03:00,26.6,86,100,10.3
2017-04-07T04:00,26.7,86,100,11.6
2017-04-07T05:00,27.2,88,100,10.3
2017-04-07T06:00,27.6,85,100,12.1
2017-04-07T07:00,28.4,80,100,13.0
2017-04-07T08:00,29.7,73,96,11.1
2017-04-07T09:00,31.6,64,65,10.6
2017-04-07T10:00,34.4,52,0,10.3
2017-04-07T11:00,36.5,45,0,10.9
2017-04-07T12:00,38.0,38,18,10.6
2017-04-07T13:00,37.5,33,68,18.8
2017-04-07T14:00,33.6,36,25,16.3
2017-04-07T15:00,35.6,34,29,4.2
2017-04-07T16:00,34.2,43,8,14.0
2017-04-07T17:00,31.8,53,9,15.4
2017-04-07T18:00,30.2,63,15,15.0
2017-04-07T19:00,28.9,68,6,14.2
2017-04-07T20:00,28.3,71,6,14.9
2017-04-07T21:00,27.9,76,3,12.0
2017-04-07T22:00,27.5,79,1,7.9
2017-04-07T23:00,27.1,82,2,9.4
2017-04-08T00:00,26.5,86,13,6.6
2017-04-08T01:00,25.8,91,34,5.2
2017-04-08T02:00,26.0,91,65,5.1
2017-04-08T03:00,25.8,93,46,6.5
2017-04-08T04:00,25.5,96,37,5.8
2017-04-08T05:00,26.1,95,6,5.4
2017-04-08T06:00,27.0,89,7,6.5
2017-04-08T07:00,28.9,79,3,6.5
2017-04-08T08:00,31.3,68,0,4.6
2017-04-08T09:00,33.6,58,1,5.9
2017-04-08T10:00,35.5,49,11,7.3
2017-04-08T11:00,36.8,42,24,7.7
2017-04-08T12:00,37.5,37,63,8.8
2017-04-08T13:00,32.9,55,24,12.1
2017-04-08T14:00,33.3,52,32,11.7
2017-04-08T15:00,34.9,47,48,4.0
2017-04-08T16:00,28.7,67,41,28.3
2017-04-08T17:00,30.3,56,9,12.4
2017-04-08T18:00,29.2,59,0,11.3
2017-04-08T19:00,28.1,70,0,10.1
2017-04-08T20:00,27.4,74,0,10.3
2017-04-08T21:00,25.7,81,3,10.8
2017-04-08T22:00,25.4,81,0,4.0
2017-04-08T23:00,25.2,82,0,5.8
2017-04-09T00:00,25.2,82,5,6.8
2017-04-09T01:00,25.1,84,2,3.6
2017-04-09T02:00,25.4,83,2,8.1
2017-04-09T03:00,24.7,88,2,5.5
2017-04-09T04:00,24.5,89,0,4.8
2017-04-09T05:00,23.8,94,0,4.7
2017-04-09T06:00,26.3,81,0,8.0
2017-04-09T07:00,29.6,64,0,9.2
2017-04-09T08:00,32.8,39,0,14.9
2017-04-09T09:00,34.3,31,0,14.5
2017-04-09T10:00,35.7,26,0,12.9
2017-04-09T11:00,36.9,21,0,13.0
2017-04-09T12:00,37.6,17,0,15.3
2017-04-09T13:00,37.8,16,0,16.4
2017-04-09T14:00,37.7,15,0,15.9
2017-04-09T15:00,37.3,14,0,17.3
2017-04-09T16:00,36.2,15,0,17.2
2017-04-09T17:00,33.2,20,0,10.2
2017-04-09T18:00,30.6,20,0,12.4
2017-04-09T19:00,30.1,17,0,17.1
2017-04-09T20:00,29.2,17,0,13.4
2017-04-09T21:00,26.6,23,0,8.0
2017-04-09T22:00,24.7,40,0,10.1
2017-04-09T23:00,24.0,38,0,7.6
2017-04-10T00:00,25.3,23,0,10.6
2017-04-10T01:00,23.7,24,0,8.9
2017-04-10T02:00,24.1,24,0,9.1
2017-04-10T03:00,23.7,29,0,10.0
2017-04-10T04:00,22.6,29,0,8.0
2017-04-10T05:00,21.3,35,0,8.8
2017-04-10T06:00,25.1,29,0,10.2
2017-04-10T07:00,28.8,23,0,9.1
2017-04-10T08:00,31.3,18,0,10.4
2017-04-10T09:00,32.9,18,0,8.4
2017-04-10T10:00,34.4,17,0,9.8
2017-04-10T11:00,36.2,13,0,13.1
2017-04-10T12:00,36.7,13,0,18.5
2017-04-10T13:00,36.8,12,0,18.5
2017-04-10T14:00,36.8,10,0,16.9
2017-04-10T15:00,36.4,10,0,14.8
2017-04-10T16:00,35.6,11,0,12.5
2017-04-10T17:00,32.0,30,0,7.4
2017-04-10T18:00,30.2,22,0,6.1
2017-04-10T19:00,25.8,29,0,9.7
2017-04-10T20:00,26.3,24,0,10.2
2017-04-10T21:00,26.8,19,0,14.5
2017-04-10T22:00,27.4,15,0,15.9
2017-04-10T23:00,23.9,22,0,13.0
2017-04-11T00:00,25.1,18,0,6.9
2017-04-11T01:00,22.5,23,0,8.3
2017-04-11T02:00,20.2,27,0,11.6
2017-04-11T03:00,20.9,23,0,8.6
2017-04-11T04:00,20.4,25,0,8.7
2017-04-11T05:00,18.5,37,0,9.5
2017-04-11T06:00,22.1,32,0,9.8
2017-04-11T07:00,25.6,28,0,8.6
2017-04-11T08:00,29.1,22,0,9.0
2017-04-11T09:00,32.5,16,0,10.4
2017-04-11T10:00,34.6,12,0,15.4
2017-04-11T11:00,35.9,10,0,17.1
2017-04-11T12:00,36.4,10,0,16.8
2017-04-11T13:00,36.8,10,0,15.5
2017-04-11T14:00,36.9,10,0,15.1
2017-04-11T15:00,36.6,10,0,15.5
2017-04-11T16:00,35.8,11,0,13.8
2017-04-11T17:00,32.0,19,0,6.8
2017-04-11T18:00,29.4,19,0,9.4
2017-04-11T19:00,27.9,19,0,9.7
2017-04-11T20:00,26.8,20,0,9.0
2017-04-11T21:00,23.6,29,0,9.6
2017-04-11T22:00,23.7,28,0,4.7
2017-04-11T23:00,24.0,27,0,2.6
2017-04-12T00:00,25.4,23,0,1.8
2017-04-12T01:00,25.3,24,0,3.2
2017-04-12T02:00,24.9,25,0,4.7
2017-04-12T03:00,24.7,26,0,1.8
2017-04-12T04:00,24.4,27,0,2.2
2017-04-12T05:00,24.0,31,0,4.9
2017-04-12T06:00,24.5,34,0,2.9
2017-04-12T07:00,27.7,32,0,2.3
2017-04-12T08:00,31.0,25,0,3.9
2017-04-12T09:00,33.7,19,0,4.6
2017-04-12T10:00,35.4,14,0,4.3
2017-04-12T11:00,36.4,12,0,6.1
2017-04-12T12:00,37.0,12,0,5.6
2017-04-12T13:00,37.4,12,0,5.4
2017-04-12T14:00,37.5,11,0,3.4
2017-04-12T15:00,37.4,11,0,0.8
2017-04-12T16:00,36.9,12,0,5.0
2017-04-12T17:00,33.6,19,0,6.9
2017-04-12T18:00,30.9,23,0,14.4
2017-04-12T19:00,27.5,31,0,12.3
2017-04-12T20:00,26.7,31,0,5.8
2017-04-12T21:00,26.3,30,0,7.8
2017-04-12T22:00,25.2,32,0,6.9
2017-04-12T23:00,25.1,33,0,7.9
2017-04-13T00:00,24.6,37,0,7.2
2017-04-13T01:00,23.6,45,0,4.7
2017-04-13T02:00,23.4,51,0,5.0
2017-04-13T03:00,22.4,60,0,5.9
2017-04-13T04:00,22.6,69,0,6.1
2017-04-13T05:00,22.1,86,0,6.5
2017-04-13T06:00,24.1,86,0,5.8
2017-04-13T07:00,26.4,78,0,4.7
2017-04-13T08:00,29.1,66,0,5.6
2017-04-13T09:00,31.9,53,0,7.1
2017-04-13T10:00,34.5,40,0,7.4
2017-04-13T11:00,36.4,27,7,4.7
2017-04-13T12:00,37.6,21,0,1.9
2017-04-13T13:00,38.3,18,9,1.3
2017-04-13T14:00,38.5,16,6,4.1
2017-04-13T15:00,38.0,14,47,9.2
2017-04-13T16:00,35.3,23,7,18.2
2017-04-13T17:00,34.5,25,3,10.3
2017-04-13T18:00,31.8,30,12,13.7
2017-04-13T19:00,30.5,36,0,14.4
2017-04-13T20:00,29.2,40,0,9.6
2017-04-13T21:00,28.3,43,0,9.7
2017-04-13T22:00,27.6,50,0,8.5
2017-04-13T23:00,26.8,61,0,7.6
2017-04-14T00:00,25.8,66,0,5.7
2017-04-14T01:00,25.3,72,0,7.6
2017-04-14T02:00,24.6,82,0,7.2
2017-04-14T03:00,23.8,89,0,7.9
2017-04-14T04:00,23.3,92,0,8.9
2017-04-14T05:00,23.2,98,0,7.6
2017-04-14T06:00,24.8,88,85,9.9
2017-04-14T07:00,26.6,77,47,6.9
2017-04-14T08:00,28.9,65,0,8.1
2017-04-14T09:00,31.1,55,0,8.3
2017-04-14T10:00,33.1,47,0,9.2
2017-04-14T11:00,34.9,40,0,8.7
2017-04-14T12:00,36.2,34,4,6.3
2017-04-14T13:00,37.3,28,6,4.4
2017-04-14T14:00,37.7,25,25,3.9
2017-04-14T15:00,37.9,23,99,5.0
2017-04-14T16:00,37.0,22,10,7.7
2017-04-14T17:00,34.8,28,6,13.0
2017-04-14T18:00,32.3,40,0,17.0
2017-04-14T19:00,30.9,41,0,12.4
2017-04-14T20:00,29.5,47,0,9.4
2017-04-14T21:00,28.7,56,0,10.3
2017-04-14T22:00,27.5,69,0,11.2
2017-04-14T23:00,26.5,70,0,10.7
2017-04-15T00:00,25.5,70,0,7.5
2017-04-15T01:00,25.0,70,0,7.2
2017-04-15T02:00,24.8,69,0,9.0
2017-04-15T03:00,24.5,68,0,9.6
2017-04-15T04:00,23.8,67,0,7.3
2017-04-15T05:00,23.9,76,0,10.4
2017-04-15T06:00,26.2,61,0,10.5
2017-04-15T07:00,29.0,45,0,9.9
2017-04-15T08:00,31.4,37,0,7.6
2017-04-15T09:00,33.8,31,0,6.8
2017-04-15T10:00,35.9,27,8,5.5
2017-04-15T11:00,37.2,24,13,6.1
2017-04-15T12:00,38.2,16,29,7.2
2017-04-15T13:00,38.6,16,26,5.0
2017-04-15T14:00,39.7,13,1,10.0
2017-04-15T15:00,39.7,11,9,15.7
2017-04-15T16:00,37.9,14,54,17.5
2017-04-15T17:00,35.1,22,1,14.6
2017-04-15T18:00,31.9,35,4,20.6
2017-04-15T19:00,28.2,53,2,19.2
2017-04-15T20:00,27.8,56,1,19.9
2017-04-15T21:00,26.9,62,0,22.8
2017-04-15T22:00,25.1,70,0,17.0
2017-04-15T23:00,24.3,75,0,13.4
2017-04-16T00:00,24.0,78,1,12.3
2017-04-16T01:00,23.9,80,1,9.9
2017-04-16T02:00,23.9,78,0,9.8
2017-04-16T03:00,23.6,78,0,8.7
2017-04-16T04:00,23.2,81,0,8.4
2017-04-16T05:00,23.1,84,0,9.4
2017-04-16T06:00,24.6,78,0,12.2
2017-04-16T07:00,26.6,69,1,14.3
2017-04-16T08:00,28.9,58,3,14.2
2017-04-16T09:00,31.0,50,2,13.2
2017-04-16T10:00,32.9,43,12,12.2
2017-04-16T11:00,34.3,39,36,9.7
2017-04-16T12:00,35.2,35,30,4.2
2017-04-16T13:00,33.9,37,73,7.1
2017-04-16T14:00,32.2,43,45,16.9
2017-04-16T15:00,30.3,51,23,15.5
2017-04-16T16:00,30.5,52,33,13.4
2017-04-16T17:00,30.1,50,9,15.6
2017-04-16T18:00,28.8,59,3,16.2
2017-04-16T19:00,28.1,62,0,13.2
2017-04-16T20:00,27.4,64,0,13.7
2017-04-16T21:00,26.5,68,0,14.7
2017-04-16T22:00,25.7,73,2,13.4
2017-04-16T23:00,24.9,79,3,13.6
2017-04-17T00:00,24.4,80,5,11.3
2017-04-17T01:00,24.0,81,15,10.1
2017-04-17T02:00,23.7,82,25,8.3
2017-04-17T03:00,23.8,82,6,9.7
2017-04-17T04:00,23.2,85,2,8.7
2017-04-17T05:00,23.6,84,0,8.7
2017-04-17T06:00,25.1,77,0,10.3
2017-04-17T07:00,27.1,69,4,9.7
2017-04-17T08:00,29.4,60,0,8.7
2017-04-17T09:00,31.4,53,1,9.3
2017-04-17T10:00,33.4,44,23,10.6
2017-04-17T11:00,34.3,40,20,10.5
2017-04-17T12:00,35.5,37,10,8.7
2017-04-17T13:00,36.3,33,11,5.9
2017-04-17T14:00,36.9,30,48,3.9
2017-04-17T15:00,35.4,27,36,9.7
2017-04-17T16:00,35.3,28,29,9.3
2017-04-17T17:00,33.4,42,59,15.2
2017-04-17T18:00,31.7,45,0,15.2
2017-04-17T19:00,30.9,46,0,15.6
2017-04-17T20:00,30.6,49,0,15.5
2017-04-17T21:00,29.7,53,0,13.4
2017-04-17T22:00,29.2,55,1,9.8
2017-04-17T23:00,28.6,58,0,15.1
2017-04-18T00:00,27.2,69,0,12.3
2017-04-18T01:00,26.3,77,0,11.2
2017-04-18T02:00,25.7,84,8,11.7
2017-04-18T03:00,25.3,88,10,10.0
2017-04-18T04:00,25.2,90,18,8.2
2017-04-18T05:00,26.1,87,10,7.6
2017-04-18T06:00,27.6,79,1,10.2
2017-04-18T07:00,29.3,70,0,10.9
2017-04-18T08:00,31.5,60,3,11.8
2017-04-18T09:00,33.8,50,14,12.8
2017-04-18T10:00,35.7,41,24,13.3
2017-04-18T11:00,36.6,35,33,12.8
2017-04-18T12:00,37.1,32,25,10.5
2017-04-18T13:00,38.2,29,45,7.3
2017-04-18T14:00,39.1,27,25,6.5
2017-04-18T15:00,38.8,26,61,8.0
2017-04-18T16:00,37.8,27,82,8.3
2017-04-18T17:00,34.2,42,48,20.8
2017-04-18T18:00,32.8,46,10,15.6
2017-04-18T19:00,31.9,48,8,13.8
2017-04-18T20:00,31.2,53,16,17.3
2017-04-18T21:00,29.6,69,5,17.7
2017-04-18T22:00,28.6,72,7,16.7
2017-04-18T23:00,27.7,76,6,13.2
2017-04-19T00:00,27.2,80,13,12.1
2017-04-19T01:00,26.9,83,5,11.4
2017-04-19T02:00,26.6,85,14,10.6
2017-04-19T03:00,26.3,87,3,9.9
2017-04-19T04:00,26.1,87,0,10.1
2017-04-19T05:00,26.3,90,1,7.9
2017-04-19T06:00,28.1,79,0,8.3
2017-04-19T07:00,30.2,67,0,9.5
2017-04-19T08:00,32.5,56,0,10.0
2017-04-19T09:00,35.1,45,0,10.7
2017-04-19T10:00,38.0,30,30,11.4
2017-04-19T11:00,38.4,27,34,13.3
2017-04-19T12:00,39.1,22,46,13.7
2017-04-19T13:00,38.5,20,79,19.2
2017-04-19T14:00,38.0,22,51,23.2
2017-04-19T15:00,37.0,25,42,14.9
2017-04-19T16:00,33.8,48,24,22.1
2017-04-19T17:00,36.2,22,0,14.6
2017-04-19T18:00,32.6,35,11,13.6
2017-04-19T19:00,31.0,45,6,13.6
2017-04-19T20:00,29.4,58,0,16.7
2017-04-19T21:00,28.4,69,0,14.8
2017-04-19T22:00,27.0,77,3,15.7
2017-04-19T23:00,26.1,82,4,13.0
2017-04-20T00:00,25.5,84,0,8.5
2017-04-20T01:00,24.9,87,0,6.7
2017-04-20T02:00,24.5,89,0,7.5
2017-04-20T03:00,24.0,91,2,6.9
2017-04-20T04:00,23.5,94,3,4.1
2017-04-20T05:00,24.9,91,7,11.6
2017-04-20T06:00,27.2,77,0,15.3
2017-04-20T07:00,29.2,69,8,18.0
2017-04-20T08:00,31.1,62,86,16.7
2017-04-20T09:00,32.7,54,55,15.0
2017-04-20T10:00,35.3,45,4,15.5
2017-04-20T11:00,37.6,37,8,14.9
2017-04-20T12:00,39.7,29,54,8.4
2017-04-20T13:00,39.1,28,71,3.7
2017-04-20T14:00,34.5,38,64,23.7
2017-04-20T15:00,36.3,36,53,13.2
2017-04-20T16:00,34.9,39,23,15.7
2017-04-20T17:00,32.0,52,1,22.7
2017-04-20T18:00,30.5,60,22,15.9
2017-04-20T19:00,29.7,63,16,13.0
2017-04-20T20:00,29.0,66,4,11.6
2017-04-20T21:00,28.4,69,0,9.0
2017-04-20T22:00,27.9,74,5,10.5
2017-04-20T23:00,27.2,80,1,8.4
2017-04-21T00:00,26.7,84,27,10.4
2017-04-21T01:00,26.2,87,4,9.4
2017-04-21T02:00,25.8,89,6,7.9
2017-04-21T03:00,25.5,92,3,8.3
2017-04-21T04:00,25.1,94,5,8.3
2017-04-21T05:00,25.3,98,4,9.4
2017-04-21T06:00,27.4,85,51,12.6
2017-04-21T07:00,29.1,76,44,11.0
2017-04-21T08:00,30.8,66,33,9.2
2017-04-21T09:00,32.9,58,32,10.5
2017-04-21T10:00,34.5,51,34,10.0
2017-04-21T11:00,35.8,46,31,8.4
2017-04-21T12:00,37.1,41,16,9.4
2017-04-21T13:00,36.0,39,63,13.9
2017-04-21T14:00,36.3,40,56,7.3
2017-04-21T15:00,35.8,44,51,11.4
2017-04-21T16:00,34.4,50,50,16.1
2017-04-21T17:00,29.2,71,49,19.6
2017-04-21T18:00,28.1,78,32,18.7
2017-04-21T19:00,28.1,76,46,15.1
2017-04-21T20:00,27.5,79,33,13.7
2017-04-21T21:00,27.1,79,58,12.7
2017-04-21T22:00,26.8,82,14,12.3
2017-04-21T23:00,26.1,87,44,13.3
2017-04-22T00:00,26.1,89,45,11.0
2017-04-22T01:00,26.0,89,15,10.6
2017-04-22T02:00,25.9,89,29,11.0
2017-04-22T03:00,26.0,88,79,11.0
2017-04-22T04:00,25.9,86,60,12.1
2017-04-22T05:00,26.4,91,60,8.9
2017-04-22T06:00,27.9,82,53,10.1
2017-04-22T07:00,29.1,75,84,16.3
2017-04-22T08:00,27.0,79,100,22.7
2017-04-22T09:00,27.3,77,70,13.6
2017-04-22T10:00,31.4,61,36,4.3
2017-04-22T11:00,33.7,52,3,7.9
2017-04-22T12:00,35.2,46,3,9.7
2017-04-22T13:00,36.2,42,23,11.5
2017-04-22T14:00,36.3,42,80,6.8
2017-04-22T15:00,36.0,41,64,7.9
2017-04-22T16:00,35.9,40,30,7.7
2017-04-22T17:00,32.0,49,84,9.7
2017-04-22T18:00,31.0,57,36,10.0
2017-04-22T19:00,30.5,59,39,12.7
2017-04-22T20:00,29.2,71,18,23.4
2017-04-22T21:00,27.3,80,67,18.9
2017-04-22T22:00,27.0,81,15,15.6
2017-04-22T23:00,26.4,84,19,13.2
2017-04-23T00:00,25.9,86,20,11.4
2017-04-23T01:00,25.9,85,18,9.2
2017-04-23T02:00,25.6,86,50,9.9
2017-04-23T03:00,25.4,86,22,7.6
2017-04-23T04:00,25.2,87,100,8.7
2017-04-23T05:00,26.1,84,100,12.7
2017-04-23T06:00,26.7,81,100,13.2
2017-04-23T07:00,27.6,76,100,13.4
2017-04-23T08:00,27.8,75,100,13.2
2017-04-23T09:00,29.5,67,100,10.4
2017-04-23T10:00,31.4,59,82,8.1
2017-04-23T11:00,33.0,52,14,8.0
2017-04-23T12:00,34.6,47,11,8.3
2017-04-23T13:00,34.9,46,73,4.8
2017-04-23T14:00,32.3,57,62,14.8
2017-04-23T15:00,32.5,54,37,7.3
2017-04-23T16:00,33.4,50,26,7.9
2017-04-23T17:00,31.6,60,22,8.6
2017-04-23T18:00,30.6,62,22,7.6
2017-04-23T19:00,29.6,63,20,5.6
2017-04-23T20:00,29.4,60,15,8.9
2017-04-23T21:00,28.6,64,9,6.6
2017-04-23T22:00,27.9,69,12,8.4
2017-04-23T23:00,27.6,72,4,11.0
2017-04-24T00:00,27.0,77,0,9.0
2017-04-24T01:00,26.3,81,0,6.6
2017-04-24T02:00,25.3,87,0,4.6
2017-04-24T03:00,25.3,88,0,5.1
2017-04-24T04:00,24.6,94,0,4.3
2017-04-24T05:00,25.2,93,1,9.2
2017-04-24T06:00,27.2,85,49,12.7
2017-04-24T07:00,28.8,76,54,11.5
2017-04-24T08:00,30.4,67,35,9.9
2017-04-24T09:00,32.4,58,9,7.7
2017-04-24T10:00,34.2,51,6,6.9
2017-04-24T11:00,35.9,44,7,7.7
2017-04-24T12:00,37.7,32,37,9.4
2017-04-24T13:00,34.5,39,37,15.1
2017-04-24T14:00,37.7,28,6,13.1
2017-04-24T15:00,37.8,22,9,23.2
2017-04-24T16:00,37.3,23,11,16.9
2017-04-24T17:00,36.0,22,3,21.2
2017-04-24T18:00,34.4,24,7,22.9
2017-04-24T19:00,33.4,25,3,18.9
2017-04-24T20:00,31.7,30,1,7.9
2017-04-24T21:00,28.6,39,0,6.4
2017-04-24T22:00,27.9,43,0,3.7
2017-04-24T23:00,26.9,50,0,2.0
2017-04-25T00:00,27.5,49,0,5.5
2017-04-25T01:00,26.4,55,0,7.0
2017-04-25T02:00,26.2,57,0,6.8
2017-04-25T03:00,25.3,56,0,7.2
2017-04-25T04:00,25.8,48,0,9.7
2017-04-25T05:00,23.8,73,0,7.2
2017-04-25T06:00,27.8,51,1,9.8
2017-04-25T07:00,31.4,42,1,8.0
2017-04-25T08:00,34.8,34,2,9.4
2017-04-25T09:00,37.1,28,0,11.3
2017-04-25T10:00,38.7,21,38,10.9
2017-04-25T11:00,38.9,19,1,8.6
2017-04-25T12:00,40.7,16,8,10.4
2017-04-25T13:00,41.0,14,20,17.0
2017-04-25T14:00,40.9,14,19,17.3
2017-04-25T15:00,39.5,17,4,18.4
2017-04-25T16:00,38.6,17,1,17.1
2017-04-25T17:00,36.5,22,0,13.9
2017-04-25T18:00,33.8,23,0,11.2
2017-04-25T19:00,31.6,26,0,8.0
2017-04-25T20:00,29.2,33,0,7.6
2017-04-25T21:00,28.0,39,0,7.2
2017-04-25T22:00,30.3,30,0,2.3
2017-04-25T23:00,27.9,36,0,4.6
2017-04-26T00:00,26.9,40,0,4.8
2017-04-26T01:00,26.2,42,0,5.3
2017-04-26T02:00,26.0,42,0,6.6
2017-04-26T03:00,25.2,44,0,6.5
2017-04-26T04:00,24.8,45,0,7.0
2017-04-26T05:00,25.3,47,0,5.6
2017-04-26T06:00,29.0,41,14,8.1
2017-04-26T07:00,32.7,30,13,6.1
2017-04-26T08:00,34.9,25,18,6.2
2017-04-26T09:00,36.7,19,28,6.3
2017-04-26T10:00,38.2,15,26,9.2
2017-04-26T11:00,39.4,13,48,12.2
2017-04-26T12:00,39.9,13,45,14.8
2017-04-26T13:00,40.0,13,77,15.0
2017-04-26T14:00,39.5,13,84,12.5
2017-04-26T15:00,39.2,13,1,12.2
2017-04-26T16:00,38.4,14,0,14.4
2017-04-26T17:00,35.7,21,3,7.6
2017-04-26T18:00,33.3,22,0,10.1
2017-04-26T19:00,32.0,23,0,10.8
2017-04-26T20:00,31.1,25,0,11.2
2017-04-26T21:00,30.2,29,5,7.7
2017-04-26T22:00,27.4,36,17,7.7
2017-04-26T23:00,28.4,36,7,5.5
2017-04-27T00:00,27.6,39,1,6.5
2017-04-27T01:00,27.0,43,0,8.0
2017-04-27T02:00,26.8,43,0,7.3
2017-04-27T03:00,26.2,43,0,7.2
2017-04-27T04:00,24.7,47,1,6.7
2017-04-27T05:00,25.7,62,7,6.5
2017-04-27T06:00,28.3,53,63,4.9
2017-04-27T07:00,30.6,48,37,5.2
2017-04-27T08:00,33.2,41,29,5.4
2017-04-27T09:00,36.1,31,2,4.7
2017-04-27T10:00,38.2,21,65,2.4
2017-04-27T11:00,38.6,16,19,6.9
2017-04-27T12:00,39.8,14,7,11.8
2017-04-27T13:00,40.1,12,7,9.6
2017-04-27T14:00,41.1,10,77,11.4
2017-04-27T15:00,39.9,12,72,22.3
2017-04-27T16:00,38.4,13,23,18.1
2017-04-27T17:00,36.3,16,9,11.8
2017-04-27T18:00,34.7,16,0,17.5
2017-04-27T19:00,31.7,20,3,8.8
2017-04-27T20:00,30.1,47,1,8.4
2017-04-27T21:00,28.5,61,0,8.4
2017-04-27T22:00,29.0,61,0,5.1
2017-04-27T23:00,27.5,69,0,7.0
2017-04-28T00:00,27.6,69,0,5.5
2017-04-28T01:00,26.3,72,0,6.8
2017-04-28T02:00,26.2,63,0,7.6
2017-04-28T03:00,25.2,55,0,7.0
2017-04-28T04:00,24.4,49,0,6.7
2017-04-28T05:00,26.3,65,0,3.3
2017-04-28T06:00,27.8,64,0,2.0
2017-04-28T07:00,30.6,52,0,1.8
2017-04-28T08:00,33.7,38,0,3.0
2017-04-28T09:00,36.4,26,0,3.0
2017-04-28T10:00,38.3,18,34,5.2
2017-04-28T11:00,39.6,14,10,8.3
2017-04-28T12:00,40.3,12,10,8.6
2017-04-28T13:00,40.9,11,17,12.3
2017-04-28T14:00,40.4,11,22,19.9
2017-04-28T15:00,40.5,10,28,18.5
2017-04-28T16:00,39.6,10,87,17.3
2017-04-28T17:00,37.5,13,9,14.8
2017-04-28T18:00,35.0,14,2,12.1
2017-04-28T19:00,31.4,18,2,9.3
2017-04-28T20:00,30.9,18,0,7.9
2017-04-28T21:00,29.3,21,0,7.6
2017-04-28T22:00,28.9,24,1,8.9
2017-04-28T23:00,27.3,27,0,6.9
2017-04-29T00:00,26.1,27,0,8.8
2017-04-29T01:00,27.4,24,0,9.1
2017-04-29T02:00,26.7,26,0,7.2
2017-04-29T03:00,25.4,28,0,7.1
2017-04-29T04:00,24.6,31,0,8.8
2017-04-29T05:00,28.4,25,0,5.4
2017-04-29T06:00,29.4,27,0,2.9
2017-04-29T07:00,32.6,22,0,6.0
2017-04-29T08:00,35.2,20,0,7.1
2017-04-29T09:00,37.7,16,0,6.8
2017-04-29T10:00,39.5,14,32,6.2
2017-04-29T11:00,40.3,11,4,11.5
2017-04-29T12:00,40.2,11,40,13.4
2017-04-29T13:00,38.8,18,79,22.0
2017-04-29T14:00,38.5,14,48,18.7
2017-04-29T15:00,38.9,16,27,15.0
2017-04-29T16:00,37.2,24,8,22.4
2017-04-29T17:00,36.9,21,0,5.4
2017-04-29T18:00,33.5,20,17,7.2
2017-04-29T19:00,32.7,22,5,8.6
2017-04-29T20:00,30.3,47,0,11.9
2017-04-29T21:00,29.3,60,0,13.3
2017-04-29T22:00,28.8,65,0,10.8
2017-04-29T23:00,28.0,70,3,11.7
2017-04-30T00:00,27.3,78,0,11.6
2017-04-30T01:00,26.6,85,77,11.6
2017-04-30T02:00,26.1,89,78,7.4
2017-04-30T03:00,25.7,91,71,8.6
2017-04-30T04:00,25.5,93,54,9.1
2017-04-30T05:00,25.5,94,69,9.5
2017-04-30T06:00,27.5,84,6,9.2
2017-04-30T07:00,29.8,71,0,9.5
2017-04-30T08:00,32.5,57,0,9.4
2017-04-30T09:00,34.8,47,0,8.8
2017-04-30T10:00,36.8,39,2,8.1
2017-04-30T11:00,38.4,32,15,8.2
2017-04-30T12:00,39.2,30,24,7.9
2017-04-30T13:00,37.6,28,57,8.3
2017-04-30T14:00,27.8,70,99,8.4
2017-04-30T15:00,28.7,60,4,21.4
2017-04-30T16:00,30.8,52,8,16.6
2017-04-30T17:00,33.2,40,49,13.8
2017-04-30T18:00,30.7,48,18,6.9
2017-04-30T19:00,30.2,51,36,9.7
2017-04-30T20:00,30.2,51,3,7.7
2017-04-30T21:00,29.7,54,50,6.1
2017-04-30T22:00,29.4,58,79,10.6
2017-04-30T23:00,28.5,64,84,7.6
2017-05-01T00:00,28.1,72,89,7.2
2017-05-01T01:00,27.6,77,62,8.1
2017-05-01T02:00,27.0,81,1,4.5
2017-05-01T03:00,26.5,85,7,5.0
2017-05-01T04:00,26.2,88,47,6.8
2017-05-01T05:00,25.2,86,49,5.7
2017-05-01T06:00,26.5,81,97,7.2
2017-05-01T07:00,28.9,71,97,11.9
2017-05-01T08:00,30.7,64,66,9.5
2017-05-01T09:00,32.9,55,35,12.3
2017-05-01T10:00,34.5,48,33,13.8
2017-05-01T11:00,36.0,40,90,7.9
2017-05-01T12:00,28.0,65,93,9.0
2017-05-01T13:00,30.3,56,94,7.6
2017-05-01T14:00,32.1,50,81,2.2
2017-05-01T15:00,33.6,42,67,3.9
2017-05-01T16:00,33.7,40,93,5.6
2017-05-01T17:00,28.2,71,61,8.2
2017-05-01T18:00,27.0,78,53,13.0
2017-05-01T19:00,26.9,73,7,11.3
2017-05-01T20:00,26.6,73,49,12.3
2017-05-01T21:00,26.1,82,66,15.9
2017-05-01T22:00,25.4,83,10,10.2
2017-05-01T23:00,24.7,87,15,8.4
2017-05-02T00:00,24.3,89,2,4.0
2017-05-02T01:00,24.2,89,2,8.2
2017-05-02T02:00,24.0,90,12,6.5
2017-05-02T03:00,23.5,94,0,3.8
2017-05-02T04:00,23.4,94,0,6.2
2017-05-02T05:00,23.7,92,0,4.3
2017-05-02T06:00,25.8,81,0,8.4
2017-05-02T07:00,27.8,72,0,8.0
2017-05-02T08:00,30.0,62,2,7.4
2017-05-02T09:00,31.9,54,0,7.1
2017-05-02T10:00,33.4,48,7,7.1
2017-05-02T11:00,34.7,41,15,4.9
2017-05-02T12:00,35.7,37,24,4.7
2017-05-02T13:00,36.1,31,47,12.9
2017-05-02T14:00,32.7,45,57,15.1
2017-05-02T15:00,34.5,37,45,5.2
2017-05-02T16:00,33.0,42,47,4.8
2017-05-02T17:00,32.0,48,10,12.4
2017-05-02T18:00,30.7,55,2,11.6
2017-05-02T19:00,29.3,61,0,9.6
2017-05-02T20:00,28.0,67,0,4.2
2017-05-02T21:00,27.5,69,1,5.1
2017-05-02T22:00,27.2,72,0,5.6
2017-05-02T23:00,26.8,75,0,5.6
2017-05-03T00:00,26.3,77,0,6.2
2017-05-03T01:00,25.5,82,0,4.3
2017-05-03T02:00,25.3,85,0,5.6
2017-05-03T03:00,24.8,89,0,4.5
2017-05-03T04:00,24.6,92,0,4.8
2017-05-03T05:00,25.0,98,0,6.4
2017-05-03T06:00,26.8,88,1,5.8
2017-05-03T07:00,29.1,74,0,4.2
2017-05-03T08:00,31.7,60,0,3.9
2017-05-03T09:00,34.0,48,1,5.4
2017-05-03T10:00,36.2,33,4,5.4
2017-05-03T11:00,37.7,23,32,7.6
2017-05-03T12:00,37.9,22,19,9.0
2017-05-03T13:00,38.7,20,18,9.2
2017-05-03T14:00,38.9,19,4,8.4
2017-05-03T15:00,39.0,17,2,5.9
2017-05-03T16:00,38.5,16,1,4.5
2017-05-03T17:00,35.7,26,0,5.5
2017-05-03T18:00,33.1,31,1,11.6
2017-05-03T19:00,31.1,51,0,12.3
2017-05-03T20:00,29.7,60,0,10.6
2017-05-03T21:00,28.7,66,3,10.3
2017-05-03T22:00,28.2,68,0,7.6
2017-05-03T23:00,27.6,72,40,5.9
2017-05-04T00:00,27.0,77,44,5.4
2017-05-04T01:00,26.5,81,56,6.5
2017-05-04T02:00,26.3,84,68,8.4
2017-05-04T03:00,25.9,86,70,6.3
2017-05-04T04:00,25.3,88,39,6.6
2017-05-04T05:00,26.1,68,37,8.2
2017-05-04T06:00,29.1,54,3,11.2
2017-05-04T07:00,32.1,42,0,14.3
2017-05-04T08:00,34.7,35,0,5.6
2017-05-04T09:00,36.2,32,1,4.9
2017-05-04T10:00,37.8,28,40,2.9
2017-05-04T11:00,36.1,29,56,1.3
2017-05-04T12:00,37.3,26,31,2.9
2017-05-04T13:00,38.0,21,51,2.3
2017-05-04T14:00,38.0,21,36,2.4
2017-05-04T15:00,38.3,19,22,7.7
2017-05-04T16:00,37.7,21,40,1.1
2017-05-04T17:00,35.3,42,10,5.9
2017-05-04T18:00,33.0,38,1,12.7
2017-05-04T19:00,30.9,46,19,17.8
2017-05-04T20:00,30.6,55,0,17.7
2017-05-04T21:00,29.7,61,0,11.5
2017-05-04T22:00,28.9,66,0,10.6
2017-05-04T23:00,27.4,75,1,6.7
2017-05-05T00:00,27.8,74,0,4.7
2017-05-05T01:00,26.6,80,0,6.0
2017-05-05T02:00,25.8,85,26,5.6
2017-05-05T03:00,25.9,84,2,4.7
2017-05-05T04:00,26.3,80,0,4.3
2017-05-05T05:00,25.9,93,0,4.1
2017-05-05T06:00,27.9,84,0,3.8
2017-05-05T07:00,29.8,75,0,4.5
2017-05-05T08:00,32.2,63,0,5.1
2017-05-05T09:00,35.0,50,0,5.4
2017-05-05T10:00,38.1,28,25,7.4
2017-05-05T11:00,39.3,22,47,11.8
2017-05-05T12:00,39.3,18,82,15.3
2017-05-05T13:00,40.1,17,100,12.8
2017-05-05T14:00,39.4,16,10,6.2
2017-05-05T15:00,40.5,13,0,14.7
2017-05-05T16:00,39.8,14,0,13.6
2017-05-05T17:00,36.9,22,66,6.9
2017-05-05T18:00,35.0,20,0,10.0
2017-05-05T19:00,31.8,26,0,7.2
2017-05-05T20:00,30.1,44,0,7.7
2017-05-05T21:00,28.5,60,0,4.8
2017-05-05T22:00,28.3,61,0,10.4
2017-05-05T23:00,27.8,75,0,6.2
2017-05-06T00:00,27.0,80,0,5.7
2017-05-06T01:00,25.6,87,0,3.2
2017-05-06T02:00,25.6,78,0,6.6
2017-05-06T03:00,25.3,79,0,7.9
2017-05-06T04:00,25.3,92,0,9.1
2017-05-06T05:00,24.9,100,0,8.6
2017-05-06T06:00,27.7,89,38,8.0
2017-05-06T07:00,30.4,72,0,5.9
2017-05-06T08:00,33.1,57,0,5.8
2017-05-06T09:00,35.8,45,0,5.4
2017-05-06T10:00,38.5,26,12,1.4
2017-05-06T11:00,39.9,13,35,3.3
2017-05-06T12:00,40.7,13,33,2.3
2017-05-06T13:00,40.2,15,22,9.0
2017-05-06T14:00,39.4,18,69,17.2
2017-05-06T15:00,39.3,16,28,17.7
2017-05-06T16:00,36.7,22,29,20.9
2017-05-06T17:00,35.5,28,15,17.6
2017-05-06T18:00,34.3,33,13,15.2
2017-05-06T19:00,32.5,44,2,16.8
2017-05-06T20:00,31.5,59,30,17.2
2017-05-06T21:00,30.1,71,81,12.5
2017-05-06T22:00,29.4,75,91,11.0
2017-05-06T23:00,28.8,76,83,7.3
2017-05-07T00:00,27.7,80,42,2.6
2017-05-07T01:00,27.3,77,17,3.7
2017-05-07T02:00,26.3,86,2,10.9
2017-05-07T03:00,25.8,91,0,9.4
2017-05-07T04:00,25.0,94,0,6.3
2017-05-07T05:00,25.5,60,0,7.9
2017-05-07T06:00,29.9,41,7,7.4
2017-05-07T07:00,31.6,38,14,1.1
2017-05-07T08:00,33.9,33,13,6.8
2017-05-07T09:00,36.2,27,6,4.1
2017-05-07T10:00,37.9,24,16,2.4
2017-05-07T11:00,39.2,23,13,1.8
2017-05-07T12:00,39.5,18,42,11.9
2017-05-07T13:00,38.5,23,71,14.0
2017-05-07T14:00,38.8,21,69,9.6
2017-05-07T15:00,38.8,18,38,12.2
2017-05-07T16:00,37.8,21,39,13.5
2017-05-07T17:00,36.0,30,24,11.3
2017-05-07T18:00,33.2,36,0,12.0
2017-05-07T19:00,32.1,40,1,13.4
2017-05-07T20:00,31.0,51,0,13.1
2017-05-07T21:00,30.2,58,0,12.8
2017-05-07T22:00,29.7,62,0,15.5
2017-05-07T23:00,28.9,70,0,14.2
2017-05-08T00:00,27.9,78,0,14.2
2017-05-08T01:00,27.2,84,0,13.4
2017-05-08T02:00,26.5,89,0,12.4
2017-05-08T03:00,26.0,91,1,11.3
2017-05-08T04:00,25.5,94,13,10.3
2017-05-08T05:00,25.7,96,52,11.5
2017-05-08T06:00,27.4,85,86,12.6
2017-05-08T07:00,29.2,75,85,11.3
2017-05-08T08:00,31.2,65,83,9.2
2017-05-08T09:00,33.3,55,65,8.7
2017-05-08T10:00,35.0,48,72,10.0
2017-05-08T11:00,36.2,45,13,11.3
2017-05-08T12:00,35.2,43,46,5.8
2017-05-08T13:00,35.7,43,55,7.8
2017-05-08T14:00,35.2,46,46,9.4
2017-05-08T15:00,35.6,44,72,10.6
2017-05-08T16:00,34.4,48,85,13.4
2017-05-08T17:00,34.9,39,40,6.6
2017-05-08T18:00,33.0,50,6,15.8
2017-05-08T19:00,29.8,63,1,18.7
2017-05-08T20:00,27.6,73,11,9.7
2017-05-08T21:00,27.2,77,13,4.6
2017-05-08T22:00,26.9,80,17,4.7
2017-05-08T23:00,26.7,83,0,5.1
2017-05-09T00:00,26.4,86,0,7.9
2017-05-09T01:00,25.9,90,0,6.4
2017-05-09T02:00,25.4,94,0,8.0
2017-05-09T03:00,25.0,97,0,9.5
2017-05-09T04:00,24.8,99,100,12.3
2017-05-09T05:00,25.9,96,100,10.0
2017-05-09T06:00,28.0,84,7,12.7
2017-05-09T07:00,30.1,73,15,7.0
2017-05-09T08:00,31.9,63,56,3.9
2017-05-09T09:00,33.4,56,43,11.2
2017-05-09T10:00,35.2,48,4,9.1
2017-05-09T11:00,36.5,43,7,7.1
2017-05-09T12:00,35.6,42,89,9.7
2017-05-09T13:00,32.1,53,75,12.6
2017-05-09T14:00,32.6,53,62,13.0
2017-05-09T15:00,32.3,51,38,13.6
2017-05-09T16:00,32.6,49,33,12.4
2017-05-09T17:00,31.8,56,93,15.9
2017-05-09T18:00,30.7,60,17,14.8
2017-05-09T19:00,29.7,64,36,14.7
2017-05-09T20:00,28.8,69,13,13.2
2017-05-09T21:00,27.9,76,4,14.3
2017-05-09T22:00,27.2,82,10,12.5
2017-05-09T23:00,26.5,85,5,10.0
2017-05-10T00:00,26.1,85,27,10.0
2017-05-10T01:00,25.9,87,39,10.3
2017-05-10T02:00,25.9,88,72,10.5
2017-05-10T03:00,26.0,88,100,11.4
2017-05-10T04:00,26.5,86,100,13.4
2017-05-10T05:00,25.0,92,55,9.2
2017-05-10T06:00,26.9,81,15,9.4
2017-05-10T07:00,28.6,73,75,7.6
2017-05-10T08:00,30.4,64,87,4.6
2017-05-10T09:00,32.0,57,22,5.4
2017-05-10T10:00,33.3,54,6,8.7
2017-05-10T11:00,34.3,50,42,7.2
2017-05-10T12:00,33.7,51,26,9.3
2017-05-10T13:00,34.2,49,30,4.7
2017-05-10T14:00,33.8,49,25,8.0
2017-05-10T15:00,33.0,51,24,9.5
2017-05-10T16:00,33.2,50,13,11.8
2017-05-10T17:00,32.5,50,14,9.3
2017-05-10T18:00,30.8,57,20,11.9
2017-05-10T19:00,29.6,65,12,6.4
2017-05-10T20:00,28.7,70,10,5.9
2017-05-10T21:00,28.1,73,1,6.5
2017-05-10T22:00,27.5,75,1,8.7
2017-05-10T23:00,26.8,76,1,8.9
2017-05-11T00:00,26.0,80,1,6.6
2017-05-11T01:00,25.4,85,1,6.0
2017-05-11T02:00,25.3,87,1,8.0
2017-05-11T03:00,25.0,91,1,7.7
2017-05-11T04:00,24.7,95,4,7.4
2017-05-11T05:00,25.3,97,2,9.3
2017-05-11T06:00,27.5,85,0,8.7
2017-05-11T07:00,29.7,70,11,9.0
2017-05-11T08:00,32.0,59,0,10.5
2017-05-11T09:00,34.1,50,0,12.4
2017-05-11T10:00,35.8,44,15,12.6
2017-05-11T11:00,37.2,39,13,11.4
2017-05-11T12:00,38.1,32,41,8.6
2017-05-11T13:00,28.4,72,88,31.4
2017-05-11T14:00,28.6,65,30,20.2
2017-05-11T15:00,30.6,53,16,7.6
2017-05-11T16:00,31.9,46,37,4.4
2017-05-11T17:00,32.5,45,24,8.8
2017-05-11T18:00,29.0,71,29,16.1
2017-05-11T19:00,27.9,74,38,14.1
2017-05-11T20:00,27.3,79,41,12.6
2017-05-11T21:00,27.1,79,38,10.9
2017-05-11T22:00,26.7,80,28,9.7
2017-05-11T23:00,26.3,82,17,6.8
2017-05-12T00:00,26.2,82,12,8.4
2017-05-12T01:00,26.0,83,5,6.4
2017-05-12T02:00,25.2,88,6,6.5
2017-05-12T03:00,25.4,87,4,10.5
2017-05-12T04:00,25.2,92,13,11.7
2017-05-12T05:00,24.9,95,23,10.6
2017-05-12T06:00,26.6,87,5,10.2
2017-05-12T07:00,28.6,76,5,9.4
2017-05-12T08:00,30.6,66,3,8.4
2017-05-12T09:00,32.4,59,0,6.1
2017-05-12T10:00,33.9,54,2,5.4
2017-05-12T11:00,35.1,49,4,5.0
2017-05-12T12:00,36.0,46,8,4.7
2017-05-12T13:00,35.7,46,9,4.2
2017-05-12T14:00,34.6,49,51,11.3
2017-05-12T15:00,32.9,55,38,7.9
2017-05-12T16:00,33.9,51,31,4.7
2017-05-12T17:00,31.8,63,6,11.6
2017-05-12T18:00,30.2,70,5,10.8
2017-05-12T19:00,29.3,74,9,10.0
2017-05-12T20:00,28.9,75,8,8.8
2017-05-12T21:00,28.8,74,10,8.7
2017-05-12T22:00,28.5,77,10,8.0
2017-05-12T23:00,28.0,79,8,7.8
2017-05-13T00:00,27.4,82,5,4.2
2017-05-13T01:00,27.0,85,1,5.1
2017-05-13T02:00,26.5,89,7,4.6
2017-05-13T03:00,26.4,91,5,5.3
2017-05-13T04:00,25.7,95,5,3.8
2017-05-13T05:00,26.4,95,0,5.4
2017-05-13T06:00,28.6,82,0,2.5
2017-05-13T07:00,30.8,68,0,3.4
2017-05-13T08:00,32.8,59,0,4.8
2017-05-13T09:00,34.8,51,0,2.9
2017-05-13T10:00,36.5,44,4,1.0
2017-05-13T11:00,37.8,37,23,2.5
2017-05-13T12:00,37.7,35,55,10.4
2017-05-13T13:00,36.1,37,34,7.8
2017-05-13T14:00,37.7,29,28,3.0
2017-05-13T15:00,37.7,31,13,8.7
2017-05-13T16:00,37.2,31,51,10.9
2017-05-13T17:00,32.3,52,10,11.8
2017-05-13T18:00,30.5,62,1,13.5
2017-05-13T19:00,29.5,69,1,13.1
2017-05-13T20:00,28.5,76,0,14.1
2017-05-13T21:00,27.6,82,0,11.8
2017-05-13T22:00,27.4,84,0,8.3
2017-05-13T23:00,27.1,86,0,5.9
2017-05-14T00:00,26.5,91,0,6.2
2017-05-14T01:00,26.4,90,0,4.3
2017-05-14T02:00,26.3,90,1,4.4
2017-05-14T03:00,26.1,91,0,4.7
2017-05-14T04:00,25.9,92,0,4.8
2017-05-14T05:00,25.8,95,0,6.5
2017-05-14T06:00,27.9,84,0,7.6
2017-05-14T07:00,30.3,72,0,6.6
2017-05-14T08:00,32.6,61,0,4.9
2017-05-14T09:00,34.6,54,0,2.9
2017-05-14T10:00,36.3,47,1,2.8
2017-05-14T11:00,37.6,41,37,3.3
2017-05-14T12:00,37.8,38,35,5.8
2017-05-14T13:00,38.1,36,40,7.9
2017-05-14T14:00,37.3,41,20,12.3
2017-05-14T15:00,36.0,48,10,16.6
2017-05-14T16:00,36.7,40,17,10.5
2017-05-14T17:00,35.4,49,10,5.4
2017-05-14T18:00,32.4,61,18,5.9
2017-05-14T19:00,31.6,63,6,17.7
2017-05-14T20:00,30.2,70,4,16.5
2017-05-14T21:00,29.8,72,4,15.9
2017-05-14T22:00,29.5,74,17,14.0
2017-05-14T23:00,28.9,77,0,11.9
2017-05-15T00:00,28.5,81,7,12.0
2017-05-15T01:00,28.1,87,5,13.2
2017-05-15T02:00,27.3,92,3,10.6
2017-05-15T03:00,26.7,95,2,5.9
2017-05-15T04:00,26.2,98,0,3.5
2017-05-15T05:00,26.8,99,0,2.5
2017-05-15T06:00,28.8,86,42,9.6
2017-05-15T07:00,30.6,76,55,12.1
2017-05-15T08:00,32.1,68,9,12.3
2017-05-15T09:00,34.0,61,0,13.3
2017-05-15T10:00,35.2,56,2,14.1
2017-05-15T11:00,36.2,53,11,13.7
2017-05-15T12:00,36.7,50,59,10.0
2017-05-15T13:00,36.9,48,48,5.7
2017-05-15T14:00,35.8,52,100,4.8
2017-05-15T15:00,34.0,57,21,16.4
2017-05-15T16:00,33.8,59,22,15.1
2017-05-15T17:00,33.7,61,47,12.8
2017-05-15T18:00,31.7,69,9,11.0
2017-05-15T19:00,30.7,73,4,9.0
2017-05-15T20:00,29.9,78,4,6.8
2017-05-15T21:00,29.9,77,17,8.9
2017-05-15T22:00,30.1,77,1,7.9
2017-05-15T23:00,29.6,80,2,7.6
2017-05-16T00:00,29.2,81,0,7.9
2017-05-16T01:00,28.6,83,0,4.3
2017-05-16T02:00,28.0,83,0,10.5
2017-05-16T03:00,27.4,84,2,8.7
2017-05-16T04:00,27.0,86,1,5.1
2017-05-16T05:00,26.1,92,4,13.3
2017-05-16T06:00,27.4,85,1,12.4
2017-05-16T07:00,29.4,74,39,13.9
2017-05-16T08:00,32.2,62,68,13.3
2017-05-16T09:00,32.9,59,19,14.7
2017-05-16T10:00,34.5,54,5,14.5
2017-05-16T11:00,35.2,52,10,14.1
2017-05-16T12:00,35.5,52,11,13.0
2017-05-16T13:00,36.1,50,39,10.9
2017-05-16T14:00,36.3,48,53,9.7
2017-05-16T15:00,35.5,50,28,14.8
2017-05-16T16:00,34.0,55,5,18.5
2017-05-16T17:00,32.0,63,10,19.0
2017-05-16T18:00,30.7,68,2,16.1
2017-05-16T19:00,30.2,69,6,17.3
2017-05-16T20:00,29.5,71,10,15.6
2017-05-16T21:00,29.1,73,13,17.4
2017-05-16T22:00,28.7,75,100,17.3
2017-05-16T23:00,28.8,76,86,14.8
2017-05-17T00:00,28.2,80,100,11.6
2017-05-17T01:00,28.2,81,100,13.0
2017-05-17T02:00,28.1,83,100,13.7
2017-05-17T03:00,28.0,83,100,11.6
2017-05-17T04:00,28.1,84,100,12.8
2017-05-17T05:00,27.3,89,100,13.3
2017-05-17T06:00,27.6,88,100,13.4
2017-05-17T07:00,28.5,84,100,13.7
2017-05-17T08:00,29.0,82,100,12.3
2017-05-17T09:00,30.3,77,100,11.7
2017-05-17T10:00,31.1,74,92,12.6
2017-05-17T11:00,32.4,68,97,13.3
2017-05-17T12:00,33.0,65,99,13.0
2017-05-17T13:00,34.3,59,96,10.3
2017-05-17T14:00,33.7,59,99,11.2
2017-05-17T15:00,32.7,64,95,7.2
2017-05-17T16:00,32.7,64,38,9.0
2017-05-17T17:00,33.8,58,24,10.2
2017-05-17T18:00,32.0,65,23,16.9
2017-05-17T19:00,30.2,70,25,14.3
2017-05-17T20:00,29.5,74,29,13.7
2017-05-17T21:00,29.2,78,58,10.4
2017-05-17T22:00,28.7,80,74,8.7
2017-05-17T23:00,28.2,83,92,6.4
2017-05-18T00:00,28.0,85,98,3.4
2017-05-18T01:00,27.7,88,99,1.3
2017-05-18T02:00,27.9,85,99,1.3
2017-05-18T03:00,27.1,90,99,1.9
2017-05-18T04:00,26.9,91,81,1.8
2017-05-18T05:00,27.1,94,32,3.9
2017-05-18T06:00,28.8,82,0,6.1
2017-05-18T07:00,30.3,74,0,4.7
2017-05-18T08:00,32.2,66,0,5.7
2017-05-18T09:00,33.8,60,0,7.5
2017-05-18T10:00,35.3,55,4,8.7
2017-05-18T11:00,36.2,51,30,8.3
2017-05-18T12:00,36.8,48,77,5.8
2017-05-18T13:00,35.4,52,65,10.5
2017-05-18T14:00,32.9,66,83,9.0
2017-05-18T15:00,30.3,80,96,11.6
2017-05-18T16:00,29.6,78,72,8.2
2017-05-18T17:00,33.3,58,84,1.0
2017-05-18T18:00,30.9,70,27,10.5
2017-05-18T19:00,29.0,80,73,11.3
2017-05-18T20:00,28.5,82,78,11.0
2017-05-18T21:00,28.2,81,94,9.0
2017-05-18T22:00,27.9,80,86,5.5
2017-05-18T23:00,27.8,79,96,5.2
2017-05-19T00:00,27.7,81,99,6.4
2017-05-19T01:00,27.4,84,93,5.2
2017-05-19T02:00,27.4,84,97,7.2
2017-05-19T03:00,27.3,85,100,8.2
2017-05-19T04:00,26.9,87,94,7.8
2017-05-19T05:00,27.8,82,92,7.9
2017-05-19T06:00,30.2,73,85,8.6
2017-05-19T07:00,32.3,63,44,9.4
2017-05-19T08:00,34.4,53,38,8.4
2017-05-19T09:00,36.2,44,0,6.9
2017-05-19T10:00,35.1,39,39,17.2
2017-05-19T11:00,36.4,29,41,3.8
2017-05-19T12:00,36.9,30,29,8.7
2017-05-19T13:00,36.5,32,14,5.6
2017-05-19T14:00,36.7,31,20,6.2
2017-05-19T15:00,36.3,32,21,4.7
2017-05-19T16:00,36.4,31,3,1.6
2017-05-19T17:00,34.7,41,5,6.6
2017-05-19T18:00,32.6,48,2,11.8
2017-05-19T19:00,31.7,50,2,10.5
2017-05-19T20:00,31.1,59,2,13.1
2017-05-19T21:00,30.4,66,22,10.9
2017-05-19T22:00,29.8,72,1,7.6
2017-05-19T23:00,29.1,77,3,6.9
2017-05-20T00:00,27.9,85,2,6.0
2017-05-20T01:00,27.8,86,1,4.8
2017-05-20T02:00,27.6,87,1,6.0
2017-05-20T03:00,27.3,88,0,7.4
2017-05-20T04:00,27.0,88,0,6.6
2017-05-20T05:00,27.3,88,0,8.3
2017-05-20T06:00,29.6,75,0,10.6
2017-05-20T07:00,31.7,63,0,11.7
2017-05-20T08:00,34.0,51,0,10.3
2017-05-20T09:00,36.3,41,0,10.4
2017-05-20T10:00,38.4,32,4,10.6
2017-05-20T11:00,39.5,24,35,10.8
2017-05-20T12:00,40.7,20,12,12.2
2017-05-20T13:00,39.6,21,25,11.5
2017-05-20T14:00,40.4,18,4,6.9
2017-05-20T15:00,40.2,19,4,8.4
2017-05-20T16:00,39.3,20,21,11.6
2017-05-20T17:00,35.7,27,5,13.0
2017-05-20T18:00,33.9,28,0,9.0
2017-05-20T19:00,30.6,39,3,8.3
2017-05-20T20:00,30.0,56,0,6.5
2017-05-20T21:00,28.4,74,0,4.7
2017-05-20T22:00,28.3,76,6,4.4
2017-05-20T23:00,27.6,83,5,6.9
2017-05-21T00:00,27.9,85,18,8.7
2017-05-21T01:00,27.1,90,0,4.7
2017-05-21T02:00,26.3,94,0,5.7
2017-05-21T03:00,25.6,96,0,6.9
2017-05-21T04:00,25.4,96,0,4.4
2017-05-21T05:00,26.8,81,0,8.2
2017-05-21T06:00,29.7,64,0,7.3
2017-05-21T07:00,32.3,50,0,8.7
2017-05-21T08:00,35.0,39,0,7.2
2017-05-21T09:00,37.5,31,0,4.9
2017-05-21T10:00,39.5,23,4,3.3
2017-05-21T11:00,40.6,19,54,7.9
2017-05-21T12:00,40.0,17,28,7.7
2017-05-21T13:00,40.4,17,11,9.4
2017-05-21T14:00,40.9,16,0,6.5
2017-05-21T15:00,39.7,19,5,10.9
2017-05-21T16:00,37.7,25,5,17.6
2017-05-21T17:00,36.4,32,22,15.5
2017-05-21T18:00,33.6,46,4,14.0
2017-05-21T19:00,32.3,55,1,11.5
2017-05-21T20:00,31.0,62,0,12.0
2017-05-21T21:00,30.2,65,0,11.5
2017-05-21T22:00,29.8,65,0,9.3
2017-05-21T23:00,29.2,70,0,7.2
2017-05-22T00:00,28.8,76,0,4.6
2017-05-22T01:00,28.5,82,0,5.7
2017-05-22T02:00,27.9,88,1,5.8
2017-05-22T03:00,27.3,92,0,6.0
2017-05-22T04:00,26.8,94,0,6.0
2017-05-22T05:00,27.5,90,0,2.9
2017-05-22T06:00,30.1,75,3,4.3
2017-05-22T07:00,32.5,60,3,5.5
2017-05-22T08:00,34.9,48,0,6.6
2017-05-22T09:00,37.2,39,0,5.9
2017-05-22T10:00,39.2,30,9,3.7
2017-05-22T11:00,39.6,19,59,10.7
2017-05-22T12:00,39.6,20,3,1.4
2017-05-22T13:00,40.6,20,11,9.0
2017-05-22T14:00,39.7,24,32,12.9
2017-05-22T15:00,37.4,33,43,12.3
2017-05-22T16:00,38.1,30,70,6.6
2017-05-22T17:00,35.3,40,15,9.5
2017-05-22T18:00,32.8,52,14,16.4
2017-05-22T19:00,31.9,58,12,10.7
2017-05-22T20:00,31.1,63,8,11.0
2017-05-22T21:00,30.7,65,4,10.2
2017-05-22T22:00,30.4,68,2,9.7
2017-05-22T23:00,29.8,74,45,8.7
2017-05-23T00:00,28.9,82,70,4.3
2017-05-23T01:00,28.4,86,52,4.8
2017-05-23T02:00,27.9,89,13,4.7
2017-05-23T03:00,27.6,91,0,3.3
2017-05-23T04:00,27.3,94,0,5.3
2017-05-23T05:00,27.4,96,0,7.0
2017-05-23T06:00,29.4,85,2,5.4
2017-05-23T07:00,31.5,72,0,4.1
2017-05-23T08:00,33.7,61,0,4.8
2017-05-23T09:00,35.6,54,0,6.5
2017-05-23T10:00,37.0,50,0,8.9
2017-05-23T11:00,38.0,46,5,10.8
2017-05-23T12:00,38.8,42,28,10.9
2017-05-23T13:00,34.1,60,95,19.0
2017-05-23T14:00,31.4,67,99,4.0
2017-05-23T15:00,33.2,59,76,4.4
2017-05-23T16:00,34.1,57,95,8.3
2017-05-23T17:00,31.7,66,100,16.1
2017-05-23T18:00,30.1,74,100,10.1
2017-05-23T19:00,29.8,77,99,7.3
2017-05-23T20:00,29.0,84,99,6.5
2017-05-23T21:00,28.4,87,100,13.1
2017-05-23T22:00,26.9,93,100,10.2
2017-05-23T23:00,26.9,92,100,5.4
2017-05-24T00:00,26.9,92,100,2.9
2017-05-24T01:00,26.8,93,98,7.4
2017-05-24T02:00,26.8,93,93,9.1
2017-05-24T03:00,26.8,93,38,6.9
2017-05-24T04:00,26.8,92,11,6.6
2017-05-24T05:00,28.0,86,9,7.2
2017-05-24T06:00,29.4,80,8,6.2
2017-05-24T07:00,30.8,75,3,1.8
2017-05-24T08:00,32.6,68,1,1.1
2017-05-24T09:00,34.4,61,0,4.3
2017-05-24T10:00,36.0,55,6,7.7
2017-05-24T11:00,37.2,50,46,8.4
2017-05-24T12:00,36.3,53,59,3.6
2017-05-24T13:00,36.3,53,53,2.9
2017-05-24T14:00,37.9,43,36,2.3
2017-05-24T15:00,36.2,50,34,10.1
2017-05-24T16:00,36.1,48,34,11.7
2017-05-24T17:00,31.3,66,39,10.8
2017-05-24T18:00,31.1,67,62,12.9
2017-05-24T19:00,30.4,71,92,8.0
2017-05-24T20:00,29.8,74,97,8.8
2017-05-24T21:00,29.5,76,70,9.2
2017-05-24T22:00,29.7,75,85,12.1
2017-05-24T23:00,29.5,78,98,9.8
2017-05-25T00:00,29.1,81,97,8.7
2017-05-25T01:00,28.7,83,100,7.4
2017-05-25T02:00,28.3,84,100,6.6
2017-05-25T03:00,27.9,85,100,4.7
2017-05-25T04:00,27.3,87,100,4.0
2017-05-25T05:00,28.3,83,100,5.2
2017-05-25T06:00,30.6,66,60,5.5
2017-05-25T07:00,32.7,53,7,7.1
2017-05-25T08:00,34.7,47,0,6.6
2017-05-25T09:00,36.4,43,0,7.3
2017-05-25T10:00,37.9,39,7,8.8
2017-05-25T11:00,38.7,36,33,6.4
2017-05-25T12:00,40.0,29,28,5.2
2017-05-25T13:00,38.4,28,43,6.1
2017-05-25T14:00,39.4,27,31,9.7
2017-05-25T15:00,38.1,30,2,16.1
2017-05-25T16:00,37.3,33,33,17.1
2017-05-25T17:00,35.8,43,28,15.4
2017-05-25T18:00,33.7,50,1,12.2
2017-05-25T19:00,32.7,55,6,11.8
2017-05-25T20:00,31.9,58,7,12.5
2017-05-25T21:00,31.4,66,0,14.4
2017-05-25T22:00,30.6,77,0,15.6
2017-05-25T23:00,29.7,79,0,13.4
2017-05-26T00:00,29.0,80,0,11.3
2017-05-26T01:00,28.5,82,0,10.3
2017-05-26T02:00,28.1,83,0,10.6
2017-05-26T03:00,27.8,85,0,10.8
2017-05-26T04:00,27.6,85,0,9.0
2017-05-26T05:00,28.4,83,1,8.1
2017-05-26T06:00,30.6,72,17,5.0
2017-05-26T07:00,31.6,69,31,14.0
2017-05-26T08:00,32.8,65,3,12.1
2017-05-26T09:00,34.6,58,10,14.0
2017-05-26T10:00,35.6,53,46,13.0
2017-05-26T11:00,36.2,51,22,13.5
2017-05-26T12:00,36.9,48,56,13.6
2017-05-26T13:00,38.0,42,56,12.5
2017-05-26T14:00,31.3,75,94,15.2
2017-05-26T15:00,33.4,64,57,3.2
2017-05-26T16:00,31.9,69,71,2.3
2017-05-26T17:00,27.4,82,70,3.8
2017-05-26T18:00,26.9,91,100,12.2
2017-05-26T19:00,26.6,91,78,17.3
2017-05-26T20:00,26.5,90,95,11.0
2017-05-26T21:00,26.5,89,100,6.5
2017-05-26T22:00,26.2,91,100,14.0
2017-05-26T23:00,25.4,91,100,13.1
2017-05-27T00:00,25.5,93,100,10.2
2017-05-27T01:00,25.6,93,100,8.0
2017-05-27T02:00,25.8,92,95,7.6
2017-05-27T03:00,25.9,90,89,9.0
2017-05-27T04:00,26.2,87,82,11.6
2017-05-27T05:00,25.5,89,73,2.5
2017-05-27T06:00,26.5,83,100,5.2
2017-05-27T07:00,27.3,79,100,6.4
2017-05-27T08:00,28.4,73,100,8.6
2017-05-27T09:00,29.5,69,100,11.5
2017-05-27T10:00,30.0,68,100,11.6
2017-05-27T11:00,31.5,61,100,9.3
2017-05-27T12:00,32.5,57,95,10.5
2017-05-27T13:00,33.5,52,100,9.4
2017-05-27T14:00,33.2,55,55,11.7
2017-05-27T15:00,32.4,60,24,16.5
2017-05-27T16:00,32.1,61,17,16.8
2017-05-27T17:00,29.8,68,23,11.2
2017-05-27T18:00,29.5,71,26,11.5
2017-05-27T19:00,29.0,75,7,9.8
2017-05-27T20:00,28.5,77,16,8.2
2017-05-27T21:00,28.1,78,27,8.9
2017-05-27T22:00,27.8,79,36,7.1
2017-05-27T23:00,27.5,81,32,5.7
2017-05-28T00:00,27.2,83,83,7.6
2017-05-28T01:00,26.8,86,23,7.2
2017-05-28T02:00,26.5,87,24,7.1
2017-05-28T03:00,26.2,89,9,8.7
2017-05-28T04:00,26.2,89,15,9.8
2017-05-28T05:00,26.7,89,63,10.5
2017-05-28T06:00,28.1,82,41,11.6
2017-05-28T07:00,29.8,74,52,12.2
2017-05-28T08:00,31.2,68,21,15.5
2017-05-28T09:00,32.0,64,34,16.3
2017-05-28T10:00,33.0,62,17,14.8
2017-05-28T11:00,33.8,59,49,13.4
2017-05-28T12:00,33.5,58,25,10.2
2017-05-28T13:00,33.2,57,35,10.7
2017-05-28T14:00,32.4,59,30,8.2
2017-05-28T15:00,33.8,54,71,6.1
2017-05-28T16:00,32.0,61,100,4.9
2017-05-28T17:00,33.2,52,100,5.5
2017-05-28T18:00,31.6,60,93,8.7
2017-05-28T19:00,30.1,69,100,14.8
2017-05-28T20:00,29.3,73,57,18.4
2017-05-28T21:00,28.7,78,58,17.0
2017-05-28T22:00,27.9,81,87,14.5
2017-05-28T23:00,27.5,83,38,12.8
2017-05-29T00:00,27.1,85,15,12.4
2017-05-29T01:00,26.8,87,4,9.2
2017-05-29T02:00,26.5,88,49,9.6
2017-05-29T03:00,26.4,89,86,9.1
2017-05-29T04:00,26.1,90,88,8.6
2017-05-29T05:00,25.5,92,6,7.5
2017-05-29T06:00,27.2,83,3,6.0
2017-05-29T07:00,29.0,75,13,4.0
2017-05-29T08:00,30.5,69,26,6.7
2017-05-29T09:00,32.1,64,22,8.8
2017-05-29T10:00,33.3,58,23,11.9
2017-05-29T11:00,33.9,56,32,13.4
2017-05-29T12:00,33.9,52,11,14.6
2017-05-29T13:00,32.8,59,36,12.2
2017-05-29T14:00,33.0,57,26,5.1
2017-05-29T15:00,33.4,53,33,6.6
2017-05-29T16:00,32.9,54,100,6.4
2017-05-29T17:00,32.8,55,100,9.9
2017-05-29T18:00,31.3,59,98,9.3
2017-05-29T19:00,30.0,62,100,7.5
2017-05-29T20:00,29.4,65,100,9.1
2017-05-29T21:00,29.3,69,99,7.7
2017-05-29T22:00,28.7,74,100,5.6
2017-05-29T23:00,28.2,79,100,5.9
2017-05-30T00:00,27.7,82,99,3.6
2017-05-30T01:00,27.4,83,99,1.8
2017-05-30T02:00,27.2,82,97,2.2
2017-05-30T03:00,26.9,83,2,1.8
2017-05-30T04:00,26.6,83,51,2.4
2017-05-30T05:00,26.9,84,74,6.1
2017-05-30T06:00,28.7,76,84,3.3
2017-05-30T07:00,30.1,69,84,2.4
2017-05-30T08:00,30.9,63,84,6.2
2017-05-30T09:00,31.4,62,90,4.6
2017-05-30T10:00,33.2,55,89,3.8
2017-05-30T11:00,34.4,51,100,6.2
2017-05-30T12:00,35.2,49,99,6.0
2017-05-30T13:00,31.1,63,98,16.3
2017-05-30T14:00,32.3,55,100,12.7
2017-05-30T15:00,32.4,55,97,7.1
2017-05-30T16:00,30.5,62,98,7.1
2017-05-30T17:00,29.2,73,100,13.9
2017-05-30T18:00,28.5,74,99,8.4
2017-05-30T19:00,28.2,77,99,6.1
2017-05-30T20:00,27.9,79,98,6.3
2017-05-30T21:00,27.5,83,96,5.2
2017-05-30T22:00,27.1,85,98,7.3
2017-05-30T23:00,26.8,87,53,5.9
2017-05-31T00:00,26.5,88,75,7.1
2017-05-31T01:00,26.4,88,91,8.4
2017-05-31T02:00,26.3,89,38,7.6
2017-05-31T03:00,25.9,90,20,6.8
2017-05-31T04:00,25.6,90,7,6.9
2017-05-31T05:00,25.5,90,11,8.0
2017-05-31T06:00,27.0,83,100,8.7
2017-05-31T07:00,27.5,82,85,7.4
2017-05-31T08:00,29.5,73,87,8.2
2017-05-31T09:00,31.6,65,84,9.2
2017-05-31T10:00,33.6,57,24,11.1
2017-05-31T11:00,34.7,54,41,11.7
2017-05-31T12:00,33.7,58,81,11.3
2017-05-31T13:00,30.5,73,100,12.5
2017-05-31T14:00,29.6,76,100,7.3
2017-05-31T15:00,31.1,69,95,5.3
2017-05-31T16:00,31.1,69,100,1.3
2017-05-31T17:00,29.3,81,97,4.8
2017-05-31T18:00,28.3,88,77,10.9
2017-05-31T19:00,28.2,85,40,9.2
2017-05-31T20:00,28.3,85,43,9.4
2017-05-31T21:00,28.5,85,61,13.6
2017-05-31T22:00,28.4,84,95,9.2
2017-05-31T23:00,28.3,84,98,8.1
2017-06-01T00:00,28.0,86,98,6.8
2017-06-01T01:00,27.7,89,98,5.2
2017-06-01T02:00,27.6,90,100,6.8
2017-06-01T03:00,27.6,90,91,5.6
2017-06-01T04:00,27.3,91,94,5.6
2017-06-01T05:00,27.3,95,74,6.6
2017-06-01T06:00,28.9,86,72,8.3
2017-06-01T07:00,30.5,74,29,10.5
2017-06-01T08:00,32.1,64,22,11.3
2017-06-01T09:00,33.8,57,35,10.8
2017-06-01T10:00,34.9,52,32,9.9
2017-06-01T11:00,36.0,48,6,9.0
2017-06-01T12:00,34.5,52,54,7.7
2017-06-01T13:00,36.2,47,13,7.3
2017-06-01T14:00,34.3,53,54,6.8
2017-06-01T15:00,34.6,53,57,4.3
2017-06-01T16:00,33.6,58,73,6.4
2017-06-01T17:00,32.1,62,86,10.1
2017-06-01T18:00,31.6,68,90,5.8
2017-06-01T19:00,30.3,77,93,5.9
2017-06-01T20:00,30.5,74,89,5.5
2017-06-01T21:00,30.4,68,53,10.0
2017-06-01T22:00,30.0,66,48,10.2
2017-06-01T23:00,29.3,70,47,9.0
2017-06-02T00:00,29.1,72,83,9.2
2017-06-02T01:00,28.9,74,52,9.3
2017-06-02T02:00,28.7,75,22,8.0
2017-06-02T03:00,28.7,74,45,9.7
2017-06-02T04:00,28.6,72,17,11.2
2017-06-02T05:00,27.3,89,34,8.6
2017-06-02T06:00,29.1,81,14,9.7
2017-06-02T07:00,30.5,71,9,13.0
2017-06-02T08:00,32.4,62,75,13.3
2017-06-02T09:00,34.1,55,82,11.3
2017-06-02T10:00,35.6,51,85,9.7
2017-06-02T11:00,36.2,48,84,7.3
2017-06-02T12:00,34.5,56,83,19.1
2017-06-02T13:00,33.3,58,62,5.9
2017-06-02T14:00,34.6,53,79,1.8
2017-06-02T15:00,34.4,53,78,11.3
2017-06-02T16:00,33.3,56,66,9.8
2017-06-02T17:00,33.6,58,77,11.2
2017-06-02T18:00,31.7,68,15,9.7
2017-06-02T19:00,30.7,73,7,10.0
2017-06-02T20:00,29.8,77,6,11.5
2017-06-02T21:00,29.3,75,33,8.2
2017-06-02T22:00,29.0,72,0,9.2
2017-06-02T23:00,28.6,72,42,8.7
2017-06-03T00:00,28.4,72,38,8.7
2017-06-03T01:00,28.2,73,8,10.0
2017-06-03T02:00,28.1,71,0,10.4
2017-06-03T03:00,28.0,69,0,11.8
2017-06-03T04:00,27.4,72,0,11.4
2017-06-03T05:00,27.6,74,0,11.0
2017-06-03T06:00,29.4,67,9,12.6
2017-06-03T07:00,31.3,61,0,11.7
2017-06-03T08:00,33.3,56,0,9.8
2017-06-03T09:00,35.3,48,0,9.4
2017-06-03T10:00,37.0,37,28,9.8
2017-06-03T11:00,38.0,29,36,9.2
2017-06-03T12:00,37.8,30,9,11.1
2017-06-03T13:00,39.1,26,35,12.2
2017-06-03T14:00,38.1,31,17,13.8
2017-06-03T15:00,36.9,39,16,11.3
2017-06-03T16:00,36.1,42,6,13.4
2017-06-03T17:00,34.1,55,8,5.2
2017-06-03T18:00,32.4,57,7,9.1
2017-06-03T19:00,31.5,62,8,14.6
2017-06-03T20:00,30.4,69,11,15.3
2017-06-03T21:00,29.8,72,3,11.6
2017-06-03T22:00,29.3,71,1,11.2
2017-06-03T23:00,29.0,67,1,7.3
2017-06-04T00:00,27.7,73,1,9.3
2017-06-04T01:00,28.5,66,42,7.1
2017-06-04T02:00,28.7,62,68,8.7
2017-06-04T03:00,28.5,61,73,8.4
2017-06-04T04:00,28.6,61,59,10.0
2017-06-04T05:00,29.1,65,63,7.2
2017-06-04T06:00,31.0,61,51,10.0
2017-06-04T07:00,32.9,55,35,11.2
2017-06-04T08:00,34.5,51,40,14.5
2017-06-04T09:00,36.1,47,12,11.9
2017-06-04T10:00,38.1,41,6,10.7
2017-06-04T11:00,39.6,35,9,8.9
2017-06-04T12:00,41.4,24,17,12.2
2017-06-04T13:00,41.1,24,12,11.0
2017-06-04T14:00,40.5,26,10,14.0
2017-06-04T15:00,40.9,24,15,9.2
2017-06-04T16:00,38.8,33,37,12.4
2017-06-04T17:00,36.4,39,49,9.2
2017-06-04T18:00,34.9,36,3,11.2
2017-06-04T19:00,34.3,37,3,16.4
2017-06-04T20:00,33.0,47,6,16.0
2017-06-04T21:00,32.0,61,56,19.4
2017-06-04T22:00,30.7,79,73,16.3
2017-06-04T23:00,30.0,83,100,14.9
2017-06-05T00:00,29.5,84,96,13.3
2017-06-05T01:00,28.9,90,100,10.0
2017-06-05T02:00,28.3,93,100,6.1
2017-06-05T03:00,27.8,96,99,5.7
2017-06-05T04:00,27.2,99,95,3.9
2017-06-05T05:00,28.3,95,99,8.6
2017-06-05T06:00,30.1,84,37,4.7
2017-06-05T07:00,32.1,71,46,5.4
2017-06-05T08:00,34.1,61,0,8.4
2017-06-05T09:00,36.0,53,22,12.0
2017-06-05T10:00,37.6,48,35,12.4
2017-06-05T11:00,38.0,46,66,3.0
2017-06-05T12:00,38.6,45,40,6.7
2017-06-05T13:00,39.2,42,100,9.0
2017-06-05T14:00,39.7,39,100,5.2
2017-06-05T15:00,37.7,46,100,6.6
2017-06-05T16:00,30.8,77,100,8.4
2017-06-05T17:00,31.4,71,100,14.0
2017-06-05T18:00,30.8,73,99,15.5
2017-06-05T19:00,31.2,72,70,14.8
2017-06-05T20:00,31.3,75,77,15.4
2017-06-05T21:00,30.9,75,85,17.2
2017-06-05T22:00,30.7,75,12,15.5
2017-06-05T23:00,30.2,75,17,16.6
2017-06-06T00:00,29.7,77,27,14.9
2017-06-06T01:00,29.5,79,81,15.9
2017-06-06T02:00,29.0,80,77,20.1
2017-06-06T03:00,28.6,81,96,17.9
2017-06-06T04:00,28.1,83,100,16.1
2017-06-06T05:00,28.6,80,100,13.6
2017-06-06T06:00,29.3,78,98,15.3
2017-06-06T07:00,30.4,73,60,18.4
2017-06-06T08:00,32.3,65,86,15.7
2017-06-06T09:00,33.2,61,94,15.2
2017-06-06T10:00,34.1,57,69,11.8
2017-06-06T11:00,35.6,52,77,9.0
2017-06-06T12:00,36.7,49,72,10.4
2017-06-06T13:00,36.9,47,95,12.6
2017-06-06T14:00,36.8,47,99,15.2
2017-06-06T15:00,35.5,53,100,12.8
2017-06-06T16:00,34.8,55,99,12.4
2017-06-06T17:00,30.1,71,100,5.8
2017-06-06T18:00,30.0,71,100,4.7
2017-06-06T19:00,30.0,72,98,7.4
2017-06-06T20:00,29.4,76,98,6.5
2017-06-06T21:00,28.8,80,97,6.8
2017-06-06T22:00,28.5,81,100,6.0
2017-06-06T23:00,28.1,81,96,7.0
2017-06-07T00:00,27.8,83,99,6.4
2017-06-07T01:00,27.8,83,99,4.2
2017-06-07T02:00,27.8,84,100,3.5
2017-06-07T03:00,27.7,85,99,4.7
2017-06-07T04:00,27.5,87,95,7.7
2017-06-07T05:00,27.1,89,96,5.8
2017-06-07T06:00,27.7,86,100,8.0
2017-06-07T07:00,29.1,78,67,5.6
2017-06-07T08:00,30.8,70,22,6.3
2017-06-07T09:00,32.5,62,84,9.2
2017-06-07T10:00,33.8,54,88,9.1
2017-06-07T11:00,35.0,51,80,9.2
2017-06-07T12:00,35.5,50,87,10.9
2017-06-07T13:00,33.2,56,98,14.0
2017-06-07T14:00,33.6,52,96,5.2
2017-06-07T15:00,33.5,53,100,10.9
2017-06-07T16:00,32.7,58,100,9.2
2017-06-07T17:00,29.8,72,100,6.6
2017-06-07T18:00,29.8,71,91,2.9
2017-06-07T19:00,29.4,74,93,4.9
2017-06-07T20:00,29.1,76,99,3.4
2017-06-07T21:00,28.5,79,97,2.5
2017-06-07T22:00,28.2,80,96,5.2
2017-06-07T23:00,28.1,80,99,1.5
2017-06-08T00:00,27.8,83,98,1.5
2017-06-08T01:00,27.7,84,100,1.0
2017-06-08T02:00,27.7,84,100,0.8
2017-06-08T03:00,27.5,86,100,2.9
2017-06-08T04:00,27.3,85,100,4.7
2017-06-08T05:00,27.6,90,100,6.2
2017-06-08T06:00,28.3,85,99,0.4
2017-06-08T07:00,28.8,82,99,4.0
2017-06-08T08:00,29.3,77,97,7.0
2017-06-08T09:00,29.9,76,96,7.1
2017-06-08T10:00,31.6,69,90,6.2
2017-06-08T11:00,33.0,63,90,7.3
2017-06-08T12:00,33.3,62,97,9.0
2017-06-08T13:00,33.6,59,98,8.1
2017-06-08T14:00,33.4,58,100,6.8
2017-06-08T15:00,32.7,59,99,4.3
2017-06-08T16:00,32.6,59,99,4.6
2017-06-08T17:00,32.9,74,98,3.6
2017-06-08T18:00,31.0,69,100,6.1
2017-06-08T19:00,30.6,73,100,4.2
2017-06-08T20:00,29.9,78,100,2.7
2017-06-08T21:00,29.6,75,99,4.1
2017-06-08T22:00,29.8,68,97,8.4
2017-06-08T23:00,29.1,74,93,9.0
2017-06-09T00:00,28.4,78,99,7.2
2017-06-09T01:00,27.9,82,97,4.5
2017-06-09T02:00,27.5,84,86,3.6
2017-06-09T03:00,27.2,86,68,4.7
2017-06-09T04:00,27.0,87,95,4.9
2017-06-09T05:00,27.1,86,36,6.0
2017-06-09T06:00,28.6,78,13,5.4
2017-06-09T07:00,30.0,72,5,4.7
2017-06-09T08:00,31.5,65,20,4.8
2017-06-09T09:00,32.8,59,16,6.6
2017-06-09T10:00,33.7,56,33,6.9
2017-06-09T11:00,34.1,54,40,7.6
2017-06-09T12:00,34.1,55,52,9.0
2017-06-09T13:00,32.0,63,79,12.3
2017-06-09T14:00,33.4,59,74,7.4
2017-06-09T15:00,31.6,66,47,10.2
2017-06-09T16:00,31.9,64,40,6.0
2017-06-09T17:00,31.8,62,68,13.3
2017-06-09T18:00,30.7,69,67,10.4
2017-06-09T19:00,30.0,74,67,11.4
2017-06-09T20:00,29.5,76,69,9.2
2017-06-09T21:00,29.0,80,82,8.2
2017-06-09T22:00,28.7,82,77,7.9
2017-06-09T23:00,28.4,84,73,6.1
2017-06-10T00:00,28.0,86,87,5.1
2017-06-10T01:00,27.7,87,73,4.1
2017-06-10T02:00,27.4,88,62,4.1
2017-06-10T03:00,27.4,88,88,4.7
2017-06-10T04:00,27.4,88,94,5.2
2017-06-10T05:00,27.6,86,93,2.9
2017-06-10T06:00,28.7,80,81,4.2
2017-06-10T07:00,30.0,73,91,6.0
2017-06-10T08:00,31.2,69,82,8.0
2017-06-10T09:00,32.3,65,85,10.5
2017-06-10T10:00,33.1,60,71,11.9
2017-06-10T11:00,34.2,56,73,11.9
2017-06-10T12:00,34.6,52,89,9.4
2017-06-10T13:00,34.0,53,92,11.5
2017-06-10T14:00,32.5,60,94,11.4
2017-06-10T15:00,32.4,61,88,9.1
2017-06-10T16:00,32.6,59,81,7.7
2017-06-10T17:00,32.8,55,94,11.9
2017-06-10T18:00,31.2,61,93,10.0
2017-06-10T19:00,30.2,64,96,10.2
2017-06-10T20:00,29.6,68,99,9.2
2017-06-10T21:00,28.8,73,90,5.9
2017-06-10T22:00,28.2,78,96,3.6
2017-06-10T23:00,28.3,78,91,3.3
2017-06-11T00:00,28.0,79,93,1.6
2017-06-11T01:00,27.2,85,95,2.4
2017-06-11T02:00,27.2,84,96,3.8
2017-06-11T03:00,27.1,85,96,3.8
2017-06-11T04:00,27.2,85,88,4.8
2017-06-11T05:00,27.8,84,37,5.3
2017-06-11T06:00,29.2,76,25,4.6
2017-06-11T07:00,30.7,68,83,6.9
2017-06-11T08:00,31.8,63,95,5.4
2017-06-11T09:00,33.0,60,91,3.7
2017-06-11T10:00,33.8,57,61,3.8
2017-06-11T11:00,34.4,53,95,5.4
2017-06-11T12:00,34.4,51,41,8.5
2017-06-11T13:00,35.4,49,22,11.0
2017-06-11T14:00,34.8,50,51,8.7
2017-06-11T15:00,32.6,60,91,15.3
2017-06-11T16:00,32.0,64,99,7.7
2017-06-11T17:00,31.7,62,100,10.9
2017-06-11T18:00,31.4,64,82,5.7
2017-06-11T19:00,30.5,69,91,2.5
2017-06-11T20:00,30.0,71,98,5.8
2017-06-11T21:00,29.9,71,100,6.4
2017-06-11T22:00,29.4,73,95,5.2
2017-06-11T23:00,28.9,76,95,6.0
2017-06-12T00:00,28.5,78,98,6.6
2017-06-12T01:00,28.2,80,78,4.3
2017-06-12T02:00,27.9,82,42,2.6
2017-06-12T03:00,27.6,82,92,5.1
2017-06-12T04:00,27.4,83,75,7.1
2017-06-12T05:00,27.9,86,96,7.3
2017-06-12T06:00,29.2,79,98,6.8
2017-06-12T07:00,30.6,72,100,5.9
2017-06-12T08:00,32.2,64,99,7.5
2017-06-12T09:00,33.6,59,100,7.6
2017-06-12T10:00,33.9,58,98,7.0
2017-06-12T11:00,35.1,54,95,7.4
2017-06-12T12:00,35.6,51,93,9.7
2017-06-12T13:00,33.2,60,100,14.8
2017-06-12T14:00,34.7,52,98,8.7
2017-06-12T15:00,34.8,50,100,6.7
2017-06-12T16:00,31.8,63,100,6.8
2017-06-12T17:00,33.7,54,100,6.8
2017-06-12T18:00,32.0,61,99,10.1
2017-06-12T19:00,30.6,68,99,14.8
2017-06-12T20:00,29.6,71,99,14.6
2017-06-12T21:00,29.2,74,98,13.2
2017-06-12T22:00,28.9,76,90,10.4
2017-06-12T23:00,28.4,79,95,6.9
2017-06-13T00:00,28.2,80,100,6.9
2017-06-13T01:00,28.0,82,100,6.1
2017-06-13T02:00,27.8,83,99,7.7
2017-06-13T03:00,27.5,85,100,7.5
2017-06-13T04:00,27.3,87,99,4.4
2017-06-13T05:00,27.2,89,86,6.7
2017-06-13T06:00,29.4,75,51,8.4
2017-06-13T07:00,31.1,67,42,10.1
2017-06-13T08:00,33.1,59,57,11.4
2017-06-13T09:00,34.8,52,85,8.9
2017-06-13T10:00,36.0,47,92,6.9
2017-06-13T11:00,37.4,41,92,7.1
2017-06-13T12:00,38.1,38,96,8.3
2017-06-13T13:00,37.8,37,100,12.8
2017-06-13T14:00,33.7,56,100,11.7
2017-06-13T15:00,35.1,51,100,16.3
2017-06-13T16:00,33.9,58,100,14.6
2017-06-13T17:00,35.2,45,100,18.5
2017-06-13T18:00,32.9,53,97,11.1
2017-06-13T19:00,31.8,58,95,6.2
2017-06-13T20:00,31.8,58,98,10.6
2017-06-13T21:00,31.7,59,97,14.4
2017-06-13T22:00,31.2,62,94,14.1
2017-06-13T23:00,30.9,63,95,15.1
2017-06-14T00:00,30.5,64,94,16.1
2017-06-14T01:00,29.9,66,99,16.0
2017-06-14T02:00,29.6,68,98,14.8
2017-06-14T03:00,29.3,68,98,14.0
2017-06-14T04:00,29.2,69,91,13.6
2017-06-14T05:00,28.8,73,98,9.1
2017-06-14T06:00,30.5,66,76,8.5
2017-06-14T07:00,32.2,60,82,7.7
2017-06-14T08:00,33.8,54,85,6.8
2017-06-14T09:00,35.3,49,77,4.4
2017-06-14T10:00,36.7,45,98,2.2
2017-06-14T11:00,37.8,42,87,3.1
2017-06-14T12:00,37.8,40,85,6.5
2017-06-14T13:00,35.7,42,100,6.2
2017-06-14T14:00,36.8,38,100,10.9
2017-06-14T15:00,36.3,41,98,9.2
2017-06-14T16:00,35.7,44,99,9.9
2017-06-14T17:00,35.1,42,100,11.5
2017-06-14T18:00,34.2,46,98,10.5
2017-06-14T19:00,32.9,52,99,9.9
2017-06-14T20:00,31.8,58,94,6.0
2017-06-14T21:00,31.2,63,98,8.4
2017-06-14T22:00,30.9,67,99,8.4
2017-06-14T23:00,30.5,74,97,9.4
2017-06-15T00:00,29.9,81,100,10.8
2017-06-15T01:00,29.3,84,95,9.3
2017-06-15T02:00,28.9,86,88,8.9
2017-06-15T03:00,28.7,86,95,8.8
2017-06-15T04:00,28.5,86,61,7.9
2017-06-15T05:00,28.4,89,26,6.8
2017-06-15T06:00,29.6,81,5,3.8
2017-06-15T07:00,31.6,70,0,5.1
2017-06-15T08:00,33.6,60,1,8.4
2017-06-15T09:00,35.4,53,29,8.4
2017-06-15T10:00,36.4,50,39,7.4
2017-06-15T11:00,37.7,46,18,4.8
2017-06-15T12:00,38.8,39,39,5.4
2017-06-15T13:00,32.1,66,100,8.5
2017-06-15T14:00,30.8,72,91,5.1
2017-06-15T15:00,31.7,69,98,5.5
2017-06-15T16:00,32.0,67,98,9.0
2017-06-15T17:00,30.1,75,100,15.4
2017-06-15T18:00,29.1,79,100,12.4
2017-06-15T19:00,29.0,80,98,7.8
2017-06-15T20:00,29.0,81,100,7.3
2017-06-15T21:00,28.8,82,99,7.1
2017-06-15T22:00,28.8,82,100,7.9
2017-06-15T23:00,28.7,82,100,6.0
2017-06-16T00:00,28.6,81,100,5.5
2017-06-16T01:00,28.3,80,100,5.6
2017-06-16T02:00,28.2,80,92,4.8
2017-06-16T03:00,27.5,83,72,9.0
2017-06-16T04:00,25.9,95,98,12.2
2017-06-16T05:00,26.2,93,100,4.1
2017-06-16T06:00,27.3,87,97,7.4
2017-06-16T07:00,28.4,81,100,4.2
2017-06-16T08:00,29.7,74,95,2.8
2017-06-16T09:00,31.8,65,80,4.3
2017-06-16T10:00,32.9,62,28,4.3
2017-06-16T11:00,34.0,59,66,5.0
2017-06-16T12:00,33.2,57,45,9.4
2017-06-16T13:00,31.0,69,83,10.8
2017-06-16T14:00,30.8,70,82,7.5
2017-06-16T15:00,30.3,72,85,2.5
2017-06-16T16:00,30.4,72,85,3.6
2017-06-16T17:00,29.7,73,98,2.6
2017-06-16T18:00,28.9,80,100,1.5
2017-06-16T19:00,28.1,90,100,3.3
2017-06-16T20:00,28.0,87,100,10.1
2017-06-16T21:00,27.7,85,100,7.9
2017-06-16T22:00,27.6,85,95,7.2
2017-06-16T23:00,27.5,87,95,7.6
2017-06-17T00:00,27.4,89,93,5.5
2017-06-17T01:00,27.1,92,51,4.6
2017-06-17T02:00,26.9,93,24,4.7
2017-06-17T03:00,26.8,92,3,5.5
2017-06-17T04:00,26.7,91,4,4.8
2017-06-17T05:00,26.5,94,12,4.1
2017-06-17T06:00,28.0,86,32,4.9
2017-06-17T07:00,29.7,75,32,8.3
2017-06-17T08:00,31.5,67,8,10.2
2017-06-17T09:00,32.9,61,7,10.7
2017-06-17T10:00,34.0,57,16,9.7
2017-06-17T11:00,35.1,52,37,8.8
2017-06-17T12:00,35.8,51,34,7.6
2017-06-17T13:00,35.8,50,84,10.0
2017-06-17T14:00,30.9,72,84,17.7
2017-06-17T15:00,30.6,70,94,4.3
2017-06-17T16:00,31.4,68,96,5.1
2017-06-17T17:00,31.7,67,98,5.9
2017-06-17T18:00,30.6,77,87,4.0
2017-06-17T19:00,30.3,79,89,4.0
2017-06-17T20:00,29.8,79,88,5.0
2017-06-17T21:00,29.3,81,82,5.7
2017-06-17T22:00,29.2,79,72,4.6
2017-06-17T23:00,28.8,80,85,5.2
2017-06-18T00:00,28.2,83,80,3.1
2017-06-18T01:00,27.8,85,90,4.5
2017-06-18T02:00,28.1,80,82,4.3
2017-06-18T03:00,27.7,81,88,4.4
2017-06-18T04:00,27.7,79,82,4.9
2017-06-18T05:00,27.8,81,83,8.4
2017-06-18T06:00,29.8,73,92,9.9
2017-06-18T07:00,31.4,66,94,11.2
2017-06-18T08:00,32.9,60,93,10.6
2017-06-18T09:00,34.6,53,80,9.5
2017-06-18T10:00,36.0,47,4,8.8
2017-06-18T11:00,37.0,43,12,8.3
2017-06-18T12:00,37.3,42,25,8.9
2017-06-18T13:00,37.4,41,18,9.9
2017-06-18T14:00,36.6,42,15,8.1
2017-06-18T15:00,35.8,46,41,9.9
2017-06-18T16:00,33.9,53,57,7.9
2017-06-18T17:00,33.3,54,35,8.6
2017-06-18T18:00,32.0,58,94,5.2
2017-06-18T19:00,31.3,61,84,8.4
2017-06-18T20:00,30.8,63,79,5.4
2017-06-18T21:00,30.5,65,63,6.3
2017-06-18T22:00,30.1,69,80,7.6
2017-06-18T23:00,29.8,72,99,5.4
2017-06-19T00:00,30.1,71,97,10.2
2017-06-19T01:00,30.3,68,99,14.0
2017-06-19T02:00,29.9,67,97,13.3
2017-06-19T03:00,29.4,67,100,11.7
2017-06-19T04:00,29.0,68,100,11.3
2017-06-19T05:00,29.1,69,100,10.8
2017-06-19T06:00,30.6,64,98,10.6
2017-06-19T07:00,32.4,58,95,11.4
2017-06-19T08:00,33.9,52,99,10.7
2017-06-19T09:00,34.5,50,99,7.4
2017-06-19T10:00,36.2,46,97,5.4
2017-06-19T11:00,36.7,44,100,3.6
2017-06-19T12:00,37.2,42,100,2.9
2017-06-19T13:00,34.0,52,100,0.5
2017-06-19T14:00,33.6,54,100,16.7
2017-06-19T15:00,30.2,69,100,11.0
2017-06-19T16:00,31.6,62,100,7.9
2017-06-19T17:00,34.3,52,100,4.0
2017-06-19T18:00,32.9,58,100,8.3
2017-06-19T19:00,32.1,62,100,12.7
2017-06-19T20:00,31.5,63,98,15.1
2017-06-19T21:00,30.3,71,100,12.9
2017-06-19T22:00,29.7,73,100,9.3
2017-06-19T23:00,27.5,84,100,12.5
2017-06-20T00:00,27.1,86,100,8.0
2017-06-20T01:00,26.9,86,100,7.9
2017-06-20T02:00,26.7,89,100,13.8
2017-06-20T03:00,26.8,86,100,8.9
2017-06-20T04:00,26.9,84,100,7.7
2017-06-20T05:00,25.0,95,100,12.1
2017-06-20T06:00,25.7,91,100,12.9
2017-06-20T07:00,26.9,84,100,9.1
2017-06-20T08:00,28.2,77,100,7.7
2017-06-20T09:00,29.1,75,100,6.3
2017-06-20T10:00,30.1,71,99,6.5
2017-06-20T11:00,30.5,71,100,3.3
2017-06-20T12:00,30.8,69,91,3.1
2017-06-20T13:00,32.2,65,89,4.3
2017-06-20T14:00,32.5,65,86,7.1
2017-06-20T15:00,30.1,75,97,11.5
2017-06-20T16:00,28.2,82,99,8.3
2017-06-20T17:00,29.4,75,100,5.6
2017-06-20T18:00,29.2,76,83,10.2
2017-06-20T19:00,28.4,81,97,10.6
2017-06-20T20:00,28.0,83,98,11.5
2017-06-20T21:00,27.7,85,100,11.3
2017-06-20T22:00,27.2,86,95,9.9
2017-06-20T23:00,26.9,88,95,7.1
2017-06-21T00:00,26.5,90,94,7.6
2017-06-21T01:00,26.3,91,95,5.9
2017-06-21T02:00,26.1,93,97,3.1
2017-06-21T03:00,26.0,93,96,3.3
2017-06-21T04:00,26.0,95,93,2.6
2017-06-21T05:00,26.0,91,77,8.4
2017-06-21T06:00,27.2,84,99,8.8
2017-06-21T07:00,28.5,77,99,10.1
2017-06-21T08:00,29.9,72,94,9.8
2017-06-21T09:00,31.4,67,97,6.5
2017-06-21T10:00,32.0,66,98,2.5
2017-06-21T11:00,32.8,63,99,7.4
2017-06-21T12:00,31.6,70,99,5.4
2017-06-21T13:00,30.7,74,100,1.3
2017-06-21T14:00,28.6,81,100,10.2
2017-06-21T15:00,27.7,85,100,5.4
2017-06-21T16:00,26.8,91,100,6.6
2017-06-21T17:00,27.8,82,100,5.7
2017-06-21T18:00,27.3,88,99,7.2
2017-06-21T19:00,27.0,91,100,7.0
2017-06-21T20:00,26.8,91,99,5.2
2017-06-21T21:00,26.6,92,100,6.2
2017-06-21T22:00,26.6,90,98,7.3
2017-06-21T23:00,26.5,90,97,7.0
2017-06-22T00:00,26.5,90,96,7.9
2017-06-22T01:00,26.5,89,99,8.5
2017-06-22T02:00,26.4,88,98,8.0
2017-06-22T03:00,26.2,88,99,8.2
2017-06-22T04:00,26.3,88,98,8.6
2017-06-22T05:00,26.6,88,98,4.5
2017-06-22T06:00,27.6,84,100,4.6
2017-06-22T07:00,28.9,79,98,5.4
2017-06-22T08:00,30.5,71,96,6.3
2017-06-22T09:00,32.0,65,42,6.6
2017-06-22T10:00,33.1,62,76,4.3
2017-06-22T11:00,33.8,56,53,4.7
2017-06-22T12:00,34.1,55,66,3.6
2017-06-22T13:00,32.3,61,98,7.6
2017-06-22T14:00,30.6,69,100,4.6
2017-06-22T15:00,28.4,85,97,11.3
2017-06-22T16:00,28.6,82,100,3.9
2017-06-22T17:00,30.6,72,100,2.6
2017-06-22T18:00,29.4,82,96,2.6
2017-06-22T19:00,28.8,85,96,4.4
2017-06-22T20:00,28.2,89,98,2.8
2017-06-22T21:00,28.1,89,100,3.4
2017-06-22T22:00,27.9,90,100,5.8
2017-06-22T23:00,27.5,91,98,5.4
2017-06-23T00:00,27.2,92,87,5.6
2017-06-23T01:00,27.0,93,45,5.1
2017-06-23T02:00,26.6,96,38,2.6
2017-06-23T03:00,26.6,97,58,2.9
2017-06-23T04:00,26.4,97,73,1.9
2017-06-23T05:00,27.0,90,93,2.6
2017-06-23T06:00,27.9,86,98,2.0
2017-06-23T07:00,29.0,81,95,2.2
2017-06-23T08:00,30.4,75,94,2.2
2017-06-23T09:00,31.7,70,85,1.1
2017-06-23T10:00,32.7,66,85,0.7
2017-06-23T11:00,32.7,67,84,3.7
2017-06-23T12:00,32.9,66,89,6.2
2017-06-23T13:00,32.9,67,95,7.6
2017-06-23T14:00,31.7,71,100,9.9
2017-06-23T15:00,29.4,78,100,10.7
2017-06-23T16:00,27.4,87,100,10.9
2017-06-23T17:00,31.1,70,100,10.8
2017-06-23T18:00,30.0,75,95,11.6
2017-06-23T19:00,29.3,79,96,10.7
2017-06-23T20:00,28.9,81,99,5.4
2017-06-23T21:00,28.6,82,95,7.9
2017-06-23T22:00,28.2,84,93,9.2
2017-06-23T23:00,27.7,89,99,5.1
2017-06-24T00:00,27.3,92,96,4.4
2017-06-24T01:00,27.2,94,95,5.4
2017-06-24T02:00,26.9,96,98,4.1
2017-06-24T03:00,27.0,95,98,3.7
2017-06-24T04:00,26.3,89,98,8.6
2017-06-24T05:00,26.6,95,100,5.1
2017-06-24T06:00,27.8,90,63,6.9
2017-06-24T07:00,28.8,83,77,6.8
2017-06-24T08:00,29.9,79,100,6.6
2017-06-24T09:00,30.3,79,65,8.1
2017-06-24T10:00,31.4,74,57,5.4
2017-06-24T11:00,31.2,67,98,14.0
2017-06-24T12:00,28.9,79,100,8.4
2017-06-24T13:00,29.8,75,100,8.5
2017-06-24T14:00,30.7,73,99,6.9
2017-06-24T15:00,28.9,76,100,8.8
2017-06-24T16:00,28.7,79,99,5.1
2017-06-24T17:00,30.6,70,99,6.6
2017-06-24T18:00,29.4,76,99,4.3
2017-06-24T19:00,29.2,76,94,6.5
2017-06-24T20:00,29.2,76,92,9.4
2017-06-24T21:00,28.7,78,72,9.5
2017-06-24T22:00,28.0,81,81,11.0
2017-06-24T23:00,27.3,84,80,9.2
2017-06-25T00:00,27.1,85,60,7.6
2017-06-25T01:00,26.7,87,50,5.6
2017-06-25T02:00,26.6,88,51,3.6
2017-06-25T03:00,25.7,90,100,8.6
2017-06-25T04:00,25.5,91,97,8.0
2017-06-25T05:00,25.5,92,56,10.8
2017-06-25T06:00,26.4,89,45,12.5
2017-06-25T07:00,27.7,83,50,17.8
2017-06-25T08:00,29.0,76,72,17.7
2017-06-25T09:00,29.5,74,76,18.0
2017-06-25T10:00,30.5,68,46,20.1
2017-06-25T11:00,30.9,64,35,21.5
2017-06-25T12:00,31.3,62,37,18.6
2017-06-25T13:00,32.2,58,80,20.1
2017-06-25T14:00,30.3,67,93,21.9
2017-06-25T15:00,29.8,72,82,16.4
2017-06-25T16:00,30.0,70,69,16.6
2017-06-25T17:00,28.9,78,88,9.5
2017-06-25T18:00,28.1,82,88,9.5
2017-06-25T19:00,28.0,82,89,10.5
2017-06-25T20:00,27.9,84,91,11.4
2017-06-25T21:00,27.6,85,99,10.4
2017-06-25T22:00,27.4,85,100,9.6
2017-06-25T23:00,27.1,86,98,9.0
2017-06-26T00:00,26.8,87,97,10.3
2017-06-26T01:00,26.2,89,67,10.9
2017-06-26T02:00,26.1,90,72,9.1
2017-06-26T03:00,25.8,90,90,9.9
2017-06-26T04:00,25.6,90,69,8.3
2017-06-26T05:00,25.4,95,67,8.4
2017-06-26T06:00,26.3,90,55,11.2
2017-06-26T07:00,27.7,86,71,11.5
2017-06-26T08:00,28.9,81,73,11.5
2017-06-26T09:00,29.8,78,97,13.4
2017-06-26T10:00,30.1,76,36,13.9
2017-06-26T11:00,31.0,66,38,17.3
2017-06-26T12:00,31.7,63,26,16.2
2017-06-26T13:00,32.3,60,55,16.6
2017-06-26T14:00,31.1,68,84,18.3
2017-06-26T15:00,31.7,64,79,17.9
2017-06-26T16:00,31.1,66,75,14.3
2017-06-26T17:00,29.1,76,37,10.2
2017-06-26T18:00,28.9,77,76,10.1
2017-06-26T19:00,28.6,79,73,13.0
2017-06-26T20:00,28.3,82,94,12.1
2017-06-26T21:00,27.9,83,93,12.7
2017-06-26T22:00,27.4,84,99,11.2
2017-06-26T23:00,27.3,85,97,11.6
2017-06-27T00:00,27.1,86,100,13.3
2017-06-27T01:00,26.7,88,98,12.4
2017-06-27T02:00,26.6,86,100,12.7
2017-06-27T03:00,26.1,89,99,11.4
2017-06-27T04:00,26.1,89,100,12.9
2017-06-27T05:00,25.7,94,93,9.5
2017-06-27T06:00,26.6,89,100,9.4
2017-06-27T07:00,27.2,83,98,14.6
2017-06-27T08:00,27.1,87,99,16.3
2017-06-27T09:00,28.0,86,98,14.2
2017-06-27T10:00,29.3,73,97,17.4
2017-06-27T11:00,30.1,71,94,18.5
2017-06-27T12:00,30.8,68,98,20.4
2017-06-27T13:00,31.9,64,97,20.6
2017-06-27T14:00,31.8,64,97,20.7
2017-06-27T15:00,31.3,67,97,17.4
2017-06-27T16:00,31.0,67,97,17.5
2017-06-27T17:00,29.6,73,98,12.7
2017-06-27T18:00,28.4,79,92,11.3
2017-06-27T19:00,28.3,81,91,10.5
2017-06-27T20:00,27.8,83,80,10.5
2017-06-27T21:00,27.7,83,100,12.0
2017-06-27T22:00,27.5,84,99,11.7
2017-06-27T23:00,27.1,86,96,11.6
2017-06-28T00:00,26.8,88,97,13.1
2017-06-28T01:00,26.2,90,98,12.9
2017-06-28T02:00,26.1,90,100,10.5
2017-06-28T03:00,26.2,89,100,10.0
2017-06-28T04:00,26.0,90,100,12.2
2017-06-28T05:00,26.1,91,100,10.1
2017-06-28T06:00,26.7,86,97,14.2
2017-06-28T07:00,27.0,92,100,12.6
2017-06-28T08:00,27.9,88,100,14.5
2017-06-28T09:00,28.9,77,98,17.2
2017-06-28T10:00,28.2,81,86,14.9
2017-06-28T11:00,29.8,78,87,15.5
2017-06-28T12:00,29.4,75,97,16.2
2017-06-28T13:00,30.1,72,98,16.3
2017-06-28T14:00,30.3,69,96,17.7
2017-06-28T15:00,29.7,74,93,16.0
2017-06-28T16:00,29.7,74,98,15.6
2017-06-28T17:00,29.2,75,99,15.3
2017-06-28T18:00,28.7,77,95,14.0
2017-06-28T19:00,27.9,81,99,11.1
2017-06-28T20:00,27.7,82,100,10.5
2017-06-28T21:00,27.5,82,99,10.4
2017-06-28T22:00,27.3,83,100,10.0
2017-06-28T23:00,26.4,89,100,8.0
2017-06-29T00:00,25.7,93,100,9.8
2017-06-29T01:00,25.7,92,100,11.1
2017-06-29T02:00,25.7,92,75,7.6
2017-06-29T03:00,25.6,93,97,8.0
2017-06-29T04:00,25.6,93,98,10.1
2017-06-29T05:00,26.2,90,100,11.4
2017-06-29T06:00,26.8,88,99,8.6
2017-06-29T07:00,27.4,86,100,6.5
2017-06-29T08:00,28.4,80,100,6.6
2017-06-29T09:00,28.0,81,99,8.1
2017-06-29T10:00,29.6,75,100,11.5
2017-06-29T11:00,29.1,75,97,14.2
2017-06-29T12:00,29.0,82,95,8.8
2017-06-29T13:00,30.8,73,93,9.7
2017-06-29T14:00,29.3,79,98,14.3
2017-06-29T15:00,30.4,73,98,9.8
2017-06-29T16:00,30.7,71,98,8.9
2017-06-29T17:00,30.0,74,98,11.6
2017-06-29T18:00,29.2,78,95,9.7
2017-06-29T19:00,28.6,81,97,8.9
2017-06-29T20:00,28.1,84,100,6.7
2017-06-29T21:00,27.9,85,98,9.4
2017-06-29T22:00,27.4,88,100,9.3
2017-06-29T23:00,27.2,90,97,8.4
2017-06-30T00:00,26.3,94,95,6.2
2017-06-30T01:00,25.9,95,98,7.9
2017-06-30T02:00,25.3,97,100,6.8
2017-06-30T03:00,25.6,95,100,5.6
2017-06-30T04:00,25.6,96,98,4.7
2017-06-30T05:00,26.4,95,100,6.2
2017-06-30T06:00,27.6,89,100,4.8
2017-06-30T07:00,28.5,85,100,5.4
2017-06-30T08:00,29.4,81,100,4.2
2017-06-30T09:00,30.5,79,100,5.9
2017-06-30T10:00,31.8,70,100,8.6
2017-06-30T11:00,31.3,75,100,2.9
2017-06-30T12:00,28.7,81,100,8.5
2017-06-30T13:00,29.9,77,97,1.5
2017-06-30T14:00,30.8,75,100,4.6
2017-06-30T15:00,30.5,74,100,9.3
2017-06-30T16:00,28.2,83,98,9.0
2017-06-30T17:00,30.8,71,99,6.8
2017-06-30T18:00,30.0,76,97,7.2
2017-06-30T19:00,29.0,80,98,11.8
2017-06-30T20:00,27.4,89,99,9.7
2017-06-30T21:00,27.1,91,98,7.6
2017-06-30T22:00,26.8,93,100,9.1
2017-06-30T23:00,26.6,91,100,9.2
2017-07-01T00:00,26.4,92,100,4.8
2017-07-01T01:00,26.2,93,100,3.8
2017-07-01T02:00,26.1,95,100,0.8
2017-07-01T03:00,26.0,96,99,1.5
2017-07-01T04:00,25.9,96,100,4.5
2017-07-01T05:00,27.1,91,99,3.3
2017-07-01T06:00,28.1,86,100,3.6
2017-07-01T07:00,29.1,80,100,6.6
2017-07-01T08:00,29.3,79,100,7.4
2017-07-01T09:00,29.0,80,100,5.9
2017-07-01T10:00,30.3,73,99,7.2
2017-07-01T11:00,31.1,70,100,4.3
2017-07-01T12:00,31.4,69,99,7.6
2017-07-01T13:00,30.8,72,100,12.7
2017-07-01T14:00,28.1,85,100,4.7
2017-07-01T15:00,29.0,82,100,1.3
2017-07-01T16:00,29.7,80,99,0.7
2017-07-01T17:00,28.6,81,99,1.0
2017-07-01T18:00,28.3,83,100,1.8
2017-07-01T19:00,27.3,89,100,7.2
2017-07-01T20:00,26.4,95,100,6.3
2017-07-01T21:00,26.1,97,100,4.8
2017-07-01T22:00,25.7,99,100,6.0
2017-07-01T23:00,25.6,99,100,4.5
2017-07-02T00:00,25.4,98,100,3.0
2017-07-02T01:00,25.4,98,100,2.6
2017-07-02T02:00,25.2,99,100,7.1
2017-07-02T03:00,25.1,99,100,2.1
2017-07-02T04:00,25.2,97,100,4.4
2017-07-02T05:00,25.5,97,100,4.3
2017-07-02T06:00,26.5,90,98,4.6
2017-07-02T07:00,27.5,84,97,1.8
2017-07-02T08:00,28.7,79,97,0.7
2017-07-02T09:00,29.5,78,85,1.5
2017-07-02T10:00,30.8,72,99,2.9
2017-07-02T11:00,29.7,77,100,3.1
2017-07-02T12:00,27.2,87,100,8.4
2017-07-02T13:00,27.7,84,100,1.1
2017-07-02T14:00,29.3,78,100,5.0
2017-07-02T15:00,29.7,75,100,4.4
2017-07-02T16:00,29.5,76,100,5.4
2017-07-02T17:00,27.7,85,100,1.8
2017-07-02T18:00,27.4,90,97,1.0
2017-07-02T19:00,27.0,92,98,2.0
2017-07-02T20:00,26.6,93,100,2.8
2017-07-02T21:00,26.5,95,98,2.9
2017-07-02T22:00,26.3,95,99,3.1
2017-07-02T23:00,26.3,95,100,3.0
2017-07-03T00:00,26.1,96,100,2.8
2017-07-03T01:00,26.0,96,99,4.2
2017-07-03T02:00,25.8,97,100,6.9
2017-07-03T03:00,25.7,96,100,9.0
2017-07-03T04:00,25.6,96,100,7.9
2017-07-03T05:00,26.0,97,100,7.1
2017-07-03T06:00,26.9,92,100,7.2
2017-07-03T07:00,27.8,86,99,6.8
2017-07-03T08:00,29.2,79,100,6.9
2017-07-03T09:00,30.2,76,100,6.9
2017-07-03T10:00,29.6,80,99,7.5
2017-07-03T11:00,31.2,70,100,5.5
2017-07-03T12:00,27.7,88,100,7.3
2017-07-03T13:00,27.6,88,100,5.4
2017-07-03T14:00,28.3,82,100,10.9
2017-07-03T15:00,27.6,88,100,8.6
2017-07-03T16:00,27.9,86,100,8.9
2017-07-03T17:00,29.4,76,100,6.2
2017-07-03T18:00,28.6,81,100,6.5
2017-07-03T19:00,28.4,83,98,7.6
2017-07-03T20:00,28.1,83,98,7.2
2017-07-03T21:00,27.8,82,100,8.0
2017-07-03T22:00,27.6,81,100,9.7
2017-07-03T23:00,27.5,81,99,9.9
2017-07-04T00:00,27.2,82,98,10.2
2017-07-04T01:00,26.9,84,99,10.7
2017-07-04T02:00,26.8,84,99,11.6
2017-07-04T03:00,26.5,85,100,10.4
2017-07-04T04:00,26.3,86,100,9.0
2017-07-04T05:00,25.4,95,100,7.5
2017-07-04T06:00,25.8,95,100,9.7
2017-07-04T07:00,26.7,90,100,10.2
2017-07-04T08:00,27.8,83,100,11.2
2017-07-04T09:00,27.8,83,100,9.7
2017-07-04T10:00,28.9,80,95,8.4
2017-07-04T11:00,29.8,73,98,11.1
2017-07-04T12:00,28.1,85,100,6.6
2017-07-04T13:00,27.6,87,100,4.8
2017-07-04T14:00,28.9,79,100,6.3
2017-07-04T15:00,28.8,78,100,8.2
2017-07-04T16:00,29.1,73,100,10.6
2017-07-04T17:00,27.0,85,100,10.2
2017-07-04T18:00,26.7,86,100,11.5
2017-07-04T19:00,26.6,86,100,12.9
2017-07-04T20:00,26.3,87,100,13.6
2017-07-04T21:00,26.0,88,100,11.3
2017-07-04T22:00,25.9,90,100,8.1
2017-07-04T23:00,25.7,93,100,5.1
2017-07-05T00:00,25.5,94,100,6.0
2017-07-05T01:00,25.5,94,100,7.4
2017-07-05T02:00,25.4,94,100,8.3
2017-07-05T03:00,25.3,94,100,8.2
2017-07-05T04:00,25.4,94,100,7.6
2017-07-05T05:00,25.5,96,100,2.1
2017-07-05T06:00,26.2,91,100,5.4
2017-07-05T07:00,26.4,90,100,6.1
2017-07-05T08:00,27.0,87,100,6.2
2017-07-05T09:00,27.4,86,100,5.7
2017-07-05T10:00,28.1,82,100,6.7
2017-07-05T11:00,29.3,78,100,8.7
2017-07-05T12:00,29.9,76,100,8.0
2017-07-05T13:00,30.1,74,100,8.5
2017-07-05T14:00,28.8,75,100,9.1
2017-07-05T15:00,28.6,77,100,1.0
2017-07-05T16:00,28.9,77,100,1.8
2017-07-05T17:00,28.4,82,100,0.5
2017-07-05T18:00,27.7,89,100,3.6
2017-07-05T19:00,27.0,93,100,3.3
2017-07-05T20:00,27.0,94,99,5.9
2017-07-05T21:00,26.7,95,100,5.2
2017-07-05T22:00,26.7,93,100,6.1
2017-07-05T23:00,26.4,93,100,5.6
2017-07-06T00:00,26.3,93,100,4.4
2017-07-06T01:00,26.1,94,100,3.3
2017-07-06T02:00,25.7,94,98,3.8
2017-07-06T03:00,25.5,94,100,3.9
2017-07-06T04:00,25.5,95,100,4.1
2017-07-06T05:00,25.5,96,99,5.2
2017-07-06T06:00,26.2,93,100,5.2
2017-07-06T07:00,26.9,89,100,6.9
2017-07-06T08:00,27.4,86,100,7.2
2017-07-06T09:00,28.4,80,100,7.2
2017-07-06T10:00,28.3,79,98,6.7
2017-07-06T11:00,28.9,75,100,10.8
2017-07-06T12:00,29.4,71,95,14.8
2017-07-06T13:00,30.0,69,94,16.9
2017-07-06T14:00,30.0,70,95,15.3
2017-07-06T15:00,29.7,71,100,13.4
2017-07-06T16:00,29.4,73,100,11.5
2017-07-06T17:00,29.5,75,100,9.4
2017-07-06T18:00,28.7,78,99,8.9
2017-07-06T19:00,28.1,80,99,8.8
2017-07-06T20:00,27.1,85,81,6.9
2017-07-06T21:00,26.8,85,97,6.0
2017-07-06T22:00,26.5,86,98,6.9
2017-07-06T23:00,26.2,88,99,6.6
2017-07-07T00:00,25.7,91,100,4.7
2017-07-07T01:00,25.7,91,100,4.7
2017-07-07T02:00,25.8,90,99,3.6
2017-07-07T03:00,25.9,90,100,3.7
2017-07-07T04:00,25.8,90,100,3.4
2017-07-07T05:00,26.5,93,98,3.8
2017-07-07T06:00,27.3,90,100,5.0
2017-07-07T07:00,28.6,83,100,7.2
2017-07-07T08:00,29.6,79,98,8.5
2017-07-07T09:00,30.3,76,92,7.0
2017-07-07T10:00,31.5,70,99,7.2
2017-07-07T11:00,31.1,71,98,11.6
2017-07-07T12:00,30.3,76,96,11.0
2017-07-07T13:00,29.5,77,99,11.8
2017-07-07T14:00,30.0,73,99,8.5
2017-07-07T15:00,29.7,72,100,6.8
2017-07-07T16:00,29.1,77,100,4.3
2017-07-07T17:00,28.8,81,94,1.6
2017-07-07T18:00,28.1,87,99,3.2
2017-07-07T19:00,27.6,93,96,3.1
2017-07-07T20:00,27.5,94,99,5.8
2017-07-07T21:00,27.0,97,99,6.2
2017-07-07T22:00,26.9,97,98,8.4
2017-07-07T23:00,26.7,96,98,7.1
2017-07-08T00:00,26.5,96,99,4.3
2017-07-08T01:00,26.3,96,99,3.6
2017-07-08T02:00,26.1,97,98,5.4
2017-07-08T03:00,26.1,96,98,3.9
2017-07-08T04:00,25.9,96,94,5.4
2017-07-08T05:00,26.1,96,100,2.9
2017-07-08T06:00,27.6,85,95,2.9
2017-07-08T07:00,28.6,80,100,2.9
2017-07-08T08:00,29.8,75,94,5.2
2017-07-08T09:00,30.8,69,91,5.3
2017-07-08T10:00,30.9,68,92,5.8
2017-07-08T11:00,31.6,65,97,6.4
2017-07-08T12:00,31.8,65,92,6.6
2017-07-08T13:00,32.3,65,99,6.5
2017-07-08T14:00,32.4,64,100,6.7
2017-07-08T15:00,31.3,68,98,10.4
2017-07-08T16:00,30.6,74,100,8.9
2017-07-08T17:00,30.3,75,100,10.2
2017-07-08T18:00,29.5,79,100,9.2
2017-07-08T19:00,29.0,81,100,11.5
2017-07-08T20:00,28.5,82,100,12.6
2017-07-08T21:00,27.9,86,100,10.3
2017-07-08T22:00,27.7,88,99,9.4
2017-07-08T23:00,27.4,89,100,8.8
2017-07-09T00:00,26.7,93,100,9.3
2017-07-09T01:00,26.3,95,98,11.0
2017-07-09T02:00,26.2,95,100,10.2
2017-07-09T03:00,26.0,96,100,9.4
2017-07-09T04:00,25.8,95,99,8.1
2017-07-09T05:00,26.0,96,99,9.0
2017-07-09T06:00,26.6,93,100,9.6
2017-07-09T07:00,27.3,89,100,11.9
2017-07-09T08:00,28.4,84,100,8.9
2017-07-09T09:00,29.5,80,100,10.5
2017-07-09T10:00,30.6,77,99,10.8
2017-07-09T11:00,29.5,78,99,11.5
2017-07-09T12:00,28.8,79,100,13.4
2017-07-09T13:00,28.6,80,100,4.6
2017-07-09T14:00,29.4,77,99,15.8
2017-07-09T15:00,29.7,77,99,12.9
2017-07-09T16:00,29.6,75,100,16.5
2017-07-09T17:00,28.7,83,100,6.1
2017-07-09T18:00,27.9,85,100,9.0
2017-07-09T19:00,27.5,89,100,6.2
2017-07-09T20:00,26.9,90,100,8.2
2017-07-09T21:00,26.7,92,99,9.2
2017-07-09T22:00,26.7,93,100,9.0
2017-07-09T23:00,26.4,94,100,8.7
2017-07-10T00:00,26.3,95,100,9.5
2017-07-10T01:00,26.0,97,100,10.1
2017-07-10T02:00,25.6,96,100,10.7
2017-07-10T03:00,25.2,94,100,11.0
2017-07-10T04:00,25.1,97,100,11.8
2017-07-10T05:00,25.7,90,100,6.8
2017-07-10T06:00,26.3,89,100,11.2
2017-07-10T07:00,26.9,89,100,10.2
2017-07-10T08:00,27.8,84,100,11.6
2017-07-10T09:00,28.6,82,100,10.7
2017-07-10T10:00,30.0,78,100,9.3
2017-07-10T11:00,28.4,80,100,10.5
2017-07-10T12:00,29.7,75,100,7.3
2017-07-10T13:00,27.4,86,100,12.3
2017-07-10T14:00,28.9,78,99,13.0
2017-07-10T15:00,28.6,78,100,12.0
2017-07-10T16:00,29.0,78,100,11.9
2017-07-10T17:00,28.2,86,100,6.3
2017-07-10T18:00,27.5,89,100,9.7
2017-07-10T19:00,26.8,91,100,6.8
2017-07-10T20:00,26.2,94,100,4.7
2017-07-10T21:00,26.0,95,100,5.9
2017-07-10T22:00,25.9,96,100,4.7
2017-07-10T23:00,25.8,96,100,5.4
2017-07-11T00:00,25.7,96,100,6.0
2017-07-11T01:00,25.4,98,98,4.7
2017-07-11T02:00,25.4,93,100,2.0
2017-07-11T03:00,24.9,96,100,4.5
2017-07-11T04:00,25.0,96,100,3.3
2017-07-11T05:00,25.1,99,100,2.6
2017-07-11T06:00,25.6,96,100,1.6
2017-07-11T07:00,26.1,95,100,5.1
2017-07-11T08:00,26.8,91,100,1.0
2017-07-11T09:00,27.5,89,100,2.9
2017-07-11T10:00,28.0,85,100,5.3
2017-07-11T11:00,28.3,81,100,6.8
2017-07-11T12:00,27.9,83,100,1.8
2017-07-11T13:00,28.5,81,100,7.3
2017-07-11T14:00,28.7,81,100,4.4
2017-07-11T15:00,27.1,90,100,2.8
2017-07-11T16:00,26.1,93,100,7.7
2017-07-11T17:00,27.0,89,100,3.6
2017-07-11T18:00,26.5,94,100,2.9
2017-07-11T19:00,26.1,95,100,5.4
2017-07-11T20:00,26.0,95,100,7.1
2017-07-11T21:00,25.7,96,100,3.4
2017-07-11T22:00,25.6,96,100,5.9
2017-07-11T23:00,25.4,97,100,2.6
2017-07-12T00:00,25.4,97,100,1.8
2017-07-12T01:00,25.4,97,100,1.8
2017-07-12T02:00,25.3,93,100,3.1
2017-07-12T03:00,24.9,96,100,4.6
2017-07-12T04:00,24.5,97,99,6.5
2017-07-12T05:00,24.4,96,100,1.5
2017-07-12T06:00,24.4,99,100,3.9
2017-07-12T07:00,24.8,99,100,7.9
2017-07-12T08:00,25.3,99,100,7.0
2017-07-12T09:00,25.7,94,100,7.7
2017-07-12T10:00,26.4,89,99,7.9
2017-07-12T11:00,27.5,87,97,5.8
2017-07-12T12:00,29.1,75,100,6.6
2017-07-12T13:00,26.0,91,100,10.5
2017-07-12T14:00,26.7,87,100,5.7
2017-07-12T15:00,27.3,84,99,6.1
2017-07-12T16:00,27.8,81,99,9.0
2017-07-12T17:00,26.7,90,99,7.0
2017-07-12T18:00,26.1,93,98,8.6
2017-07-12T19:00,25.7,94,100,10.1
2017-07-12T20:00,25.5,94,98,7.9
2017-07-12T21:00,25.5,94,97,6.5
2017-07-12T22:00,25.3,95,100,6.5
2017-07-12T23:00,25.2,95,94,7.8
2017-07-13T00:00,24.9,95,100,8.2
2017-07-13T01:00,24.8,96,100,6.4
2017-07-13T02:00,24.7,96,100,5.0
2017-07-13T03:00,24.7,97,100,4.9
2017-07-13T04:00,24.6,97,100,5.5
2017-07-13T05:00,24.2,97,100,8.9
2017-07-13T06:00,24.4,97,99,5.5
2017-07-13T07:00,24.9,93,100,7.2
2017-07-13T08:00,25.8,88,100,8.7
2017-07-13T09:00,26.4,84,100,11.5
2017-07-13T10:00,25.5,92,100,12.3
2017-07-13T11:00,25.9,90,99,8.8
2017-07-13T12:00,26.8,85,97,10.8
2017-07-13T13:00,27.2,84,93,7.7
2017-07-13T14:00,27.7,81,91,7.7
2017-07-13T15:00,28.7,77,89,8.8
2017-07-13T16:00,27.5,82,94,6.7
2017-07-13T17:00,28.1,79,96,8.1
2017-07-13T18:00,27.1,84,96,8.9
2017-07-13T19:00,26.6,86,96,10.5
2017-07-13T20:00,25.5,92,92,9.4
2017-07-13T21:00,25.0,94,81,3.5
2017-07-13T22:00,24.6,96,92,3.1
2017-07-13T23:00,24.6,96,96,6.9
2017-07-14T00:00,24.4,98,99,8.0
2017-07-14T01:00,24.5,98,100,7.6
2017-07-14T02:00,24.5,97,100,7.7
2017-07-14T03:00,24.3,98,97,7.4
2017-07-14T04:00,24.1,98,100,8.6
2017-07-14T05:00,24.4,97,100,9.5
2017-07-14T06:00,25.2,93,100,9.1
2017-07-14T07:00,25.7,92,100,10.7
2017-07-14T08:00,26.0,93,100,10.7
2017-07-14T09:00,27.3,88,89,9.6
2017-07-14T10:00,29.1,76,90,13.3
2017-07-14T11:00,29.5,80,93,10.8
2017-07-14T12:00,30.5,79,89,9.9
2017-07-14T13:00,31.1,74,19,11.4
2017-07-14T14:00,30.3,73,41,12.7
2017-07-14T15:00,29.9,74,26,11.0
2017-07-14T16:00,29.8,71,42,12.3
2017-07-14T17:00,27.1,85,47,2.5
2017-07-14T18:00,26.7,91,32,3.3
2017-07-14T19:00,26.6,89,40,2.8
2017-07-14T20:00,26.2,92,63,3.3
2017-07-14T21:00,26.1,93,57,6.1
2017-07-14T22:00,25.6,94,62,7.4
2017-07-14T23:00,25.4,95,71,6.0
2017-07-15T00:00,25.4,94,85,4.1
2017-07-15T01:00,25.5,93,79,4.5
2017-07-15T02:00,25.1,95,38,4.1
2017-07-15T03:00,24.8,97,33,2.9
2017-07-15T04:00,24.7,95,93,3.9
2017-07-15T05:00,25.0,97,64,6.1
2017-07-15T06:00,25.8,92,85,9.9
2017-07-15T07:00,26.8,90,78,9.5
2017-07-15T08:00,28.0,83,94,10.4
2017-07-15T09:00,28.7,80,81,11.4
2017-07-15T10:00,29.7,78,68,10.7
2017-07-15T11:00,28.6,76,76,13.8
2017-07-15T12:00,29.1,76,61,10.9
2017-07-15T13:00,30.4,70,45,13.9
2017-07-15T14:00,30.8,69,44,17.0
2017-07-15T15:00,30.8,68,37,15.3
2017-07-15T16:00,29.7,74,55,13.5
2017-07-15T17:00,29.1,80,47,7.1
2017-07-15T18:00,28.1,83,46,5.2
2017-07-15T19:00,27.6,86,45,5.1
2017-07-15T20:00,26.9,89,53,8.1
2017-07-15T21:00,27.0,88,52,0.8
2017-07-15T22:00,25.9,92,87,3.5
2017-07-15T23:00,25.0,95,100,5.4
2017-07-16T00:00,25.1,93,98,9.8
2017-07-16T01:00,24.9,95,19,5.1
2017-07-16T02:00,24.6,96,10,4.6
2017-07-16T03:00,24.6,96,8,4.6
2017-07-16T04:00,24.6,97,25,4.9
2017-07-16T05:00,25.4,95,37,6.5
2017-07-16T06:00,26.5,91,93,7.8
2017-07-16T07:00,27.0,93,96,7.6
2017-07-16T08:00,28.2,85,43,9.3
2017-07-16T09:00,29.6,76,43,11.9
2017-07-16T10:00,30.4,72,36,15.2
2017-07-16T11:00,31.1,71,27,13.7
2017-07-16T12:00,29.9,74,40,8.9
2017-07-16T13:00,29.0,78,83,12.0
2017-07-16T14:00,30.3,72,51,8.6
2017-07-16T15:00,30.3,71,56,11.6
2017-07-16T16:00,29.9,74,69,10.1
2017-07-16T17:00,30.1,75,82,6.9
2017-07-16T18:00,28.6,84,76,4.2
2017-07-16T19:00,28.1,87,87,4.9
2017-07-16T20:00,28.1,85,97,4.9
2017-07-16T21:00,28.3,83,96,6.0
2017-07-16T22:00,27.8,86,90,6.7
2017-07-16T23:00,27.1,89,82,9.9
2017-07-17T00:00,26.5,92,82,8.5
2017-07-17T01:00,26.1,93,74,9.1
2017-07-17T02:00,25.9,92,39,8.7
2017-07-17T03:00,25.7,94,58,5.9
2017-07-17T04:00,25.5,95,56,6.1
2017-07-17T05:00,25.7,94,67,6.5
2017-07-17T06:00,27.3,88,51,7.4
2017-07-17T07:00,28.8,82,5,8.1
2017-07-17T08:00,30.2,72,15,10.6
2017-07-17T09:00,31.3,65,22,12.4
2017-07-17T10:00,31.7,65,30,15.5
2017-07-17T11:00,30.7,70,75,15.1
2017-07-17T12:00,30.7,68,98,17.3
2017-07-17T13:00,29.9,72,99,15.8
2017-07-17T14:00,30.5,72,98,14.1
2017-07-17T15:00,29.7,77,100,12.2
2017-07-17T16:00,29.2,78,100,11.3
2017-07-17T17:00,29.5,77,100,12.7
2017-07-17T18:00,28.9,76,99,11.5
2017-07-17T19:00,28.6,79,99,11.2
2017-07-17T20:00,28.6,81,94,12.6
2017-07-17T21:00,27.2,87,97,17.0
2017-07-17T22:00,26.2,92,99,11.9
2017-07-17T23:00,26.3,92,96,9.7
2017-07-18T00:00,26.6,93,90,10.4
2017-07-18T01:00,26.7,93,91,14.0
2017-07-18T02:00,26.4,93,93,14.0
2017-07-18T03:00,26.1,94,87,13.5
2017-07-18T04:00,26.0,93,91,14.6
2017-07-18T05:00,26.6,90,94,15.5
2017-07-18T06:00,27.6,87,62,14.5
2017-07-18T07:00,28.7,80,26,18.0
2017-07-18T08:00,29.6,75,20,22.5
2017-07-18T09:00,30.4,71,27,22.5
2017-07-18T10:00,31.1,68,55,22.7
2017-07-18T11:00,31.9,67,57,21.3
2017-07-18T12:00,32.5,64,64,22.4
2017-07-18T13:00,32.4,64,43,25.2
2017-07-18T14:00,31.1,69,57,23.0
2017-07-18T15:00,30.8,71,82,18.4
2017-07-18T16:00,29.5,73,94,21.4
2017-07-18T17:00,29.5,77,94,13.3
2017-07-18T18:00,29.0,79,99,10.9
2017-07-18T19:00,28.3,81,99,10.0
2017-07-18T20:00,26.8,88,99,10.4
2017-07-18T21:00,26.5,91,100,13.0
2017-07-18T22:00,26.7,90,100,12.9
2017-07-18T23:00,26.3,91,99,15.0
2017-07-19T00:00,26.2,90,99,14.6
2017-07-19T01:00,26.0,91,97,14.0
2017-07-19T02:00,25.7,93,71,14.8
2017-07-19T03:00,25.5,93,51,15.8
2017-07-19T04:00,25.4,93,81,16.2
2017-07-19T05:00,25.5,93,98,13.0
2017-07-19T06:00,26.3,90,98,15.3
2017-07-19T07:00,27.1,86,88,14.6
2017-07-19T08:00,27.6,83,100,17.0
2017-07-19T09:00,28.7,79,100,18.4
2017-07-19T10:00,28.5,74,100,21.1
2017-07-19T11:00,29.1,78,100,16.6
2017-07-19T12:00,28.6,78,98,18.5
2017-07-19T13:00,28.3,80,99,19.5
2017-07-19T14:00,28.8,74,98,22.5
2017-07-19T15:00,28.1,79,99,22.8
2017-07-19T16:00,27.5,83,99,20.3
2017-07-19T17:00,26.6,89,100,15.2
2017-07-19T18:00,25.9,94,98,16.6
2017-07-19T19:00,25.8,94,100,15.6
2017-07-19T20:00,25.6,94,100,14.2
2017-07-19T21:00,25.4,95,100,14.4
2017-07-19T22:00,25.5,94,100,12.8
2017-07-19T23:00,25.3,96,100,14.4
2017-07-20T00:00,24.7,98,100,14.1
2017-07-20T01:00,24.6,99,100,15.2
2017-07-20T02:00,24.8,96,100,14.5
2017-07-20T03:00,24.4,97,100,13.4
2017-07-20T04:00,24.2,100,100,13.6
2017-07-20T05:00,24.7,98,100,10.6
2017-07-20T06:00,24.9,96,100,16.3
2017-07-20T07:00,25.1,94,100,17.5
2017-07-20T08:00,25.6,94,100,13.1
2017-07-20T09:00,25.7,95,100,11.3
2017-07-20T10:00,25.7,95,100,10.1
2017-07-20T11:00,25.9,94,100,7.4
2017-07-20T12:00,26.5,90,100,9.0
2017-07-20T13:00,27.0,89,100,7.8
2017-07-20T14:00,27.2,90,99,7.6
2017-07-20T15:00,27.8,86,94,7.6
2017-07-20T16:00,28.2,83,93,9.3
2017-07-20T17:00,26.3,94,96,9.2
2017-07-20T18:00,26.0,95,99,13.0
2017-07-20T19:00,25.7,96,100,11.5
2017-07-20T20:00,25.4,96,99,11.8
2017-07-20T21:00,25.7,95,100,11.2
2017-07-20T22:00,25.7,96,97,10.5
2017-07-20T23:00,25.5,96,100,11.5
2017-07-21T00:00,25.4,97,100,11.4
2017-07-21T01:00,25.2,95,100,11.3
2017-07-21T02:00,25.1,98,100,10.7
2017-07-21T03:00,25.0,97,99,9.7
2017-07-21T04:00,24.9,97,100,10.8
2017-07-21T05:00,25.1,98,99,8.8
2017-07-21T06:00,25.8,94,99,10.7
2017-07-21T07:00,26.5,92,100,9.1
2017-07-21T08:00,26.7,90,99,7.9
2017-07-21T09:00,27.8,87,99,7.2
2017-07-21T10:00,28.6,86,99,7.3
2017-07-21T11:00,29.1,80,100,6.9
2017-07-21T12:00,28.1,86,100,9.5
2017-07-21T13:00,27.2,86,100,8.8
2017-07-21T14:00,27.3,87,99,6.4
2017-07-21T15:00,28.2,83,100,7.2
2017-07-21T16:00,27.7,86,100,6.1
2017-07-21T17:00,27.6,84,100,5.8
2017-07-21T18:00,26.9,86,96,5.9
2017-07-21T19:00,25.5,94,97,8.4
2017-07-21T20:00,24.9,96,100,7.4
2017-07-21T21:00,24.6,98,99,7.2
2017-07-21T22:00,24.5,98,100,7.9
2017-07-21T23:00,24.5,98,100,7.9
2017-07-22T00:00,24.4,98,100,5.5
2017-07-22T01:00,24.3,98,100,3.4
2017-07-22T02:00,24.3,98,100,1.6
2017-07-22T03:00,24.3,98,100,4.0
2017-07-22T04:00,24.2,98,100,6.7
2017-07-22T05:00,24.5,99,100,6.3
2017-07-22T06:00,25.0,97,100,8.1
2017-07-22T07:00,25.4,96,100,8.1
2017-07-22T08:00,25.7,96,100,10.1
2017-07-22T09:00,25.9,93,100,12.6
2017-07-22T10:00,26.1,92,100,11.8
2017-07-22T11:00,27.0,86,100,7.2
2017-07-22T12:00,26.1,91,100,9.4
2017-07-22T13:00,27.0,88,100,6.2
2017-07-22T14:00,27.2,86,99,7.6
2017-07-22T15:00,27.0,88,100,4.7
2017-07-22T16:00,27.2,85,100,3.6
2017-07-22T17:00,27.0,88,100,2.5
2017-07-22T18:00,26.4,91,99,2.8
2017-07-22T19:00,25.9,94,99,3.4
2017-07-22T20:00,25.9,94,100,3.5
2017-07-22T21:00,25.7,95,98,3.7
2017-07-22T22:00,25.4,97,97,2.3
2017-07-22T23:00,25.3,98,100,2.9
2017-07-23T00:00,25.2,99,100,5.1
2017-07-23T01:00,25.0,99,99,6.2
2017-07-23T02:00,24.9,98,100,7.1
2017-07-23T03:00,24.9,97,100,6.0
2017-07-23T04:00,24.9,96,100,7.3
2017-07-23T05:00,24.6,97,100,7.2
2017-07-23T06:00,24.8,97,100,7.4
2017-07-23T07:00,25.0,96,100,6.2
2017-07-23T08:00,25.4,94,100,8.6
2017-07-23T09:00,25.5,94,100,9.4
2017-07-23T10:00,26.4,89,100,12.3
2017-07-23T11:00,27.5,82,88,15.5
2017-07-23T12:00,27.7,83,82,12.3
2017-07-23T13:00,28.8,80,65,8.7
2017-07-23T14:00,29.4,79,85,6.2
2017-07-23T15:00,29.3,77,98,8.9
2017-07-23T16:00,26.0,93,100,9.4
2017-07-23T17:00,27.1,83,100,6.7
2017-07-23T18:00,26.0,90,100,7.4
2017-07-23T19:00,25.9,91,97,6.4
2017-07-23T20:00,25.8,92,84,8.2
2017-07-23T21:00,25.5,93,99,7.8
2017-07-23T22:00,25.5,90,99,9.9
2017-07-23T23:00,25.1,93,100,10.7
2017-07-24T00:00,24.9,95,99,9.1
2017-07-24T01:00,24.9,95,99,8.3
2017-07-24T02:00,24.7,96,87,11.2
2017-07-24T03:00,24.3,96,100,11.2
2017-07-24T04:00,24.1,96,100,9.5
2017-07-24T05:00,24.3,95,100,9.7
2017-07-24T06:00,24.4,96,100,10.3
2017-07-24T07:00,24.6,95,100,10.2
2017-07-24T08:00,24.9,94,100,10.7
2017-07-24T09:00,24.9,94,100,9.7
2017-07-24T10:00,25.3,92,100,5.2
2017-07-24T11:00,26.7,87,96,6.2
2017-07-24T12:00,26.5,86,91,11.4
2017-07-24T13:00,26.1,90,100,11.9
2017-07-24T14:00,27.5,83,90,8.8
2017-07-24T15:00,27.8,79,98,10.5
2017-07-24T16:00,25.4,90,100,14.1
2017-07-24T17:00,25.0,93,100,14.8
2017-07-24T18:00,24.9,93,97,11.5
2017-07-24T19:00,25.0,93,91,10.5
2017-07-24T20:00,24.6,94,97,8.9
2017-07-24T21:00,24.7,92,100,9.9
2017-07-24T22:00,24.8,92,99,10.7
2017-07-24T23:00,24.5,93,100,7.0
2017-07-25T00:00,24.3,96,100,6.3
2017-07-25T01:00,24.3,96,100,6.9
2017-07-25T02:00,24.3,96,100,7.5
2017-07-25T03:00,24.3,95,100,7.3
2017-07-25T04:00,24.2,96,100,7.3
2017-07-25T05:00,24.1,96,100,8.5
2017-07-25T06:00,24.4,96,100,5.6
2017-07-25T07:00,24.7,94,100,3.8
2017-07-25T08:00,25.0,93,100,7.9
2017-07-25T09:00,25.6,90,100,8.3
2017-07-25T10:00,26.1,87,100,7.1
2017-07-25T11:00,26.4,86,100,6.3
2017-07-25T12:00,27.2,83,97,4.2
2017-07-25T13:00,27.1,84,100,6.9
2017-07-25T14:00,27.1,83,88,6.5
2017-07-25T15:00,27.4,80,100,8.6
2017-07-25T16:00,26.4,87,100,9.8
2017-07-25T17:00,25.2,93,100,9.8
2017-07-25T18:00,25.0,95,100,10.5
2017-07-25T19:00,24.6,94,100,16.8
2017-07-25T20:00,24.3,93,100,11.2
2017-07-25T21:00,24.7,92,100,12.2
2017-07-25T22:00,24.7,91,100,13.4
2017-07-25T23:00,24.6,92,100,13.5
2017-07-26T00:00,24.4,93,100,15.7
2017-07-26T01:00,24.5,93,100,15.2
2017-07-26T02:00,24.4,94,100,15.5
2017-07-26T03:00,24.4,94,100,15.9
2017-07-26T04:00,24.3,94,100,17.1
2017-07-26T05:00,24.0,94,100,17.9
2017-07-26T06:00,24.3,94,100,18.9
2017-07-26T07:00,24.3,94,100,21.1
2017-07-26T08:00,24.7,93,100,19.1
2017-07-26T09:00,24.9,95,100,16.0
2017-07-26T10:00,26.2,89,100,17.5
2017-07-26T11:00,27.3,82,100,17.3
2017-07-26T12:00,27.6,78,99,16.8
2017-07-26T13:00,27.7,78,99,16.0
2017-07-26T14:00,28.2,79,100,13.5
2017-07-26T15:00,26.6,84,100,13.2
2017-07-26T16:00,26.5,85,100,10.4
2017-07-26T17:00,26.7,88,100,10.7
2017-07-26T18:00,25.9,91,100,12.5
2017-07-26T19:00,25.8,91,100,11.5
2017-07-26T20:00,25.5,91,100,10.8
2017-07-26T21:00,25.1,92,99,9.7
2017-07-26T22:00,25.0,94,98,10.1
2017-07-26T23:00,24.9,95,98,8.9
2017-07-27T00:00,24.6,95,97,8.6
2017-07-27T01:00,24.4,97,99,9.9
2017-07-27T02:00,24.5,98,95,11.7
2017-07-27T03:00,24.5,98,97,10.6
2017-07-27T04:00,24.5,96,97,9.2
2017-07-27T05:00,24.6,95,87,10.4
2017-07-27T06:00,25.3,93,95,11.5
2017-07-27T07:00,26.0,90,98,10.5
2017-07-27T08:00,26.4,89,95,10.7
2017-07-27T09:00,27.9,81,89,14.0
2017-07-27T10:00,29.8,70,91,14.6
2017-07-27T11:00,29.6,71,78,12.7
2017-07-27T12:00,29.6,74,96,10.5
2017-07-27T13:00,28.9,74,81,5.8
2017-07-27T14:00,29.7,71,93,8.2
2017-07-27T15:00,30.1,69,97,9.0
2017-07-27T16:00,29.8,71,97,8.8
2017-07-27T17:00,27.9,83,100,10.9
2017-07-27T18:00,26.6,85,98,7.8
2017-07-27T19:00,26.2,87,87,6.9
2017-07-27T20:00,26.0,90,90,6.0
2017-07-27T21:00,25.6,93,83,5.7
2017-07-27T22:00,25.5,94,89,6.3
2017-07-27T23:00,25.4,95,91,5.7
2017-07-28T00:00,25.3,96,91,6.2
2017-07-28T01:00,25.3,96,97,5.4
2017-07-28T02:00,24.9,98,93,4.0
2017-07-28T03:00,24.6,98,90,5.1
2017-07-28T04:00,24.9,97,75,3.7
2017-07-28T05:00,24.9,98,77,5.7
2017-07-28T06:00,26.1,93,95,5.1
2017-07-28T07:00,27.1,88,91,4.3
2017-07-28T08:00,28.5,82,96,4.7
2017-07-28T09:00,29.6,75,89,8.3
2017-07-28T10:00,30.7,71,92,9.0
2017-07-28T11:00,31.4,69,96,8.8
2017-07-28T12:00,31.9,69,94,9.4
2017-07-28T13:00,31.9,69,95,9.7
2017-07-28T14:00,30.7,71,100,11.5
2017-07-28T15:00,28.5,83,100,8.1
2017-07-28T16:00,28.3,85,100,8.7
2017-07-28T17:00,30.2,76,98,8.7
2017-07-28T18:00,29.1,80,99,11.2
2017-07-28T19:00,28.2,83,99,10.2
2017-07-28T20:00,27.7,85,93,8.9
2017-07-28T21:00,27.3,86,97,8.1
2017-07-28T22:00,27.0,88,98,7.4
2017-07-28T23:00,26.8,89,95,7.3
2017-07-29T00:00,26.4,90,98,6.5
2017-07-29T01:00,26.1,91,96,5.4
2017-07-29T02:00,25.8,93,92,4.8
2017-07-29T03:00,25.6,93,98,4.7
2017-07-29T04:00,25.3,94,96,4.3
2017-07-29T05:00,25.7,93,98,4.7
2017-07-29T06:00,27.0,88,100,4.7
2017-07-29T07:00,27.9,83,100,5.6
2017-07-29T08:00,29.2,77,99,4.6
2017-07-29T09:00,30.5,72,98,5.7
2017-07-29T10:00,31.4,69,97,5.8
2017-07-29T11:00,32.1,68,98,5.9
2017-07-29T12:00,32.2,68,99,5.5
2017-07-29T13:00,31.6,68,99,9.8
2017-07-29T14:00,29.5,76,99,8.0
2017-07-29T15:00,30.1,73,99,4.6
2017-07-29T16:00,29.2,77,99,1.9
2017-07-29T17:00,29.8,78,100,6.1
2017-07-29T18:00,28.6,84,100,6.4
2017-07-29T19:00,28.1,87,100,6.4
2017-07-29T20:00,27.7,88,100,6.1
2017-07-29T21:00,27.5,88,100,4.8
2017-07-29T22:00,27.2,91,99,4.0
2017-07-29T23:00,26.7,93,98,4.3
2017-07-30T00:00,26.6,93,100,3.6
2017-07-30T01:00,26.5,93,100,4.4
2017-07-30T02:00,26.2,95,100,3.9
2017-07-30T03:00,25.9,96,99,3.7
2017-07-30T04:00,25.7,96,99,3.1
2017-07-30T05:00,25.2,97,100,4.8
2017-07-30T06:00,25.5,96,100,6.4
2017-07-30T07:00,25.6,96,100,6.1
2017-07-30T08:00,25.8,95,100,6.3
2017-07-30T09:00,26.5,91,100,2.8
2017-07-30T10:00,27.5,85,100,2.6
2017-07-30T11:00,28.6,82,100,3.3
2017-07-30T12:00,29.1,81,100,1.1
2017-07-30T13:00,29.6,81,100,1.8
2017-07-30T14:00,29.7,81,97,2.6
2017-07-30T15:00,29.7,81,97,1.1
2017-07-30T16:00,26.7,91,99,10.2
2017-07-30T17:00,27.5,85,99,3.3
2017-07-30T18:00,26.8,91,98,3.1
2017-07-30T19:00,26.3,93,98,3.5
2017-07-30T20:00,26.3,94,95,3.7
2017-07-30T21:00,25.8,96,57,4.3
2017-07-30T22:00,25.6,96,86,3.7
2017-07-30T23:00,25.2,97,58,3.6
2017-07-31T00:00,25.1,96,89,4.3
2017-07-31T01:00,24.4,97,100,7.2
2017-07-31T02:00,24.4,96,93,1.3
2017-07-31T03:00,24.2,98,100,4.0
2017-07-31T04:00,24.3,97,100,4.6
2017-07-31T05:00,24.8,96,100,3.6
2017-07-31T06:00,26.1,90,61,4.0
2017-07-31T07:00,27.0,85,35,6.8
2017-07-31T08:00,28.7,78,38,10.8
2017-07-31T09:00,29.7,73,38,10.7
2017-07-31T10:00,30.5,74,25,7.2
2017-07-31T11:00,30.9,75,56,6.1
2017-07-31T12:00,30.8,70,77,9.9
2017-07-31T13:00,29.7,77,80,5.5
2017-07-31T14:00,29.4,78,84,5.6
2017-07-31T15:00,29.5,79,82,5.9
2017-07-31T16:00,28.8,79,93,9.0
2017-07-31T17:00,28.6,80,94,8.9
2017-07-31T18:00,27.7,83,87,6.5
2017-07-31T19:00,27.0,85,89,5.2
2017-07-31T20:00,26.9,86,87,5.2
2017-07-31T21:00,26.7,89,74,5.7
2017-07-31T22:00,26.7,91,85,5.2
2017-07-31T23:00,26.5,93,92,4.4
2017-08-01T00:00,26.1,94,95,5.2
2017-08-01T01:00,25.8,95,95,5.4
2017-08-01T02:00,25.8,94,88,5.2
2017-08-01T03:00,25.4,96,83,3.6
2017-08-01T04:00,25.1,97,82,3.9
2017-08-01T05:00,25.7,94,42,3.0
2017-08-01T06:00,27.1,87,90,4.2
2017-08-01T07:00,28.4,82,66,3.4
2017-08-01T08:00,29.8,77,41,2.1
2017-08-01T09:00,31.0,74,59,1.8
2017-08-01T10:00,31.8,70,53,5.1
2017-08-01T11:00,31.8,68,78,8.0
2017-08-01T12:00,32.6,62,95,4.3
2017-08-01T13:00,30.7,69,95,4.6
2017-08-01T14:00,29.5,75,100,3.8
2017-08-01T15:00,29.5,77,100,7.7
2017-08-01T16:00,29.6,76,99,6.3
2017-08-01T17:00,30.4,76,100,3.1
2017-08-01T18:00,29.5,82,100,2.9
2017-08-01T19:00,28.9,84,100,1.5
2017-08-01T20:00,28.0,91,100,4.0
2017-08-01T21:00,28.0,88,99,3.3
2017-08-01T22:00,28.2,85,98,2.5
2017-08-01T23:00,27.2,90,98,4.7
2017-08-02T00:00,27.0,89,99,7.0
2017-08-02T01:00,26.6,91,100,6.2
2017-08-02T02:00,26.6,92,100,7.2
2017-08-02T03:00,26.3,94,99,5.5
2017-08-02T04:00,26.3,93,100,5.4
2017-08-02T05:00,26.4,94,100,4.0
2017-08-02T06:00,27.6,90,100,5.8
2017-08-02T07:00,28.3,87,100,5.8
2017-08-02T08:00,29.4,81,100,4.7
2017-08-02T09:00,30.6,76,100,6.9
2017-08-02T10:00,31.0,74,100,6.0
2017-08-02T11:00,31.2,71,100,6.5
2017-08-02T12:00,31.4,70,100,2.8
2017-08-02T13:00,28.5,81,100,9.3
2017-08-02T14:00,28.6,81,99,7.7
2017-08-02T15:00,29.2,78,98,5.5
2017-08-02T16:00,29.2,77,97,7.1
2017-08-02T17:00,29.2,81,99,5.9
2017-08-02T18:00,28.3,84,99,8.6
2017-08-02T19:00,27.9,86,98,6.9
2017-08-02T20:00,27.9,87,99,7.0
2017-08-02T21:00,27.5,89,99,6.8
2017-08-02T22:00,27.4,89,100,7.2
2017-08-02T23:00,27.2,89,100,8.0
2017-08-03T00:00,26.9,89,100,7.6
2017-08-03T01:00,26.6,90,100,8.3
2017-08-03T02:00,26.5,91,100,7.9
2017-08-03T03:00,26.3,91,100,6.5
2017-08-03T04:00,26.0,92,100,5.5
2017-08-03T05:00,26.1,93,100,4.7
2017-08-03T06:00,27.0,89,100,6.3
2017-08-03T07:00,27.7,83,100,6.1
2017-08-03T08:00,28.1,80,100,6.2
2017-08-03T09:00,28.1,79,100,7.1
2017-08-03T10:00,27.8,83,98,6.1
2017-08-03T11:00,28.2,81,100,10.2
2017-08-03T12:00,27.4,89,100,7.3
2017-08-03T13:00,27.3,90,100,6.5
2017-08-03T14:00,28.5,84,98,8.4
2017-08-03T15:00,29.4,79,99,9.5
2017-08-03T16:00,29.4,79,100,8.0
2017-08-03T17:00,29.8,75,97,2.2
2017-08-03T18:00,28.9,81,100,2.3
2017-08-03T19:00,27.9,92,100,3.6
2017-08-03T20:00,27.7,92,100,2.8
2017-08-03T21:00,27.5,90,100,2.5
2017-08-03T22:00,27.1,91,100,5.3
2017-08-03T23:00,26.6,92,100,5.7
2017-08-04T00:00,26.3,92,100,7.6
2017-08-04T01:00,26.1,93,100,7.6
2017-08-04T02:00,26.0,93,100,6.9
2017-08-04T03:00,25.8,93,100,7.4
2017-08-04T04:00,25.8,93,100,6.3
2017-08-04T05:00,25.9,93,100,4.4
2017-08-04T06:00,26.6,91,100,4.0
2017-08-04T07:00,27.1,89,100,1.1
2017-08-04T08:00,27.8,85,97,3.4
2017-08-04T09:00,28.4,81,99,5.0
2017-08-04T10:00,29.5,77,99,6.9
2017-08-04T11:00,30.4,75,99,8.4
2017-08-04T12:00,30.2,75,87,9.3
2017-08-04T13:00,29.1,75,94,8.7
2017-08-04T14:00,28.1,81,97,5.2
2017-08-04T15:00,28.4,80,98,3.3
2017-08-04T16:00,28.5,79,99,1.1
2017-08-04T17:00,28.1,83,100,4.1
2017-08-04T18:00,27.0,92,100,4.5
2017-08-04T19:00,26.9,93,100,3.8
2017-08-04T20:00,27.2,88,99,1.8
2017-08-04T21:00,26.8,91,99,2.9
2017-08-04T22:00,26.3,94,98,2.9
2017-08-04T23:00,26.3,94,98,3.3
2017-08-05T00:00,26.1,95,100,4.2
2017-08-05T01:00,26.1,95,97,5.1
2017-08-05T02:00,25.7,96,100,5.4
2017-08-05T03:00,25.6,95,99,6.2
2017-08-05T04:00,25.3,95,99,8.8
2017-08-05T05:00,25.7,96,99,2.9
2017-08-05T06:00,26.5,91,100,7.2
2017-08-05T07:00,26.8,89,99,9.9
2017-08-05T08:00,27.9,83,99,8.6
2017-08-05T09:00,29.1,77,99,10.2
2017-08-05T10:00,29.6,78,97,10.5
2017-08-05T11:00,29.8,82,98,6.5
2017-08-05T12:00,30.5,81,99,5.7
2017-08-05T13:00,31.5,71,100,5.4
2017-08-05T14:00,29.7,77,100,12.7
2017-08-05T15:00,28.7,80,100,7.2
2017-08-05T16:00,28.3,84,100,6.5
2017-08-05T17:00,28.5,83,100,5.8
2017-08-05T18:00,27.5,89,99,7.6
2017-08-05T19:00,26.7,93,100,6.6
2017-08-05T20:00,26.3,96,100,5.8
2017-08-05T21:00,26.3,95,100,7.6
2017-08-05T22:00,26.3,94,100,7.6
2017-08-05T23:00,26.1,95,100,6.2
2017-08-06T00:00,26.0,95,100,6.5
2017-08-06T01:00,25.7,96,100,6.2
2017-08-06T02:00,25.6,98,100,5.8
2017-08-06T03:00,25.5,99,100,5.8
2017-08-06T04:00,25.5,99,100,7.2
2017-08-06T05:00,25.4,96,100,6.2
2017-08-06T06:00,26.3,91,100,9.0
2017-08-06T07:00,26.6,90,100,9.3
2017-08-06T08:00,27.1,88,100,10.2
2017-08-06T09:00,27.4,87,98,8.9
2017-08-06T10:00,28.5,88,67,8.4
2017-08-06T11:00,30.1,76,100,7.4
2017-08-06T12:00,30.0,70,91,11.6
2017-08-06T13:00,30.3,74,65,8.2
2017-08-06T14:00,31.3,70,83,7.7
2017-08-06T15:00,29.7,77,98,8.4
2017-08-06T16:00,28.6,82,98,14.0
2017-08-06T17:00,28.4,86,98,5.9
2017-08-06T18:00,28.1,86,99,10.3
2017-08-06T19:00,27.6,87,100,13.8
2017-08-06T20:00,27.1,88,100,8.9
2017-08-06T21:00,26.7,89,100,9.0
2017-08-06T22:00,25.7,95,100,9.1
2017-08-06T23:00,25.7,95,98,9.8
2017-08-07T00:00,25.4,95,94,6.2
2017-08-07T01:00,25.2,95,99,7.4
2017-08-07T02:00,25.5,94,99,8.2
2017-08-07T03:00,25.4,96,100,6.4
2017-08-07T04:00,25.3,96,86,7.5
2017-08-07T05:00,25.4,96,34,5.6
2017-08-07T06:00,26.3,93,100,8.9
2017-08-07T07:00,26.7,95,82,7.6
2017-08-07T08:00,28.2,91,79,10.5
2017-08-07T09:00,28.8,88,86,13.1
2017-08-07T10:00,29.8,83,68,11.7
2017-08-07T11:00,30.4,72,58,18.3
2017-08-07T12:00,29.5,75,73,19.9
2017-08-07T13:00,30.0,74,39,16.6
2017-08-07T14:00,30.0,73,42,17.7
2017-08-07T15:00,30.2,72,34,15.8
2017-08-07T16:00,30.0,73,40,14.3
2017-08-07T17:00,29.0,78,52,15.3
2017-08-07T18:00,28.1,81,99,13.2
2017-08-07T19:00,27.8,83,98,11.7
2017-08-07T20:00,27.5,84,96,10.7
2017-08-07T21:00,27.3,86,98,10.2
2017-08-07T22:00,26.9,88,99,10.6
2017-08-07T23:00,26.6,90,100,11.5
2017-08-08T00:00,26.3,92,100,12.0
2017-08-08T01:00,26.1,94,99,11.5
2017-08-08T02:00,26.0,94,100,11.8
2017-08-08T03:00,26.0,95,100,12.3
2017-08-08T04:00,25.9,95,99,9.6
2017-08-08T05:00,25.8,96,100,8.5
2017-08-08T06:00,26.6,92,100,8.1
2017-08-08T07:00,27.3,90,96,8.1
2017-08-08T08:00,28.6,85,77,9.6
2017-08-08T09:00,29.4,81,84,10.1
2017-08-08T10:00,30.4,74,76,10.1
2017-08-08T11:00,31.1,76,57,9.8
2017-08-08T12:00,31.8,73,15,10.4
2017-08-08T13:00,32.3,72,19,9.4
2017-08-08T14:00,29.3,77,100,17.4
2017-08-08T15:00,29.2,81,54,12.6
2017-08-08T16:00,29.1,80,44,13.0
2017-08-08T17:00,28.7,83,32,9.2
2017-08-08T18:00,28.2,85,63,10.2
2017-08-08T19:00,27.4,88,62,9.5
2017-08-08T20:00,26.9,91,71,11.2
2017-08-08T21:00,26.9,92,82,10.5
2017-08-08T22:00,26.6,93,92,10.2
2017-08-08T23:00,26.5,93,92,8.4
2017-08-09T00:00,26.3,94,95,9.0
2017-08-09T01:00,25.9,96,61,7.4
2017-08-09T02:00,25.7,96,87,8.3
2017-08-09T03:00,25.7,96,95,5.8
2017-08-09T04:00,25.5,97,94,7.9
2017-08-09T05:00,25.4,97,96,7.3
2017-08-09T06:00,26.3,92,97,9.4
2017-08-09T07:00,27.3,87,98,11.8
2017-08-09T08:00,28.5,83,83,9.0
2017-08-09T09:00,29.7,79,86,8.1
2017-08-09T10:00,30.9,72,100,8.8
2017-08-09T11:00,30.0,76,60,9.3
2017-08-09T12:00,30.1,74,56,6.0
2017-08-09T13:00,30.0,74,62,11.9
2017-08-09T14:00,29.5,79,77,8.3
2017-08-09T15:00,30.1,76,82,8.3
2017-08-09T16:00,30.0,76,82,8.6
2017-08-09T17:00,30.0,78,88,8.0
2017-08-09T18:00,28.7,82,96,10.8
2017-08-09T19:00,28.2,85,99,5.8
2017-08-09T20:00,27.8,86,96,10.0
2017-08-09T21:00,27.7,87,97,10.9
2017-08-09T22:00,27.4,86,99,10.3
2017-08-09T23:00,27.3,86,97,10.9
2017-08-10T00:00,27.2,84,99,11.5
2017-08-10T01:00,26.9,85,100,12.5
2017-08-10T02:00,26.6,85,99,13.8
2017-08-10T03:00,26.5,86,98,12.7
2017-08-10T04:00,26.3,87,97,11.7
2017-08-10T05:00,26.3,87,98,10.7
2017-08-10T06:00,26.9,85,98,11.9
2017-08-10T07:00,27.7,82,98,14.7
2017-08-10T08:00,28.7,77,100,15.5
2017-08-10T09:00,29.5,76,100,15.3
2017-08-10T10:00,29.4,76,99,16.6
2017-08-10T11:00,30.0,75,99,14.7
2017-08-10T12:00,27.5,83,100,13.0
2017-08-10T13:00,28.7,81,100,8.2
2017-08-10T14:00,29.4,78,100,6.5
2017-08-10T15:00,27.8,84,100,10.5
2017-08-10T16:00,27.1,90,100,9.1
2017-08-10T17:00,27.6,88,100,9.6
2017-08-10T18:00,27.3,89,100,6.9
2017-08-10T19:00,27.2,88,100,8.2
2017-08-10T20:00,27.1,86,100,10.2
2017-08-10T21:00,26.8,87,100,10.2
2017-08-10T22:00,26.9,87,100,11.6
2017-08-10T23:00,26.8,85,100,11.3
2017-08-11T00:00,26.5,85,100,13.0
2017-08-11T01:00,26.3,86,100,12.0
2017-08-11T02:00,26.2,86,100,10.6
2017-08-11T03:00,26.1,87,100,10.9
2017-08-11T04:00,25.9,88,100,11.0
2017-08-11T05:00,25.4,93,100,11.0
2017-08-11T06:00,26.2,90,100,12.2
2017-08-11T07:00,26.8,89,100,11.7
2017-08-11T08:00,27.7,84,100,14.5
2017-08-11T09:00,28.7,79,100,16.3
2017-08-11T10:00,29.1,78,100,16.8
2017-08-11T11:00,28.1,85,100,14.2
2017-08-11T12:00,28.8,80,100,15.4
2017-08-11T13:00,28.8,78,100,17.3
2017-08-11T14:00,27.1,89,100,13.0
2017-08-11T15:00,27.4,86,100,15.9
2017-08-11T16:00,27.4,85,100,17.0
2017-08-11T17:00,27.9,86,100,3.7
2017-08-11T18:00,27.4,88,100,6.3
2017-08-11T19:00,27.0,92,100,8.7
2017-08-11T20:00,26.6,93,100,8.9
2017-08-11T21:00,26.4,93,100,9.2
2017-08-11T22:00,26.3,93,100,8.4
2017-08-11T23:00,26.1,94,100,10.4
2017-08-12T00:00,26.0,93,100,14.8
2017-08-12T01:00,25.8,93,100,14.3
2017-08-12T02:00,25.8,93,100,13.6
2017-08-12T03:00,25.7,93,100,13.5
2017-08-12T04:00,25.6,93,100,12.9
2017-08-12T05:00,25.5,92,100,11.8
2017-08-12T06:00,25.6,93,100,9.9
2017-08-12T07:00,25.8,94,100,10.0
2017-08-12T08:00,26.0,94,100,9.2
2017-08-12T09:00,27.1,91,100,11.0
2017-08-12T10:00,27.8,86,100,10.8
2017-08-12T11:00,27.6,81,100,13.8
2017-08-12T12:00,27.8,82,100,13.7
2017-08-12T13:00,27.9,80,100,11.4
2017-08-12T14:00,27.0,87,100,12.4
2017-08-12T15:00,26.7,91,100,10.0
2017-08-12T16:00,26.1,92,100,9.4
2017-08-12T17:00,26.7,91,100,5.6
2017-08-12T18:00,26.4,94,100,3.7
2017-08-12T19:00,26.2,93,100,5.2
2017-08-12T20:00,25.9,94,100,6.4
2017-08-12T21:00,25.8,94,100,6.5
2017-08-12T22:00,25.5,95,100,4.3
2017-08-12T23:00,25.3,95,100,4.8
2017-08-13T00:00,25.3,95,100,6.0
2017-08-13T01:00,25.3,94,100,7.1
2017-08-13T02:00,25.4,94,100,8.3
2017-08-13T03:00,25.3,95,100,7.9
2017-08-13T04:00,25.2,95,100,7.8
2017-08-13T05:00,25.2,96,100,7.7
2017-08-13T06:00,26.2,92,96,6.2
2017-08-13T07:00,27.4,86,97,5.8
2017-08-13T08:00,28.4,80,99,5.5
2017-08-13T09:00,28.5,78,99,6.0
2017-08-13T10:00,27.4,82,100,7.9
2017-08-13T11:00,27.8,81,99,6.1
2017-08-13T12:00,29.0,75,97,11.8
2017-08-13T13:00,29.8,71,98,12.2
2017-08-13T14:00,29.7,71,99,10.1
2017-08-13T15:00,29.5,73,100,4.7
2017-08-13T16:00,29.1,74,99,3.5
2017-08-13T17:00,28.7,76,99,1.5
2017-08-13T18:00,27.2,85,100,3.6
2017-08-13T19:00,26.9,87,99,6.0
2017-08-13T20:00,26.6,90,100,7.7
2017-08-13T21:00,26.2,93,99,3.7
2017-08-13T22:00,25.8,89,98,1.8
2017-08-13T23:00,25.4,91,98,3.2
2017-08-14T00:00,25.2,94,99,3.8
2017-08-14T01:00,25.0,94,98,6.2
2017-08-14T02:00,25.0,94,96,7.3
2017-08-14T03:00,24.9,95,98,6.4
2017-08-14T04:00,24.8,96,97,4.5
2017-08-14T05:00,25.0,98,98,2.9
2017-08-14T06:00,25.5,96,100,2.7
2017-08-14T07:00,25.6,96,100,3.1
2017-08-14T08:00,26.1,94,100,2.5
2017-08-14T09:00,26.5,93,100,3.1
2017-08-14T10:00,27.4,88,96,3.6
2017-08-14T11:00,29.0,79,99,6.0
2017-08-14T12:00,29.6,75,100,6.8
2017-08-14T13:00,29.8,71,100,9.2
2017-08-14T14:00,27.9,81,100,6.1
2017-08-14T15:00,28.1,80,100,6.6
2017-08-14T16:00,28.2,79,100,7.2
2017-08-14T17:00,27.9,81,96,5.4
2017-08-14T18:00,26.8,87,97,3.7
2017-08-14T19:00,26.3,90,91,3.7
2017-08-14T20:00,25.8,94,93,3.1
2017-08-14T21:00,25.7,95,99,3.1
2017-08-14T22:00,25.7,95,98,3.3
2017-08-14T23:00,25.5,95,98,4.0
2017-08-15T00:00,25.3,96,99,5.0
2017-08-15T01:00,25.2,97,98,6.3
2017-08-15T02:00,25.3,96,98,7.4
2017-08-15T03:00,25.0,96,99,8.5
2017-08-15T04:00,24.9,96,99,8.0
2017-08-15T05:00,25.2,96,99,7.6
2017-08-15T06:00,26.1,93,99,7.6
2017-08-15T07:00,27.3,86,97,7.7
2017-08-15T08:00,28.4,81,87,8.3
2017-08-15T09:00,29.1,78,99,8.0
2017-08-15T10:00,30.7,71,99,8.4
2017-08-15T11:00,31.6,70,98,7.2
2017-08-15T12:00,31.4,71,99,6.8
2017-08-15T13:00,28.6,80,100,11.4
2017-08-15T14:00,29.2,76,100,8.9
2017-08-15T15:00,30.0,73,100,8.4
2017-08-15T16:00,29.6,75,100,6.8
2017-08-15T17:00,28.6,80,100,3.8
2017-08-15T18:00,27.8,85,100,5.9
2017-08-15T19:00,27.5,86,99,6.0
2017-08-15T20:00,27.3,88,100,4.8
2017-08-15T21:00,27.1,89,100,4.9
2017-08-15T22:00,26.8,89,100,7.6
2017-08-15T23:00,26.7,86,100,11.5
2017-08-16T00:00,26.5,86,100,11.2
2017-08-16T01:00,26.2,88,99,10.7
2017-08-16T02:00,26.2,88,100,11.3
2017-08-16T03:00,26.1,88,100,10.8
2017-08-16T04:00,26.1,88,99,8.8
2017-08-16T05:00,25.7,93,100,7.1
2017-08-16T06:00,26.2,92,99,9.0
2017-08-16T07:00,27.2,89,96,9.3
2017-08-16T08:00,28.6,84,98,9.9
2017-08-16T09:00,29.2,81,99,9.8
2017-08-16T10:00,29.9,77,99,10.5
2017-08-16T11:00,31.1,72,99,9.3
2017-08-16T12:00,29.4,76,99,15.3
2017-08-16T13:00,29.2,77,100,3.1
2017-08-16T14:00,28.8,80,100,2.4
2017-08-16T15:00,28.9,81,100,5.0
2017-08-16T16:00,28.4,84,100,8.2
2017-08-16T17:00,28.0,84,100,1.1
2017-08-16T18:00,27.6,86,99,1.5
2017-08-16T19:00,27.3,88,95,3.0
2017-08-16T20:00,27.2,89,96,3.8
2017-08-16T21:00,26.4,94,96,4.7
2017-08-16T22:00,26.3,95,100,3.2
2017-08-16T23:00,26.4,95,97,6.3
2017-08-17T00:00,26.1,97,98,4.7
2017-08-17T01:00,25.9,97,99,4.4
2017-08-17T02:00,25.8,96,100,6.3
2017-08-17T03:00,25.6,95,100,9.0
2017-08-17T04:00,25.1,96,100,6.2
2017-08-17T05:00,25.4,96,100,4.5
2017-08-17T06:00,26.1,93,90,5.5
2017-08-17T07:00,27.2,88,67,6.2
2017-08-17T08:00,28.3,81,93,7.7
2017-08-17T09:00,29.3,78,99,8.9
2017-08-17T10:00,28.1,84,94,11.8
2017-08-17T11:00,28.5,81,88,11.7
2017-08-17T12:00,29.7,77,91,7.1
2017-08-17T13:00,30.1,77,95,5.6
2017-08-17T14:00,28.2,79,99,9.2
2017-08-17T15:00,27.8,83,98,4.0
2017-08-17T16:00,28.2,81,90,8.0
2017-08-17T17:00,27.9,84,81,1.0
2017-08-17T18:00,26.9,93,92,4.3
2017-08-17T19:00,26.8,92,95,2.6
2017-08-17T20:00,26.5,93,95,5.6
2017-08-17T21:00,26.3,93,94,6.6
2017-08-17T22:00,25.8,94,97,7.8
2017-08-17T23:00,25.5,95,98,6.1
2017-08-18T00:00,25.4,95,96,5.3
2017-08-18T01:00,25.3,96,84,6.3
2017-08-18T02:00,25.2,97,95,8.3
2017-08-18T03:00,25.1,98,98,8.0
2017-08-18T04:00,24.9,99,97,8.5
2017-08-18T05:00,25.1,96,97,10.4
2017-08-18T06:00,25.9,93,92,11.7
2017-08-18T07:00,26.7,89,88,13.8
2017-08-18T08:00,28.0,82,95,14.7
2017-08-18T09:00,29.0,77,35,15.3
2017-08-18T10:00,30.0,71,85,18.1
2017-08-18T11:00,30.1,70,97,18.9
2017-08-18T12:00,30.6,68,40,18.8
2017-08-18T13:00,30.8,66,53,19.8
2017-08-18T14:00,30.5,66,68,20.3
2017-08-18T15:00,29.9,71,70,17.3
2017-08-18T16:00,28.7,76,98,18.1
2017-08-18T17:00,28.2,81,98,14.7
2017-08-18T18:00,27.8,82,98,13.6
2017-08-18T19:00,27.3,83,99,13.7
2017-08-18T20:00,27.1,84,99,14.8
2017-08-18T21:00,26.8,86,99,15.2
2017-08-18T22:00,26.5,87,99,16.0
2017-08-18T23:00,26.1,88,86,17.0
2017-08-19T00:00,25.5,90,99,15.7
2017-08-19T01:00,25.5,90,91,15.3
2017-08-19T02:00,25.3,91,100,15.6
2017-08-19T03:00,25.2,92,100,14.7
2017-08-19T04:00,25.1,92,99,18.3
2017-08-19T05:00,24.9,93,100,16.3
2017-08-19T06:00,25.5,88,79,17.2
2017-08-19T07:00,25.6,88,86,19.1
2017-08-19T08:00,26.2,86,91,20.3
2017-08-19T09:00,27.5,88,99,16.6
2017-08-19T10:00,28.0,81,74,19.5
2017-08-19T11:00,28.4,79,87,18.8
2017-08-19T12:00,28.3,81,71,21.9
2017-08-19T13:00,28.7,78,100,16.9
2017-08-19T14:00,27.6,83,95,15.6
2017-08-19T15:00,28.0,78,97,19.8
2017-08-19T16:00,27.4,83,99,14.9
2017-08-19T17:00,27.6,82,76,16.1
2017-08-19T18:00,26.7,86,83,13.7
2017-08-19T19:00,26.2,88,94,12.4
2017-08-19T20:00,25.8,90,92,12.3
2017-08-19T21:00,25.7,92,91,13.1
2017-08-19T22:00,25.5,93,89,13.6
2017-08-19T23:00,25.3,94,88,12.8
2017-08-20T00:00,25.2,94,97,12.3
2017-08-20T01:00,25.1,94,100,12.4
2017-08-20T02:00,25.0,94,100,10.9
2017-08-20T03:00,25.0,94,100,11.0
2017-08-20T04:00,25.0,94,100,12.2
2017-08-20T05:00,25.1,94,100,10.6
2017-08-20T06:00,25.5,93,98,11.8
2017-08-20T07:00,26.1,90,98,12.4
2017-08-20T08:00,26.9,88,99,12.4
2017-08-20T09:00,27.8,85,98,10.9
2017-08-20T10:00,28.8,83,93,13.2
2017-08-20T11:00,29.3,75,86,14.7
2017-08-20T12:00,30.4,72,90,16.1
2017-08-20T13:00,30.4,73,64,14.0
2017-08-20T14:00,30.0,72,61,15.5
2017-08-20T15:00,29.6,72,57,13.8
2017-08-20T16:00,29.3,73,98,14.3
2017-08-20T17:00,28.3,79,95,9.7
2017-08-20T18:00,27.4,84,86,9.5
2017-08-20T19:00,27.0,86,86,9.0
2017-08-20T20:00,26.7,87,90,9.4
2017-08-20T21:00,26.3,89,61,9.7
2017-08-20T22:00,25.9,91,30,9.0
2017-08-20T23:00,25.6,93,41,9.4
2017-08-21T00:00,25.3,94,57,8.4
2017-08-21T01:00,25.0,95,63,7.9
2017-08-21T02:00,24.7,96,49,6.6
2017-08-21T03:00,24.6,96,100,6.6
2017-08-21T04:00,24.8,96,100,6.9
2017-08-21T05:00,25.1,95,100,8.7
2017-08-21T06:00,26.0,91,87,11.3
2017-08-21T07:00,26.8,86,86,10.9
2017-08-21T08:00,27.9,80,41,10.9
2017-08-21T09:00,29.1,74,80,11.3
2017-08-21T10:00,30.0,69,22,11.1
2017-08-21T11:00,30.9,65,19,11.3
2017-08-21T12:00,31.3,63,18,11.7
2017-08-21T13:00,31.6,61,24,11.4
2017-08-21T14:00,31.6,61,23,10.6
2017-08-21T15:00,31.4,63,52,9.7
2017-08-21T16:00,30.5,69,72,9.5
2017-08-21T17:00,29.6,74,91,9.9
2017-08-21T18:00,28.1,79,99,10.5
2017-08-21T19:00,27.4,83,94,8.7
2017-08-21T20:00,27.1,85,93,7.9
2017-08-21T21:00,26.8,85,87,8.7
2017-08-21T22:00,26.5,86,90,8.3
2017-08-21T23:00,26.3,87,89,8.6
2017-08-22T00:00,26.0,89,96,7.3
2017-08-22T01:00,25.7,90,95,5.8
2017-08-22T02:00,25.4,91,93,4.7
2017-08-22T03:00,24.9,94,97,4.3
2017-08-22T04:00,24.9,95,99,5.1
2017-08-22T05:00,25.2,95,99,4.7
2017-08-22T06:00,26.9,86,98,3.4
2017-08-22T07:00,27.9,82,100,3.1
2017-08-22T08:00,29.3,78,92,1.8
2017-08-22T09:00,30.6,73,98,1.1
2017-08-22T10:00,31.3,71,94,1.5
2017-08-22T11:00,32.2,66,94,4.6
2017-08-22T12:00,30.3,71,99,11.5
2017-08-22T13:00,29.7,75,100,5.4
2017-08-22T14:00,30.3,74,98,4.7
2017-08-22T15:00,29.3,77,92,6.2
2017-08-22T16:00,29.7,75,93,4.2
2017-08-22T17:00,29.4,80,95,3.3
2017-08-22T18:00,28.0,90,100,4.6
2017-08-22T19:00,28.3,84,100,0.7
2017-08-22T20:00,28.1,86,96,2.3
2017-08-22T21:00,27.0,93,97,4.1
2017-08-22T22:00,26.6,95,94,4.0
2017-08-22T23:00,26.4,95,92,2.7
2017-08-23T00:00,26.1,97,58,2.6
2017-08-23T01:00,25.9,98,58,2.9
2017-08-23T02:00,25.7,99,63,2.7
2017-08-23T03:00,25.2,100,97,4.2
2017-08-23T04:00,25.5,99,53,2.6
2017-08-23T05:00,25.2,98,45,2.2
2017-08-23T06:00,26.7,91,23,1.9
2017-08-23T07:00,27.9,86,34,2.3
2017-08-23T08:00,29.2,80,50,4.0
2017-08-23T09:00,30.3,75,44,6.6
2017-08-23T10:00,31.0,71,50,6.9
2017-08-23T11:00,30.3,75,37,6.5
2017-08-23T12:00,31.1,73,42,4.0
2017-08-23T13:00,28.6,80,95,6.2
2017-08-23T14:00,29.9,76,68,5.9
2017-08-23T15:00,29.2,76,98,8.4
2017-08-23T16:00,28.6,79,99,4.4
2017-08-23T17:00,28.5,80,99,4.0
2017-08-23T18:00,27.6,90,100,3.7
2017-08-23T19:00,27.7,86,97,2.6
2017-08-23T20:00,27.7,84,97,1.9
2017-08-23T21:00,27.5,84,96,0.8
2017-08-23T22:00,27.0,86,65,1.1
2017-08-23T23:00,26.3,91,42,0.8
2017-08-24T00:00,25.9,93,53,2.2
2017-08-24T01:00,25.8,94,81,3.6
2017-08-24T02:00,25.4,95,98,2.7
2017-08-24T03:00,25.4,95,98,4.7
2017-08-24T04:00,25.1,95,66,2.9
2017-08-24T05:00,24.9,96,48,3.4
2017-08-24T06:00,26.3,91,97,6.4
2017-08-24T07:00,27.2,88,91,5.9
2017-08-24T08:00,28.3,84,82,4.5
2017-08-24T09:00,29.3,77,93,6.1
2017-08-24T10:00,27.2,87,98,10.5
2017-08-24T11:00,28.6,83,75,9.4
2017-08-24T12:00,28.4,81,96,7.1
2017-08-24T13:00,29.6,75,88,8.2
2017-08-24T14:00,29.2,75,83,13.3
2017-08-24T15:00,27.3,84,92,9.9
2017-08-24T16:00,27.7,83,92,6.2
2017-08-24T17:00,28.2,82,98,5.6
2017-08-24T18:00,27.2,87,86,5.8
2017-08-24T19:00,26.9,89,93,6.2
2017-08-24T20:00,27.0,88,96,5.5
2017-08-24T21:00,26.7,90,95,5.4
2017-08-24T22:00,26.2,93,88,8.1
2017-08-24T23:00,25.3,95,82,7.6
2017-08-25T00:00,25.1,95,77,2.5
2017-08-25T01:00,25.1,94,94,3.4
2017-08-25T02:00,24.8,96,85,4.0
2017-08-25T03:00,24.5,97,64,5.5
2017-08-25T04:00,24.5,97,61,5.5
2017-08-25T05:00,25.0,98,75,3.3
2017-08-25T06:00,26.2,93,53,5.9
2017-08-25T07:00,27.0,90,28,9.4
2017-08-25T08:00,28.1,82,32,10.8
2017-08-25T09:00,29.2,76,31,11.5
2017-08-25T10:00,30.2,72,30,10.6
2017-08-25T11:00,30.7,71,31,9.2
2017-08-25T12:00,30.9,71,46,10.4
2017-08-25T13:00,31.1,69,31,12.6
2017-08-25T14:00,31.2,69,28,10.9
2017-08-25T15:00,31.2,69,52,10.2
2017-08-25T16:00,29.3,75,49,14.8
2017-08-25T17:00,28.6,82,48,11.9
2017-08-25T18:00,27.7,84,55,10.7
2017-08-25T19:00,27.3,85,69,7.8
2017-08-25T20:00,27.3,87,37,9.2
2017-08-25T21:00,27.3,87,36,10.2
2017-08-25T22:00,26.9,89,40,7.4
2017-08-25T23:00,26.4,91,44,6.8
2017-08-26T00:00,26.1,92,69,6.0
2017-08-26T01:00,25.7,94,84,6.0
2017-08-26T02:00,25.2,96,83,3.2
2017-08-26T03:00,25.1,97,84,3.0
2017-08-26T04:00,24.7,98,86,3.0
2017-08-26T05:00,25.0,97,42,4.2
2017-08-26T06:00,26.4,92,17,5.1
2017-08-26T07:00,27.7,84,76,8.0
2017-08-26T08:00,28.8,78,80,7.9
2017-08-26T09:00,29.6,74,40,8.5
2017-08-26T10:00,30.5,70,92,10.8
2017-08-26T11:00,31.1,67,33,11.6
2017-08-26T12:00,31.5,66,35,10.4
2017-08-26T13:00,31.8,64,45,10.2
2017-08-26T14:00,31.4,66,46,12.6
2017-08-26T15:00,30.0,73,78,12.9
2017-08-26T16:00,29.3,77,99,14.5
2017-08-26T17:00,29.2,77,100,11.4
2017-08-26T18:00,28.4,79,92,9.4
2017-08-26T19:00,28.0,82,96,7.8
2017-08-26T20:00,27.7,86,95,7.3
2017-08-26T21:00,27.3,88,99,5.8
2017-08-26T22:00,27.0,90,99,4.4
2017-08-26T23:00,26.8,91,99,6.5
2017-08-27T00:00,26.5,92,100,5.1
2017-08-27T01:00,26.0,95,99,3.3
2017-08-27T02:00,25.8,96,97,4.7
2017-08-27T03:00,25.6,98,99,6.6
2017-08-27T04:00,25.4,99,100,5.0
2017-08-27T05:00,25.4,98,100,4.6
2017-08-27T06:00,26.4,93,92,7.1
2017-08-27T07:00,27.4,91,95,7.3
2017-08-27T08:00,28.4,84,100,9.8
2017-08-27T09:00,27.3,84,100,13.0
2017-08-27T10:00,27.1,85,100,11.6
2017-08-27T11:00,28.2,79,100,16.9
2017-08-27T12:00,28.6,76,100,18.0
2017-08-27T13:00,28.7,79,99,15.2
2017-08-27T14:00,28.6,78,100,16.3
2017-08-27T15:00,29.0,75,99,17.7
2017-08-27T16:00,27.0,85,100,14.0
2017-08-27T17:00,26.4,89,100,13.1
2017-08-27T18:00,26.1,88,99,16.3
2017-08-27T19:00,25.9,90,100,14.4
2017-08-27T20:00,25.6,91,100,13.8
2017-08-27T21:00,25.4,92,100,14.5
2017-08-27T22:00,25.5,92,100,15.6
2017-08-27T23:00,25.6,93,100,16.6
2017-08-28T00:00,25.4,93,100,15.8
2017-08-28T01:00,25.3,91,100,15.5
2017-08-28T02:00,25.3,92,100,18.8
2017-08-28T03:00,25.0,93,100,16.2
2017-08-28T04:00,25.1,93,100,18.0
2017-08-28T05:00,25.0,93,100,22.3
2017-08-28T06:00,25.5,89,96,24.4
2017-08-28T07:00,25.6,91,100,21.3
2017-08-28T08:00,25.9,90,89,23.6
2017-08-28T09:00,27.3,85,100,22.4
2017-08-28T10:00,27.7,86,86,17.2
2017-08-28T11:00,27.5,83,87,20.8
2017-08-28T12:00,29.1,79,94,20.3
2017-08-28T13:00,29.2,74,98,21.1
2017-08-28T14:00,27.7,80,98,22.6
2017-08-28T15:00,27.6,82,98,20.1
2017-08-28T16:00,27.7,82,98,20.7
2017-08-28T17:00,26.1,90,98,17.7
2017-08-28T18:00,26.1,90,100,17.0
2017-08-28T19:00,25.8,92,100,15.9
2017-08-28T20:00,26.0,91,100,17.4
2017-08-28T21:00,25.9,92,100,19.5
2017-08-28T22:00,25.6,93,100,20.4
2017-08-28T23:00,25.5,93,100,22.2
2017-08-29T00:00,25.2,95,100,21.1
2017-08-29T01:00,25.2,94,100,21.4
2017-08-29T02:00,24.9,94,100,16.1
2017-08-29T03:00,24.8,96,100,15.6
2017-08-29T04:00,24.3,98,100,15.2
2017-08-29T05:00,24.7,98,100,17.6
2017-08-29T06:00,25.1,95,100,16.8
2017-08-29T07:00,25.1,95,100,15.4
2017-08-29T08:00,25.9,90,100,19.9
2017-08-29T09:00,26.8,86,79,19.3
2017-08-29T10:00,28.6,80,43,17.5
2017-08-29T11:00,28.0,80,65,17.9
2017-08-29T12:00,27.0,85,99,16.8
2017-08-29T13:00,27.0,85,99,18.7
2017-08-29T14:00,28.3,78,100,19.7
2017-08-29T15:00,28.8,75,99,16.5
2017-08-29T16:00,28.5,78,98,11.4
2017-08-29T17:00,27.8,83,73,15.3
2017-08-29T18:00,26.9,86,100,13.7
2017-08-29T19:00,26.4,87,95,13.5
2017-08-29T20:00,25.9,90,98,11.9
2017-08-29T21:00,25.8,92,96,10.7
2017-08-29T22:00,25.6,93,78,10.2
2017-08-29T23:00,25.4,95,69,9.7
2017-08-30T00:00,25.1,96,82,8.2
2017-08-30T01:00,25.1,96,94,7.4
2017-08-30T02:00,24.9,97,91,6.6
2017-08-30T03:00,24.7,98,67,6.4
2017-08-30T04:00,24.4,99,37,6.4
2017-08-30T05:00,24.5,99,75,6.5
2017-08-30T06:00,25.6,92,56,7.9
2017-08-30T07:00,26.7,87,35,7.1
2017-08-30T08:00,27.8,81,42,7.8
2017-08-30T09:00,29.0,75,42,7.4
2017-08-30T10:00,29.8,71,49,6.3
2017-08-30T11:00,30.6,69,90,5.9
2017-08-30T12:00,31.1,70,93,7.2
2017-08-30T13:00,31.1,71,94,8.9
2017-08-30T14:00,30.4,73,98,11.6
2017-08-30T15:00,29.2,79,100,9.7
2017-08-30T16:00,29.4,78,100,9.5
2017-08-30T17:00,29.9,80,100,4.0
2017-08-30T18:00,29.0,79,54,7.4
2017-08-30T19:00,28.4,82,99,10.5
2017-08-30T20:00,27.9,86,83,11.4
2017-08-30T21:00,27.6,87,88,11.0
2017-08-30T22:00,27.1,88,78,8.3
2017-08-30T23:00,26.9,89,60,7.2
2017-08-31T00:00,26.3,90,48,8.6
2017-08-31T01:00,25.8,92,74,4.7
2017-08-31T02:00,25.6,94,35,3.3
2017-08-31T03:00,25.6,94,62,3.8
2017-08-31T04:00,25.4,95,64,3.9
2017-08-31T05:00,26.2,92,34,4.6
2017-08-31T06:00,27.2,89,82,6.9
2017-08-31T07:00,27.9,86,65,6.6
2017-08-31T08:00,29.1,81,64,4.8
2017-08-31T09:00,29.8,78,87,5.0
2017-08-31T10:00,30.8,75,92,3.1
2017-08-31T11:00,31.1,75,98,3.0
2017-08-31T12:00,32.3,66,100,3.7
2017-08-31T13:00,29.3,77,100,5.6
2017-08-31T14:00,29.3,77,99,0.8
2017-08-31T15:00,29.4,77,99,5.4
2017-08-31T16:00,29.2,78,99,6.5
2017-08-31T17:00,28.8,86,100,2.2
2017-08-31T18:00,27.8,89,100,4.0
2017-08-31T19:00,27.0,94,100,4.3
2017-08-31T20:00,26.9,94,100,2.6
2017-08-31T21:00,26.7,95,100,3.5
2017-08-31T22:00,26.4,97,98,3.3
2017-08-31T23:00,26.4,98,96,3.1
2017-09-01T00:00,26.2,98,98,3.9
2017-09-01T01:00,25.7,99,96,4.7
2017-09-01T02:00,26.0,99,95,2.4
2017-09-01T03:00,25.6,99,96,3.8
2017-09-01T04:00,25.6,100,97,2.5
2017-09-01T05:00,25.8,96,100,2.6
2017-09-01T06:00,26.5,92,99,4.6
2017-09-01T07:00,27.6,85,97,7.0
2017-09-01T08:00,28.7,80,98,6.7
2017-09-01T09:00,29.5,77,95,6.8
2017-09-01T10:00,30.4,75,97,4.2
2017-09-01T11:00,30.6,72,100,8.6
2017-09-01T12:00,29.0,77,100,6.0
2017-09-01T13:00,28.9,77,100,2.5
2017-09-01T14:00,28.6,79,100,2.6
2017-09-01T15:00,28.7,79,100,3.6
2017-09-01T16:00,26.5,90,100,8.5
2017-09-01T17:00,27.1,86,100,7.2
2017-09-01T18:00,26.7,87,100,6.8
2017-09-01T19:00,26.4,89,100,2.3
2017-09-01T20:00,25.8,93,100,3.3
2017-09-01T21:00,25.7,93,100,5.8
2017-09-01T22:00,25.7,94,100,6.8
2017-09-01T23:00,25.7,94,100,8.1
2017-09-02T00:00,25.6,93,100,8.3
2017-09-02T01:00,25.4,94,99,8.4
2017-09-02T02:00,25.4,93,100,7.9
2017-09-02T03:00,25.3,91,100,6.9
2017-09-02T04:00,25.2,89,99,6.4
2017-09-02T05:00,25.2,91,99,6.0
2017-09-02T06:00,25.9,89,100,6.5
2017-09-02T07:00,26.7,86,100,6.1
2017-09-02T08:00,28.1,81,99,5.8
2017-09-02T09:00,29.4,78,96,5.7
2017-09-02T10:00,30.6,70,100,6.3
2017-09-02T11:00,28.5,78,97,5.9
2017-09-02T12:00,28.5,78,99,6.7
2017-09-02T13:00,28.7,76,100,1.0
2017-09-02T14:00,29.3,75,100,3.3
2017-09-02T15:00,28.2,76,100,12.2
2017-09-02T16:00,27.0,84,100,9.7
2017-09-02T17:00,27.5,82,100,7.2
2017-09-02T18:00,26.9,85,99,8.5
2017-09-02T19:00,26.7,86,99,7.1
2017-09-02T20:00,26.5,88,98,5.2
2017-09-02T21:00,26.3,89,94,7.0
2017-09-02T22:00,26.2,87,92,10.1
2017-09-02T23:00,25.9,86,79,10.1
2017-09-03T00:00,25.6,87,43,9.4
2017-09-03T01:00,25.1,90,48,8.6
2017-09-03T02:00,24.9,91,49,7.8
2017-09-03T03:00,24.8,93,50,7.7
2017-09-03T04:00,24.7,93,8,6.6
2017-09-03T05:00,24.5,95,14,5.9
2017-09-03T06:00,25.8,90,54,6.8
2017-09-03T07:00,27.1,85,64,7.3
2017-09-03T08:00,28.9,77,43,9.1
2017-09-03T09:00,30.3,69,30,11.0
2017-09-03T10:00,31.2,63,23,11.2
2017-09-03T11:00,31.9,60,27,10.9
2017-09-03T12:00,32.2,58,31,11.5
2017-09-03T13:00,32.4,57,38,11.9
2017-09-03T14:00,32.3,56,65,10.9
2017-09-03T15:00,32.0,57,84,9.8
2017-09-03T16:00,31.3,65,95,5.8
2017-09-03T17:00,30.0,79,93,5.4
2017-09-03T18:00,28.5,80,84,5.4
2017-09-03T19:00,29.5,71,90,2.5
2017-09-03T20:00,28.7,74,94,2.1
2017-09-03T21:00,26.5,89,96,5.8
2017-09-03T22:00,26.1,89,78,4.6
2017-09-03T23:00,25.8,90,83,5.5
2017-09-04T00:00,25.8,89,91,6.5
2017-09-04T01:00,25.5,89,94,6.5
2017-09-04T02:00,25.2,89,96,5.8
2017-09-04T03:00,25.0,91,84,6.2
2017-09-04T04:00,24.7,92,75,6.7
2017-09-04T05:00,25.3,92,62,8.2
2017-09-04T06:00,26.6,88,64,9.0
2017-09-04T07:00,28.2,82,34,7.6
2017-09-04T08:00,29.7,76,38,7.4
2017-09-04T09:00,30.9,70,4,7.1
2017-09-04T10:00,31.6,66,13,7.5
2017-09-04T11:00,32.4,64,18,7.6
2017-09-04T12:00,32.6,62,11,7.4
2017-09-04T13:00,32.9,61,16,7.9
2017-09-04T14:00,32.7,59,31,8.0
2017-09-04T15:00,32.1,60,35,9.2
2017-09-04T16:00,31.2,68,19,7.1
2017-09-04T17:00,30.3,74,28,2.2
2017-09-04T18:00,29.6,76,44,1.4
2017-09-04T19:00,27.4,89,42,4.2
2017-09-04T20:00,27.0,89,41,5.1
2017-09-04T21:00,26.2,93,38,5.8
2017-09-04T22:00,26.2,93,58,5.0
2017-09-04T23:00,26.2,92,51,5.6
2017-09-05T00:00,26.0,92,50,4.6
2017-09-05T01:00,25.9,92,43,4.3
2017-09-05T02:00,25.7,92,29,4.3
2017-09-05T03:00,25.6,90,35,5.1
2017-09-05T04:00,25.4,88,50,5.8
2017-09-05T05:00,25.2,91,35,5.8
2017-09-05T06:00,27.2,83,87,4.2
2017-09-05T07:00,28.6,79,93,3.2
2017-09-05T08:00,30.4,73,97,3.0
2017-09-05T09:00,31.5,68,98,3.1
2017-09-05T10:00,32.1,65,97,2.2
2017-09-05T11:00,32.5,65,23,4.6
2017-09-05T12:00,33.0,61,26,6.8
2017-09-05T13:00,31.4,68,22,10.8
2017-09-05T14:00,31.5,66,31,7.9
2017-09-05T15:00,31.3,68,60,3.6
2017-09-05T16:00,31.0,70,68,3.2
2017-09-05T17:00,29.9,82,39,4.0
2017-09-05T18:00,29.0,81,55,5.4
2017-09-05T19:00,28.3,85,80,4.5
2017-09-05T20:00,27.7,89,95,6.5
2017-09-05T21:00,27.3,90,17,6.6
2017-09-05T22:00,27.0,91,16,5.6
2017-09-05T23:00,26.9,90,33,4.3
2017-09-06T00:00,27.0,89,20,3.9
2017-09-06T01:00,26.0,94,11,5.1
2017-09-06T02:00,25.6,95,11,5.9
2017-09-06T03:00,25.5,95,17,5.8
2017-09-06T04:00,25.2,95,4,7.0
2017-09-06T05:00,25.4,94,3,5.4
2017-09-06T06:00,27.3,87,14,4.0
2017-09-06T07:00,28.7,81,11,3.6
2017-09-06T08:00,30.2,74,13,2.2
2017-09-06T09:00,31.4,69,4,1.6
2017-09-06T10:00,32.4,65,13,2.1
2017-09-06T11:00,32.8,66,26,2.5
2017-09-06T12:00,33.1,62,47,2.9
2017-09-06T13:00,32.8,63,34,2.3
2017-09-06T14:00,30.8,67,61,2.3
2017-09-06T15:00,29.7,69,64,1.6
2017-09-06T16:00,29.7,73,88,5.1
2017-09-06T17:00,29.6,81,95,8.7
2017-09-06T18:00,28.7,79,79,9.4
2017-09-06T19:00,28.4,78,70,5.9
2017-09-06T20:00,28.0,81,56,4.7
2017-09-06T21:00,27.7,86,39,5.1
2017-09-06T22:00,27.2,91,11,4.5
2017-09-06T23:00,26.7,94,16,4.5
2017-09-07T00:00,27.0,89,39,3.1
2017-09-07T01:00,26.2,95,35,1.9
2017-09-07T02:00,26.1,93,42,2.9
2017-09-07T03:00,25.9,95,36,3.6
2017-09-07T04:00,25.7,96,19,3.7
2017-09-07T05:00,25.7,96,16,3.3
2017-09-07T06:00,26.8,92,44,2.2
2017-09-07T07:00,28.3,86,47,2.9
2017-09-07T08:00,29.8,79,39,1.8
2017-09-07T09:00,31.0,73,38,1.5
2017-09-07T10:00,31.8,71,33,1.0
2017-09-07T11:00,32.4,71,28,0.8
2017-09-07T12:00,32.5,71,45,0.5
2017-09-07T13:00,32.5,71,49,4.6
2017-09-07T14:00,31.9,70,42,5.5
2017-09-07T15:00,29.6,79,51,5.4
2017-09-07T16:00,29.4,79,92,4.7
2017-09-07T17:00,29.6,83,88,2.7
2017-09-07T18:00,29.2,82,53,0.8
2017-09-07T19:00,28.0,91,37,3.9
2017-09-07T20:00,27.7,91,34,3.7
2017-09-07T21:00,27.2,93,11,4.9
2017-09-07T22:00,26.9,93,11,4.6
2017-09-07T23:00,26.9,91,14,4.9
2017-09-08T00:00,26.6,93,5,3.7
2017-09-08T01:00,26.2,95,7,5.8
2017-09-08T02:00,26.0,97,37,4.4
2017-09-08T03:00,26.0,97,71,3.7
2017-09-08T04:00,25.7,98,81,4.2
2017-09-08T05:00,25.8,98,93,3.6
2017-09-08T06:00,27.3,91,84,5.8
2017-09-08T07:00,28.8,84,67,6.6
2017-09-08T08:00,30.2,78,72,7.0
2017-09-08T09:00,31.3,73,65,7.3
2017-09-08T10:00,32.3,68,49,5.9
2017-09-08T11:00,33.1,65,27,4.8
2017-09-08T12:00,30.3,71,73,15.0
2017-09-08T13:00,30.8,70,80,7.3
2017-09-08T14:00,30.7,69,98,3.0
2017-09-08T15:00,30.4,71,100,2.8
2017-09-08T16:00,29.5,77,99,8.6
2017-09-08T17:00,29.9,75,99,0.8
2017-09-08T18:00,28.6,85,94,3.1
2017-09-08T19:00,28.1,85,97,3.6
2017-09-08T20:00,27.7,89,98,5.1
2017-09-08T21:00,27.6,90,96,4.3
2017-09-08T22:00,27.3,92,96,5.1
2017-09-08T23:00,27.0,92,97,6.1
2017-09-09T00:00,26.6,94,95,5.0
2017-09-09T01:00,26.4,95,84,5.2
2017-09-09T02:00,26.3,94,69,5.4
2017-09-09T03:00,26.2,94,62,6.2
2017-09-09T04:00,26.0,95,64,5.8
2017-09-09T05:00,26.4,93,82,7.5
2017-09-09T06:00,27.3,89,50,9.4
2017-09-09T07:00,28.7,83,36,9.4
2017-09-09T08:00,30.3,77,12,7.4
2017-09-09T09:00,31.6,73,50,6.5
2017-09-09T10:00,32.2,69,55,6.4
2017-09-09T11:00,31.9,71,75,5.0
2017-09-09T12:00,31.8,71,61,3.3
2017-09-09T13:00,29.7,78,90,2.5
2017-09-09T14:00,29.8,77,93,6.4
2017-09-09T15:00,29.6,79,95,10.0
2017-09-09T16:00,28.9,82,100,3.1
2017-09-09T17:00,29.1,91,100,1.9
2017-09-09T18:00,28.7,90,67,3.6
2017-09-09T19:00,28.2,90,99,5.6
2017-09-09T20:00,28.0,90,98,4.5
2017-09-09T21:00,27.9,91,98,6.1
2017-09-09T22:00,27.4,93,97,4.3
2017-09-09T23:00,27.2,92,96,4.8
2017-09-10T00:00,27.1,91,97,6.4
2017-09-10T01:00,26.7,92,96,6.4
2017-09-10T02:00,26.3,92,93,9.2
2017-09-10T03:00,26.0,91,93,8.7
2017-09-10T04:00,25.7,92,93,8.4
2017-09-10T05:00,25.8,93,93,6.8
2017-09-10T06:00,26.9,90,96,5.8
2017-09-10T07:00,28.5,84,98,3.9
2017-09-10T08:00,29.8,79,97,3.3
2017-09-10T09:00,30.6,77,96,3.7
2017-09-10T10:00,31.5,76,96,6.0
2017-09-10T11:00,32.1,70,96,2.8
2017-09-10T12:00,31.0,72,97,3.7
2017-09-10T13:00,28.0,83,100,12.3
2017-09-10T14:00,27.9,85,100,4.9
2017-09-10T15:00,28.4,83,100,4.1
2017-09-10T16:00,28.1,85,100,7.5
2017-09-10T17:00,27.4,88,100,4.5
2017-09-10T18:00,26.9,89,97,3.1
2017-09-10T19:00,26.9,89,99,5.1
2017-09-10T20:00,26.9,87,100,4.7
2017-09-10T21:00,26.8,90,100,4.4
2017-09-10T22:00,26.6,93,100,5.2
2017-09-10T23:00,26.5,94,97,3.6
2017-09-11T00:00,26.2,96,96,3.9
2017-09-11T01:00,26.0,97,93,3.5
2017-09-11T02:00,26.0,96,90,5.8
2017-09-11T03:00,25.9,95,94,5.9
2017-09-11T04:00,25.7,96,86,6.4
2017-09-11T05:00,25.7,96,71,3.9
2017-09-11T06:00,26.9,92,90,2.2
2017-09-11T07:00,28.0,87,89,2.1
2017-09-11T08:00,29.4,82,70,3.4
2017-09-11T09:00,30.8,75,67,5.2
2017-09-11T10:00,31.6,71,26,3.4
2017-09-11T11:00,32.3,71,59,3.7
2017-09-11T12:00,32.9,67,84,3.5
2017-09-11T13:00,31.1,74,100,1.1
2017-09-11T14:00,27.2,84,100,1.3
2017-09-11T15:00,26.5,88,100,6.3
2017-09-11T16:00,27.2,85,100,4.0
2017-09-11T17:00,29.4,84,100,6.8
2017-09-11T18:00,28.3,89,100,7.7
2017-09-11T19:00,27.9,90,100,8.6
2017-09-11T20:00,27.5,90,99,6.4
2017-09-11T21:00,27.2,91,99,4.2
2017-09-11T22:00,26.8,93,100,3.7
2017-09-11T23:00,26.5,95,98,4.2
2017-09-12T00:00,26.0,97,97,4.0
2017-09-12T01:00,25.8,98,93,5.2
2017-09-12T02:00,25.7,98,49,4.6
2017-09-12T03:00,25.7,98,53,3.8
2017-09-12T04:00,25.5,99,60,4.8
2017-09-12T05:00,25.6,100,76,2.2
2017-09-12T06:00,26.8,93,98,3.9
2017-09-12T07:00,28.1,88,60,4.7
2017-09-12T08:00,29.4,80,20,4.9
2017-09-12T09:00,30.5,76,17,5.8
2017-09-12T10:00,31.5,70,65,4.2
2017-09-12T11:00,31.6,68,83,9.3
2017-09-12T12:00,30.6,74,93,6.4
2017-09-12T13:00,29.0,80,92,2.8
2017-09-12T14:00,29.9,78,96,2.6
2017-09-12T15:00,29.4,78,99,6.6
2017-09-12T16:00,29.3,80,98,4.0
2017-09-12T17:00,28.1,85,99,7.2
2017-09-12T18:00,27.6,88,97,7.8
2017-09-12T19:00,27.3,89,99,3.9
2017-09-12T20:00,27.0,91,98,2.3
2017-09-12T21:00,26.9,94,98,3.1
2017-09-12T22:00,26.8,92,96,4.2
2017-09-12T23:00,26.4,95,93,3.3
2017-09-13T00:00,26.2,96,93,2.3
2017-09-13T01:00,26.0,97,96,2.2
2017-09-13T02:00,25.8,98,95,2.9
2017-09-13T03:00,25.8,97,93,3.6
2017-09-13T04:00,25.3,99,93,4.9
2017-09-13T05:00,25.5,98,89,0.8
2017-09-13T06:00,26.5,95,96,2.9
2017-09-13T07:00,27.7,87,94,3.3
2017-09-13T08:00,29.1,81,100,5.3
2017-09-13T09:00,29.8,80,89,5.2
2017-09-13T10:00,30.7,79,75,5.8
2017-09-13T11:00,31.9,69,87,9.2
2017-09-13T12:00,30.5,76,96,4.1
2017-09-13T13:00,28.1,81,97,4.8
2017-09-13T14:00,28.8,79,100,5.7
2017-09-13T15:00,28.4,80,100,2.7
2017-09-13T16:00,28.6,80,99,2.3
2017-09-13T17:00,28.6,84,99,5.4
2017-09-13T18:00,27.7,87,97,8.4
2017-09-13T19:00,27.2,89,91,5.9
2017-09-13T20:00,26.5,94,92,4.7
2017-09-13T21:00,26.7,92,89,4.2
2017-09-13T22:00,27.0,89,84,1.8
2017-09-13T23:00,26.6,91,79,0.4
2017-09-14T00:00,26.0,94,50,2.7
2017-09-14T01:00,25.5,96,72,4.1
2017-09-14T02:00,25.2,98,62,2.5
2017-09-14T03:00,25.0,98,46,2.4
2017-09-14T04:00,24.7,99,92,4.2
2017-09-14T05:00,24.9,97,95,3.9
2017-09-14T06:00,26.6,91,71,5.1
2017-09-14T07:00,28.2,85,64,5.4
2017-09-14T08:00,29.4,80,48,6.6
2017-09-14T09:00,30.4,79,89,5.7
2017-09-14T10:00,31.7,68,97,4.1
2017-09-14T11:00,29.2,76,96,12.0
2017-09-14T12:00,29.7,74,99,3.3
2017-09-14T13:00,31.0,69,100,5.9
2017-09-14T14:00,29.1,78,98,11.5
2017-09-14T15:00,29.2,78,99,7.4
2017-09-14T16:00,28.9,80,99,4.7
2017-09-14T17:00,28.2,83,96,1.5
2017-09-14T18:00,27.2,88,99,2.6
2017-09-14T19:00,26.8,89,99,2.4
2017-09-14T20:00,26.7,88,98,1.5
2017-09-14T21:00,26.4,88,96,2.1
2017-09-14T22:00,26.3,90,95,4.0
2017-09-14T23:00,26.3,90,95,4.0
2017-09-15T00:00,26.3,93,95,4.7
2017-09-15T01:00,25.9,97,95,3.8
2017-09-15T02:00,25.9,98,95,3.4
2017-09-15T03:00,25.5,99,86,3.0
2017-09-15T04:00,25.5,99,95,4.2
2017-09-15T05:00,25.6,98,95,5.2
2017-09-15T06:00,26.6,94,22,5.8
2017-09-15T07:00,28.0,86,41,6.6
2017-09-15T08:00,29.0,83,30,6.4
2017-09-15T09:00,29.8,83,44,5.7
2017-09-15T10:00,31.1,71,36,6.9
2017-09-15T11:00,30.4,74,50,7.1
2017-09-15T12:00,30.9,72,73,6.1
2017-09-15T13:00,30.1,71,90,11.3
2017-09-15T14:00,30.3,71,96,3.9
2017-09-15T15:00,30.4,68,99,6.2
2017-09-15T16:00,29.5,76,99,4.7
2017-09-15T17:00,29.3,81,96,5.9
2017-09-15T18:00,28.4,84,99,7.1
2017-09-15T19:00,27.9,84,98,9.2
2017-09-15T20:00,27.3,85,91,7.2
2017-09-15T21:00,27.0,86,62,6.1
2017-09-15T22:00,26.5,90,27,3.9
2017-09-15T23:00,26.2,92,41,3.9
2017-09-16T00:00,25.9,94,13,4.6
2017-09-16T01:00,26.0,94,13,3.9
2017-09-16T02:00,25.9,94,17,3.6
2017-09-16T03:00,25.6,95,16,1.9
2017-09-16T04:00,25.3,96,14,1.6
2017-09-16T05:00,25.3,96,11,4.7
2017-09-16T06:00,26.7,91,12,5.4
2017-09-16T07:00,28.2,85,1,5.9
2017-09-16T08:00,29.7,78,5,7.0
2017-09-16T09:00,30.9,70,24,9.5
2017-09-16T10:00,31.2,68,25,10.4
2017-09-16T11:00,31.5,67,44,10.5
2017-09-16T12:00,32.0,68,20,9.1
2017-09-16T13:00,32.0,70,13,8.5
2017-09-16T14:00,32.1,70,17,7.0
2017-09-16T15:00,29.5,76,81,9.3
2017-09-16T16:00,28.9,80,93,4.9
2017-09-16T17:00,30.2,86,96,4.6
2017-09-16T18:00,29.4,81,15,5.4
2017-09-16T19:00,28.5,87,31,5.8
2017-09-16T20:00,28.3,85,43,4.7
2017-09-16T21:00,27.8,89,39,4.7
2017-09-16T22:00,27.7,90,35,3.6
2017-09-16T23:00,27.1,88,74,6.0
2017-09-17T00:00,26.2,93,88,5.1
2017-09-17T01:00,25.9,96,91,2.0
2017-09-17T02:00,26.0,93,91,2.6
2017-09-17T03:00,25.9,92,85,6.1
2017-09-17T04:00,25.9,91,83,5.7
2017-09-17T05:00,26.0,93,80,5.8
2017-09-17T06:00,27.6,88,73,6.6
2017-09-17T07:00,29.4,83,80,6.3
2017-09-17T08:00,31.0,76,78,4.3
2017-09-17T09:00,31.3,74,89,9.2
2017-09-17T10:00,30.2,76,100,6.8
2017-09-17T11:00,30.5,77,100,2.7
2017-09-17T12:00,31.0,76,100,2.8
2017-09-17T13:00,31.6,73,99,3.0
2017-09-17T14:00,31.2,75,100,5.9
2017-09-17T15:00,28.9,82,100,7.5
2017-09-17T16:00,29.0,80,100,5.7
2017-09-17T17:00,29.3,82,100,9.5
2017-09-17T18:00,27.7,91,100,4.8
2017-09-17T19:00,27.5,93,100,8.7
2017-09-17T20:00,27.0,93,98,11.7
2017-09-17T21:00,26.7,93,99,5.5
2017-09-17T22:00,26.5,95,100,6.4
2017-09-17T23:00,25.7,96,100,7.8
2017-09-18T00:00,25.4,97,99,3.6
2017-09-18T01:00,25.3,97,99,5.0
2017-09-18T02:00,25.0,97,100,8.0
2017-09-18T03:00,24.9,95,100,6.5
2017-09-18T04:00,24.7,96,100,2.4
2017-09-18T05:00,24.5,99,98,4.7
2017-09-18T06:00,24.8,98,100,2.9
2017-09-18T07:00,25.3,96,100,5.0
2017-09-18T08:00,26.4,89,100,7.7
2017-09-18T09:00,26.3,90,100,14.8
2017-09-18T10:00,25.9,86,98,17.1
2017-09-18T11:00,27.2,87,100,11.0
2017-09-18T12:00,27.9,86,98,9.8
2017-09-18T13:00,28.1,84,94,9.3
2017-09-18T14:00,27.4,79,97,16.9
2017-09-18T15:00,26.3,86,97,17.7
2017-09-18T16:00,26.1,89,100,16.5
2017-09-18T17:00,26.3,87,96,11.3
2017-09-18T18:00,26.0,88,99,11.2
2017-09-18T19:00,26.1,87,98,10.7
2017-09-18T20:00,25.7,89,100,11.4
2017-09-18T21:00,25.5,91,100,12.2
2017-09-18T22:00,25.3,92,91,10.4
2017-09-18T23:00,25.0,95,85,8.6
2017-09-19T00:00,24.7,96,65,10.6
2017-09-19T01:00,24.7,95,74,11.3
2017-09-19T02:00,24.6,94,88,9.1
2017-09-19T03:00,24.5,95,95,6.8
2017-09-19T04:00,24.3,96,90,6.0
2017-09-19T05:00,24.5,97,67,4.7
2017-09-19T06:00,25.0,96,100,9.4
2017-09-19T07:00,25.7,95,96,10.0
2017-09-19T08:00,25.9,93,95,9.4
2017-09-19T09:00,27.0,89,91,9.7
2017-09-19T10:00,28.5,86,78,8.6
2017-09-19T11:00,27.6,87,99,13.6
2017-09-19T12:00,27.9,86,100,10.5
2017-09-19T13:00,29.0,78,100,7.9
2017-09-19T14:00,26.5,88,100,8.1
2017-09-19T15:00,27.1,82,100,5.9
2017-09-19T16:00,26.1,90,100,5.1
2017-09-19T17:00,26.1,91,100,8.4
2017-09-19T18:00,25.5,93,100,10.8
2017-09-19T19:00,25.2,95,100,10.8
2017-09-19T20:00,25.1,96,99,7.9
2017-09-19T21:00,24.9,97,99,7.6
2017-09-19T22:00,24.5,97,100,6.6
2017-09-19T23:00,24.4,98,100,7.9
2017-09-20T00:00,24.4,97,100,8.7
2017-09-20T01:00,24.3,97,100,8.4
2017-09-20T02:00,24.1,99,100,6.6
2017-09-20T03:00,24.1,100,100,8.8
2017-09-20T04:00,24.0,100,100,12.6
2017-09-20T05:00,23.8,99,100,14.5
2017-09-20T06:00,24.2,96,100,12.1
2017-09-20T07:00,24.8,95,97,13.0
2017-09-20T08:00,26.5,88,100,13.0
2017-09-20T09:00,25.1,92,100,14.7
2017-09-20T10:00,25.6,94,85,13.4
2017-09-20T11:00,28.2,81,100,13.2
2017-09-20T12:00,26.6,86,94,11.3
2017-09-20T13:00,27.0,83,99,14.3
2017-09-20T14:00,27.2,85,92,13.3
2017-09-20T15:00,26.9,86,100,10.6
2017-09-20T16:00,25.9,91,100,11.4
2017-09-20T17:00,25.8,92,100,10.9
2017-09-20T18:00,25.7,93,100,11.5
2017-09-20T19:00,25.7,93,97,11.1
2017-09-20T20:00,25.0,94,100,9.7
2017-09-20T21:00,25.4,94,100,10.3
2017-09-20T22:00,25.2,93,99,12.2
2017-09-20T23:00,25.3,97,99,14.1
2017-09-21T00:00,25.3,97,100,15.5
2017-09-21T01:00,25.5,93,91,17.2
2017-09-21T02:00,25.2,94,100,16.7
2017-09-21T03:00,24.6,96,100,14.6
2017-09-21T04:00,24.1,98,100,13.9
2017-09-21T05:00,25.1,95,100,14.2
2017-09-21T06:00,25.5,94,86,14.8
2017-09-21T07:00,25.8,92,66,15.6
2017-09-21T08:00,26.8,92,39,13.9
2017-09-21T09:00,28.4,87,43,14.1
2017-09-21T10:00,29.2,86,94,12.0
2017-09-21T11:00,29.5,84,58,13.8
2017-09-21T12:00,29.5,81,45,6.8
2017-09-21T13:00,27.3,82,100,16.0
2017-09-21T14:00,26.0,92,100,8.0
2017-09-21T15:00,26.6,88,97,7.7
2017-09-21T16:00,27.6,82,99,8.7
2017-09-21T17:00,27.1,88,97,7.6
2017-09-21T18:00,26.6,89,100,9.7
2017-09-21T19:00,26.4,90,97,10.7
2017-09-21T20:00,26.2,91,68,10.5
2017-09-21T21:00,26.0,91,17,10.4
2017-09-21T22:00,25.8,93,23,10.5
2017-09-21T23:00,25.7,94,49,11.1
2017-09-22T00:00,25.5,95,95,9.2
2017-09-22T01:00,25.4,92,97,9.2
2017-09-22T02:00,25.2,94,97,8.6
2017-09-22T03:00,25.3,97,94,8.5
2017-09-22T04:00,24.9,98,88,7.0
2017-09-22T05:00,24.9,97,79,6.6
2017-09-22T06:00,25.8,93,85,8.0
2017-09-22T07:00,27.0,86,77,10.9
2017-09-22T08:00,28.1,81,61,11.5
2017-09-22T09:00,28.9,78,37,9.7
2017-09-22T10:00,29.8,77,20,7.6
2017-09-22T11:00,30.6,77,30,6.5
2017-09-22T12:00,29.2,76,57,10.1
2017-09-22T13:00,29.3,77,84,8.0
2017-09-22T14:00,28.5,80,87,6.7
2017-09-22T15:00,28.8,79,93,7.8
2017-09-22T16:00,28.3,81,79,4.2
2017-09-22T17:00,27.9,86,50,4.3
2017-09-22T18:00,27.5,88,48,6.2
2017-09-22T19:00,27.3,90,90,7.7
2017-09-22T20:00,26.9,92,96,7.1
2017-09-22T21:00,26.4,93,91,5.7
2017-09-22T22:00,26.1,93,83,5.8
2017-09-22T23:00,25.5,95,74,4.6
2017-09-23T00:00,25.4,94,87,3.9
2017-09-23T01:00,25.3,95,84,3.1
2017-09-23T02:00,25.2,96,76,4.1
2017-09-23T03:00,25.1,96,75,4.3
2017-09-23T04:00,25.2,96,77,3.4
2017-09-23T05:00,24.9,98,85,4.3
2017-09-23T06:00,26.5,93,55,3.8
2017-09-23T07:00,27.9,86,11,5.9
2017-09-23T08:00,29.2,80,41,7.7
2017-09-23T09:00,30.4,75,18,6.5
2017-09-23T10:00,31.2,71,19,5.1
2017-09-23T11:00,31.8,70,23,4.7
2017-09-23T12:00,32.1,69,40,5.8
2017-09-23T13:00,32.0,69,64,5.1
2017-09-23T14:00,31.8,69,59,6.3
2017-09-23T15:00,31.0,73,81,8.4
2017-09-23T16:00,29.9,82,58,5.6
2017-09-23T17:00,30.1,81,53,2.5
2017-09-23T18:00,28.6,88,30,4.1
2017-09-23T19:00,28.0,89,37,5.2
2017-09-23T20:00,27.7,90,42,4.3
2017-09-23T21:00,27.2,92,39,3.7
2017-09-23T22:00,27.0,93,18,3.9
2017-09-23T23:00,27.3,91,39,1.6
2017-09-24T00:00,26.2,97,69,3.3
2017-09-24T01:00,26.3,96,79,3.3
2017-09-24T02:00,26.0,97,69,4.2
2017-09-24T03:00,25.9,96,87,5.2
2017-09-24T04:00,25.7,95,88,4.7
2017-09-24T05:00,25.7,95,87,3.9
2017-09-24T06:00,26.8,91,88,2.2
2017-09-24T07:00,28.0,86,62,2.3
2017-09-24T08:00,29.5,79,65,2.9
2017-09-24T09:00,30.7,72,21,2.6
2017-09-24T10:00,31.5,68,28,2.9
2017-09-24T11:00,32.2,65,40,2.5
2017-09-24T12:00,32.4,63,58,4.0
2017-09-24T13:00,32.4,64,61,5.4
2017-09-24T14:00,32.2,63,62,6.6
2017-09-24T15:00,31.9,67,31,3.3
2017-09-24T16:00,30.6,75,59,7.2
2017-09-24T17:00,29.3,79,53,4.7
2017-09-24T18:00,28.2,84,44,4.2
2017-09-24T19:00,27.6,88,75,4.0
2017-09-24T20:00,27.3,91,88,4.8
2017-09-24T21:00,27.1,91,97,4.6
2017-09-24T22:00,27.1,90,96,3.8
2017-09-24T23:00,26.9,92,97,4.2
2017-09-25T00:00,26.6,92,98,3.9
2017-09-25T01:00,26.9,87,99,3.7
2017-09-25T02:00,26.3,92,98,4.1
2017-09-25T03:00,26.0,95,95,4.1
2017-09-25T04:00,25.8,94,99,3.6
2017-09-25T05:00,25.4,99,95,3.7
2017-09-25T06:00,26.7,93,78,3.7
2017-09-25T07:00,27.9,86,90,4.0
2017-09-25T08:00,28.9,82,79,4.9
2017-09-25T09:00,30.3,74,63,3.8
2017-09-25T10:00,31.4,68,96,3.6
2017-09-25T11:00,31.9,66,95,4.1
2017-09-25T12:00,32.2,66,95,4.5
2017-09-25T13:00,32.2,64,98,4.5
2017-09-25T14:00,32.2,65,100,3.8
2017-09-25T15:00,31.4,67,99,5.2
2017-09-25T16:00,30.6,72,96,2.9
2017-09-25T17:00,29.4,78,96,7.0
2017-09-25T18:00,28.1,83,25,4.9
2017-09-25T19:00,27.6,86,19,5.0
2017-09-25T20:00,27.6,87,54,6.2
2017-09-25T21:00,27.5,89,94,6.5
2017-09-25T22:00,27.8,84,96,5.8
2017-09-25T23:00,26.4,91,97,4.5
2017-09-26T00:00,26.5,87,96,2.3
2017-09-26T01:00,26.2,90,72,2.3
2017-09-26T02:00,26.7,85,88,2.0
2017-09-26T03:00,26.1,90,85,2.2
2017-09-26T04:00,25.7,93,80,3.8
2017-09-26T05:00,25.1,96,70,4.6
2017-09-26T06:00,26.6,90,19,4.6
2017-09-26T07:00,28.1,84,22,4.1
2017-09-26T08:00,29.5,78,33,4.3
2017-09-26T09:00,30.6,72,34,6.2
2017-09-26T10:00,31.5,69,39,6.9
2017-09-26T11:00,32.0,67,32,8.0
2017-09-26T12:00,32.1,66,66,8.2
2017-09-26T13:00,30.8,70,99,13.7
2017-09-26T14:00,29.2,78,100,2.2
2017-09-26T15:00,29.4,78,100,4.8
2017-09-26T16:00,29.3,79,99,2.3
2017-09-26T17:00,29.4,82,100,6.2
2017-09-26T18:00,28.5,86,97,4.7
2017-09-26T19:00,28.2,88,98,4.1
2017-09-26T20:00,28.0,89,97,5.5
2017-09-26T21:00,27.6,90,95,4.9
2017-09-26T22:00,27.1,92,82,4.7
2017-09-26T23:00,26.6,95,77,5.0
2017-09-27T00:00,26.3,95,84,5.2
2017-09-27T01:00,26.1,96,97,4.0
2017-09-27T02:00,26.1,96,96,6.9
2017-09-27T03:00,25.8,98,72,8.7
2017-09-27T04:00,25.4,97,49,8.2
2017-09-27T05:00,25.4,98,95,3.8
2017-09-27T06:00,26.9,92,47,3.2
2017-09-27T07:00,28.2,86,39,3.2
2017-09-27T08:00,29.5,80,69,2.4
2017-09-27T09:00,30.6,75,62,4.6
2017-09-27T10:00,31.3,75,70,5.4
2017-09-27T11:00,31.6,70,100,6.1
2017-09-27T12:00,29.7,76,100,8.6
2017-09-27T13:00,29.5,79,100,7.8
2017-09-27T14:00,29.6,77,100,8.6
2017-09-27T15:00,29.2,78,100,4.7
2017-09-27T16:00,29.1,79,100,4.1
2017-09-27T17:00,28.3,90,99,4.1
2017-09-27T18:00,27.7,88,100,6.1
2017-09-27T19:00,27.1,90,100,6.3
2017-09-27T20:00,26.6,91,100,4.6
2017-09-27T21:00,26.1,95,99,5.1
2017-09-27T22:00,26.0,95,98,3.3
2017-09-27T23:00,25.6,98,99,4.8
2017-09-28T00:00,25.3,99,99,4.0
2017-09-28T01:00,25.2,99,99,4.7
2017-09-28T02:00,25.1,99,97,4.2
2017-09-28T03:00,24.9,100,96,4.0
2017-09-28T04:00,24.8,100,95,3.1
2017-09-28T05:00,24.8,100,100,2.6
2017-09-28T06:00,25.7,96,95,2.4
2017-09-28T07:00,27.1,90,93,2.2
2017-09-28T08:00,28.6,83,91,3.3
2017-09-28T09:00,29.9,76,93,2.9
2017-09-28T10:00,30.8,70,98,4.1
2017-09-28T11:00,31.2,69,98,5.9
2017-09-28T12:00,29.1,75,98,8.4
2017-09-28T13:00,29.3,75,99,2.1
2017-09-28T14:00,30.6,71,99,4.7
2017-09-28T15:00,28.6,79,100,8.3
2017-09-28T16:00,25.3,94,100,11.7
2017-09-28T17:00,26.9,89,100,6.6
2017-09-28T18:00,26.5,91,97,6.1
2017-09-28T19:00,26.1,91,98,4.6
2017-09-28T20:00,25.9,93,98,3.1
2017-09-28T21:00,25.7,93,99,3.8
2017-09-28T22:00,26.1,88,97,2.6
2017-09-28T23:00,26.0,88,97,1.8
2017-09-29T00:00,25.5,92,98,3.2
2017-09-29T01:00,25.4,92,98,2.5
2017-09-29T02:00,25.3,93,98,2.3
2017-09-29T03:00,25.0,94,95,3.4
2017-09-29T04:00,25.0,93,97,4.0
2017-09-29T05:00,25.3,96,97,2.9
2017-09-29T06:00,25.9,92,97,5.1
2017-09-29T07:00,26.8,89,99,4.9
2017-09-29T08:00,28.3,83,44,1.5
2017-09-29T09:00,29.2,78,86,6.1
2017-09-29T10:00,27.8,81,99,10.4
2017-09-29T11:00,27.5,84,100,9.7
2017-09-29T12:00,29.0,80,100,8.5
2017-09-29T13:00,29.8,78,100,5.2
2017-09-29T14:00,27.9,81,99,9.0
2017-09-29T15:00,26.4,89,100,6.4
2017-09-29T16:00,25.8,93,100,1.1
2017-09-29T17:00,27.2,84,100,1.0
2017-09-29T18:00,26.5,90,100,3.5
2017-09-29T19:00,26.4,91,100,3.1
2017-09-29T20:00,26.1,93,100,3.6
2017-09-29T21:00,25.7,95,100,3.8
2017-09-29T22:00,25.4,97,100,2.9
2017-09-29T23:00,25.4,96,100,4.2
2017-09-30T00:00,25.3,96,99,4.8
2017-09-30T01:00,25.1,96,100,3.3
2017-09-30T02:00,24.9,97,97,3.8
2017-09-30T03:00,24.8,98,54,3.6
2017-09-30T04:00,24.5,99,67,4.5
2017-09-30T05:00,24.2,96,58,6.9
2017-09-30T06:00,25.1,94,92,5.2
2017-09-30T07:00,26.4,89,90,6.3
2017-09-30T08:00,27.6,83,96,5.5
2017-09-30T09:00,28.7,77,99,6.4
2017-09-30T10:00,29.5,76,99,7.6
2017-09-30T11:00,29.8,79,99,5.6
2017-09-30T12:00,30.4,79,100,6.2
2017-09-30T13:00,31.0,72,92,8.5
2017-09-30T14:00,29.5,77,98,10.2
2017-09-30T15:00,26.6,88,100,6.7
2017-09-30T16:00,26.7,87,100,3.2
2017-09-30T17:00,26.8,92,100,4.0
2017-09-30T18:00,26.8,91,100,5.9
2017-09-30T19:00,26.6,92,100,6.8
2017-09-30T20:00,26.3,92,100,8.4
2017-09-30T21:00,26.1,93,100,9.6
2017-09-30T22:00,25.7,93,100,11.2
2017-09-30T23:00,24.3,96,100,11.2
2017-10-01T00:00,24.4,95,100,8.1
2017-10-01T01:00,24.1,99,100,5.8
2017-10-01T02:00,24.2,98,99,2.1
2017-10-01T03:00,24.0,98,100,2.6
2017-10-01T04:00,23.9,99,100,4.0
2017-10-01T05:00,24.4,97,100,5.9
2017-10-01T06:00,25.0,94,100,7.1
2017-10-01T07:00,25.9,90,100,7.8
2017-10-01T08:00,26.6,86,98,6.9
2017-10-01T09:00,27.8,80,97,7.4
2017-10-01T10:00,28.5,79,95,8.9
2017-10-01T11:00,29.2,81,88,7.2
2017-10-01T12:00,29.5,77,99,8.0
2017-10-01T13:00,26.7,82,100,14.0
2017-10-01T14:00,26.3,88,98,3.6
2017-10-01T15:00,26.4,87,100,10.5
2017-10-01T16:00,26.0,88,100,1.1
2017-10-01T17:00,26.4,91,100,3.4
2017-10-01T18:00,25.1,94,100,7.1
2017-10-01T19:00,25.2,94,100,7.6
2017-10-01T20:00,25.1,95,100,7.3
2017-10-01T21:00,25.0,96,100,7.3
2017-10-01T22:00,24.9,96,100,5.0
2017-10-01T23:00,24.9,96,100,5.1
2017-10-02T00:00,24.8,96,100,4.2
2017-10-02T01:00,24.5,96,100,3.4
2017-10-02T02:00,24.2,96,100,2.4
2017-10-02T03:00,23.9,97,99,5.4
2017-10-02T04:00,23.8,97,100,2.1
2017-10-02T05:00,23.7,97,99,8.4
2017-10-02T06:00,24.5,93,100,6.6
2017-10-02T07:00,25.4,89,100,6.6
2017-10-02T08:00,25.7,88,100,7.0
2017-10-02T09:00,26.5,85,98,6.4
2017-10-02T10:00,26.8,84,89,6.0
2017-10-02T11:00,28.1,82,93,6.1
2017-10-02T12:00,28.5,79,89,4.0
2017-10-02T13:00,27.7,79,99,6.2
2017-10-02T14:00,27.0,82,100,4.0
2017-10-02T15:00,27.0,84,100,7.2
2017-10-02T16:00,26.1,89,99,8.6
2017-10-02T17:00,25.8,91,100,3.9
2017-10-02T18:00,25.6,91,100,4.7
2017-10-02T19:00,25.5,91,100,5.3
2017-10-02T20:00,25.4,92,100,7.2
2017-10-02T21:00,25.0,95,100,5.9
2017-10-02T22:00,25.0,96,99,5.3
2017-10-02T23:00,25.0,97,99,6.0
2017-10-03T00:00,24.5,96,99,7.8
2017-10-03T01:00,24.0,95,100,7.7
2017-10-03T02:00,23.8,96,100,4.5
2017-10-03T03:00,23.5,98,99,6.3
2017-10-03T04:00,23.4,99,99,7.0
2017-10-03T05:00,24.0,99,99,7.2
2017-10-03T06:00,24.8,94,99,4.8
2017-10-03T07:00,26.2,87,99,4.4
2017-10-03T08:00,26.9,84,97,5.4
2017-10-03T09:00,27.7,81,92,5.4
2017-10-03T10:00,28.4,82,100,5.2
2017-10-03T11:00,29.3,77,99,7.2
2017-10-03T12:00,28.3,80,89,7.1
2017-10-03T13:00,28.9,80,97,1.1
2017-10-03T14:00,27.6,82,97,6.7
2017-10-03T15:00,27.2,83,98,1.3
2017-10-03T16:00,27.4,83,100,1.8
2017-10-03T17:00,26.5,88,100,4.2
2017-10-03T18:00,26.3,90,95,3.4
2017-10-03T19:00,26.0,90,99,4.5
2017-10-03T20:00,25.7,92,97,4.0
2017-10-03T21:00,25.4,95,97,4.1
2017-10-03T22:00,25.1,95,93,2.9
2017-10-03T23:00,25.1,95,79,3.3
2017-10-04T00:00,24.9,97,67,4.5
2017-10-04T01:00,24.8,98,67,5.9
2017-10-04T02:00,24.7,97,49,5.6
2017-10-04T03:00,24.3,94,67,5.6
2017-10-04T04:00,23.9,96,69,8.4
2017-10-04T05:00,24.4,99,39,8.1
2017-10-04T06:00,25.2,95,45,5.4
2017-10-04T07:00,26.6,88,52,8.4
2017-10-04T08:00,27.9,81,48,10.2
2017-10-04T09:00,28.9,76,44,10.0
2017-10-04T10:00,29.9,71,44,10.2
2017-10-04T11:00,30.3,71,28,10.8
2017-10-04T12:00,30.7,74,58,10.4
2017-10-04T13:00,30.8,75,43,9.4
2017-10-04T14:00,30.3,76,27,4.4
2017-10-04T15:00,27.4,82,72,6.0
2017-10-04T16:00,27.3,83,63,4.1
2017-10-04T17:00,28.3,84,71,4.5
2017-10-04T18:00,27.7,86,25,6.7
2017-10-04T19:00,27.3,89,28,7.8
2017-10-04T20:00,27.0,91,28,7.2
2017-10-04T21:00,26.4,94,24,3.6
2017-10-04T22:00,26.1,95,20,3.2
2017-10-04T23:00,25.8,95,16,3.7
2017-10-05T00:00,25.4,96,20,3.4
2017-10-05T01:00,25.2,96,6,3.1
2017-10-05T02:00,25.0,97,4,4.0
2017-10-05T03:00,24.7,98,9,4.8
2017-10-05T04:00,24.6,98,24,5.6
2017-10-05T05:00,25.0,98,39,7.7
2017-10-05T06:00,26.1,93,60,7.4
2017-10-05T07:00,27.5,87,53,6.9
2017-10-05T08:00,29.0,79,50,8.8
2017-10-05T09:00,30.1,74,58,10.5
2017-10-05T10:00,30.7,70,62,11.5
2017-10-05T11:00,31.1,71,66,11.0
2017-10-05T12:00,31.5,71,63,10.2
2017-10-05T13:00,29.7,75,93,8.4
2017-10-05T14:00,29.1,79,99,7.6
2017-10-05T15:00,27.8,81,99,7.4
2017-10-05T16:00,27.1,85,99,5.6
2017-10-05T17:00,26.2,93,98,3.1
2017-10-05T18:00,26.2,93,100,1.1
2017-10-05T19:00,25.8,94,100,1.9
2017-10-05T20:00,25.6,94,100,1.6
2017-10-05T21:00,25.5,93,100,2.3
2017-10-05T22:00,25.2,93,100,2.6
2017-10-05T23:00,25.1,93,100,4.1
2017-10-06T00:00,25.1,92,100,5.8
2017-10-06T01:00,24.9,92,99,5.9
2017-10-06T02:00,24.6,92,98,4.6
2017-10-06T03:00,24.3,94,98,3.6
2017-10-06T04:00,24.3,93,98,3.3
2017-10-06T05:00,24.3,99,98,2.9
2017-10-06T06:00,25.2,95,77,3.2
2017-10-06T07:00,26.4,89,95,3.6
2017-10-06T08:00,28.0,84,97,5.9
2017-10-06T09:00,29.5,76,97,9.4
2017-10-06T10:00,30.5,71,98,10.3
2017-10-06T11:00,31.0,68,96,10.1
2017-10-06T12:00,31.2,69,76,10.5
2017-10-06T13:00,31.4,70,26,10.9
2017-10-06T14:00,28.9,78,83,11.7
2017-10-06T15:00,27.5,84,100,13.8
2017-10-06T16:00,26.8,87,100,5.2
2017-10-06T17:00,27.2,88,99,3.4
2017-10-06T18:00,26.6,92,91,4.2
2017-10-06T19:00,26.5,91,96,2.9
2017-10-06T20:00,26.8,87,97,2.2
2017-10-06T21:00,26.2,92,96,3.4
2017-10-06T22:00,26.4,89,96,3.3
2017-10-06T23:00,25.8,92,91,3.8
2017-10-07T00:00,25.5,93,95,3.9
2017-10-07T01:00,25.6,92,93,2.3
2017-10-07T02:00,25.3,94,73,1.9
2017-10-07T03:00,25.0,96,80,1.8
2017-10-07T04:00,24.5,99,60,1.1
2017-10-07T05:00,24.1,98,18,1.8
2017-10-07T06:00,25.6,93,15,1.5
2017-10-07T07:00,27.1,88,9,0.8
2017-10-07T08:00,28.3,83,17,2.9
2017-10-07T09:00,29.3,78,37,2.0
2017-10-07T10:00,29.9,78,29,3.1
2017-10-07T11:00,30.4,73,61,5.9
2017-10-07T12:00,27.8,79,96,13.3
2017-10-07T13:00,26.9,83,97,6.6
2017-10-07T14:00,28.1,80,99,4.1
2017-10-07T15:00,28.5,79,99,2.6
2017-10-07T16:00,28.3,80,99,2.2
2017-10-07T17:00,26.8,86,99,4.3
2017-10-07T18:00,26.3,91,97,4.4
2017-10-07T19:00,26.3,90,98,4.0
2017-10-07T20:00,25.7,92,96,3.7
2017-10-07T21:00,25.5,92,94,3.7
2017-10-07T22:00,25.3,94,90,4.0
2017-10-07T23:00,24.7,98,69,4.2
2017-10-08T00:00,24.4,99,21,3.6
2017-10-08T01:00,24.2,99,20,2.9
2017-10-08T02:00,24.3,100,98,2.1
2017-10-08T03:00,24.5,99,100,3.9
2017-10-08T04:00,24.1,99,100,4.8
2017-10-08T05:00,24.6,99,100,5.1
2017-10-08T06:00,25.6,94,77,5.7
2017-10-08T07:00,26.7,87,78,5.1
2017-10-08T08:00,27.6,84,59,4.9
2017-10-08T09:00,28.8,82,56,4.3
2017-10-08T10:00,29.7,80,60,6.4
2017-10-08T11:00,30.4,74,55,5.8
2017-10-08T12:00,28.0,78,83,5.5
2017-10-08T13:00,28.3,76,92,9.4
2017-10-08T14:00,28.7,72,86,9.1
2017-10-08T15:00,28.4,76,89,8.7
2017-10-08T16:00,28.0,78,90,5.5
2017-10-08T17:00,27.8,78,84,8.4
2017-10-08T18:00,27.3,81,60,7.2
2017-10-08T19:00,26.9,84,21,8.0
2017-10-08T20:00,26.4,86,8,8.4
2017-10-08T21:00,26.1,85,6,10.2
2017-10-08T22:00,25.7,87,4,10.2
2017-10-08T23:00,25.3,90,7,9.4
2017-10-09T00:00,25.0,91,7,9.2
2017-10-09T01:00,24.7,92,13,8.6
2017-10-09T02:00,24.5,92,75,8.6
2017-10-09T03:00,24.3,93,87,8.2
2017-10-09T04:00,24.0,94,87,9.1
2017-10-09T05:00,24.5,92,77,10.5
2017-10-09T06:00,25.1,90,68,11.3
2017-10-09T07:00,26.4,84,72,14.7
2017-10-09T08:00,27.8,80,84,15.3
2017-10-09T09:00,27.9,76,81,17.7
2017-10-09T10:00,26.2,83,92,18.4
2017-10-09T11:00,26.7,83,92,12.6
2017-10-09T12:00,28.1,76,96,19.0
2017-10-09T13:00,27.5,79,100,18.2
2017-10-09T14:00,27.9,76,100,16.3
2017-10-09T15:00,27.1,80,99,15.6
2017-10-09T16:00,26.9,81,100,16.2
2017-10-09T17:00,26.9,79,99,12.5
2017-10-09T18:00,26.5,76,98,14.8
2017-10-09T19:00,26.1,76,97,15.9
2017-10-09T20:00,25.7,72,66,18.3
2017-10-09T21:00,24.8,71,44,18.8
2017-10-09T22:00,24.2,76,54,19.0
2017-10-09T23:00,24.3,79,43,19.1
2017-10-10T00:00,24.3,81,99,20.5
2017-10-10T01:00,24.1,83,94,20.9
2017-10-10T02:00,23.7,90,90,20.5
2017-10-10T03:00,23.5,92,100,20.0
2017-10-10T04:00,23.7,94,100,20.1
2017-10-10T05:00,23.9,96,100,26.1
2017-10-10T06:00,23.8,96,100,26.7
2017-10-10T07:00,24.0,93,100,23.1
2017-10-10T08:00,23.9,94,100,23.2
2017-10-10T09:00,23.8,94,100,20.4
2017-10-10T10:00,23.4,98,100,17.6
2017-10-10T11:00,23.3,99,100,14.5
2017-10-10T12:00,23.9,95,100,2.9
2017-10-10T13:00,24.3,94,100,9.0
2017-10-10T14:00,24.6,90,100,8.0
2017-10-10T15:00,25.1,88,100,7.6
2017-10-10T16:00,25.1,88,57,7.8
2017-10-10T17:00,24.4,92,65,10.0
2017-10-10T18:00,24.4,91,84,12.0
2017-10-10T19:00,24.2,92,76,10.8
2017-10-10T20:00,24.1,92,61,10.9
2017-10-10T21:00,24.1,92,79,10.4
2017-10-10T22:00,24.3,91,62,9.7
2017-10-10T23:00,24.1,91,60,9.8
2017-10-11T00:00,24.0,91,44,9.4
2017-10-11T01:00,23.8,91,33,9.0
2017-10-11T02:00,23.4,93,41,7.9
2017-10-11T03:00,23.4,93,46,7.8
2017-10-11T04:00,23.5,92,43,8.6
2017-10-11T05:00,23.2,99,62,6.1
2017-10-11T06:00,24.2,95,71,6.6
2017-10-11T07:00,25.6,87,54,5.8
2017-10-11T08:00,26.6,82,50,8.2
2017-10-11T09:00,27.7,77,33,10.6
2017-10-11T10:00,28.7,72,41,11.8
2017-10-11T11:00,29.5,68,39,11.3
2017-10-11T12:00,29.8,67,40,9.7
2017-10-11T13:00,30.0,66,51,7.1
2017-10-11T14:00,30.3,65,45,6.3
2017-10-11T15:00,29.5,68,46,6.5
2017-10-11T16:00,28.0,79,40,7.1
2017-10-11T17:00,26.1,86,35,5.6
2017-10-11T18:00,25.7,87,35,5.4
2017-10-11T19:00,25.6,88,43,6.0
2017-10-11T20:00,25.5,91,53,4.8
2017-10-11T21:00,25.3,93,46,4.7
2017-10-11T22:00,25.2,94,27,5.8
2017-10-11T23:00,25.0,96,37,4.7
2017-10-12T00:00,24.9,96,37,4.4
2017-10-12T01:00,25.3,94,31,3.3
2017-10-12T02:00,24.6,97,26,4.3
2017-10-12T03:00,24.7,97,27,2.3
2017-10-12T04:00,24.5,98,22,1.1
2017-10-12T05:00,24.1,99,15,2.5
2017-10-12T06:00,25.2,96,7,3.0
2017-10-12T07:00,26.7,89,22,3.3
2017-10-12T08:00,28.2,83,92,3.3
2017-10-12T09:00,29.0,82,100,4.6
2017-10-12T10:00,29.8,76,74,7.0
2017-10-12T11:00,30.2,77,17,6.7
2017-10-12T12:00,28.2,80,79,10.5
2017-10-12T13:00,29.0,78,51,4.8
2017-10-12T14:00,29.9,73,54,7.4
2017-10-12T15:00,29.1,77,60,5.5
2017-10-12T16:00,28.4,81,72,5.1
2017-10-12T17:00,27.5,89,57,5.6
2017-10-12T18:00,27.2,88,23,4.1
2017-10-12T19:00,26.7,89,19,4.1
2017-10-12T20:00,26.5,88,22,4.9
2017-10-12T21:00,26.5,89,26,6.3
2017-10-12T22:00,26.3,91,23,6.6
2017-10-12T23:00,26.1,93,16,6.9
2017-10-13T00:00,25.4,95,41,5.8
2017-10-13T01:00,25.2,94,43,1.5
2017-10-13T02:00,24.9,95,28,1.3
2017-10-13T03:00,24.6,97,25,0.8
2017-10-13T04:00,24.4,98,25,4.3
2017-10-13T05:00,24.4,97,16,4.1
2017-10-13T06:00,25.4,93,17,4.7
2017-10-13T07:00,26.3,89,14,4.7
2017-10-13T08:00,27.5,84,13,5.4
2017-10-13T09:00,28.8,80,9,5.6
2017-10-13T10:00,29.7,79,25,5.1
2017-10-13T11:00,30.6,71,38,5.2
2017-10-13T12:00,30.5,71,29,6.8
2017-10-13T13:00,28.2,80,57,5.8
2017-10-13T14:00,28.9,76,37,5.4
2017-10-13T15:00,28.8,77,53,8.9
2017-10-13T16:00,28.1,82,50,5.2
2017-10-13T17:00,28.4,80,60,2.1
2017-10-13T18:00,27.2,87,43,3.9
2017-10-13T19:00,26.6,92,23,6.1
2017-10-13T20:00,26.4,91,29,5.2
2017-10-13T21:00,26.9,86,20,4.4
2017-10-13T22:00,26.1,92,28,5.1
2017-10-13T23:00,25.7,93,29,4.0
2017-10-14T00:00,25.6,93,11,4.3
2017-10-14T01:00,25.3,95,12,4.7
2017-10-14T02:00,25.0,96,13,4.7
2017-10-14T03:00,24.8,97,9,4.5
2017-10-14T04:00,24.6,97,3,5.2
2017-10-14T05:00,24.2,97,4,4.3
2017-10-14T06:00,25.5,92,1,3.6
2017-10-14T07:00,27.2,85,1,2.1
2017-10-14T08:00,28.9,76,1,3.3
2017-10-14T09:00,30.2,68,3,4.1
2017-10-14T10:00,31.2,63,4,2.3
2017-10-14T11:00,31.8,60,2,3.2
2017-10-14T12:00,32.3,56,18,7.4
2017-10-14T13:00,32.3,53,21,6.9
2017-10-14T14:00,31.9,53,43,6.4
2017-10-14T15:00,31.2,59,60,4.9
2017-10-14T16:00,31.1,59,76,0.0
2017-10-14T17:00,29.0,73,76,4.0
2017-10-14T18:00,29.2,68,6,1.8
2017-10-14T19:00,28.2,73,6,4.8
2017-10-14T20:00,26.2,83,18,8.3
2017-10-14T21:00,25.8,84,48,6.8
2017-10-14T22:00,25.4,87,76,6.0
2017-10-14T23:00,25.0,89,88,6.1
2017-10-15T00:00,24.8,88,93,5.6
2017-10-15T01:00,24.4,91,59,5.7
2017-10-15T02:00,24.4,90,19,3.9
2017-10-15T03:00,24.2,91,31,5.0
2017-10-15T04:00,24.0,91,17,4.6
2017-10-15T05:00,23.6,92,1,4.0
2017-10-15T06:00,24.8,89,4,2.5
2017-10-15T07:00,27.0,82,1,0.7
2017-10-15T08:00,28.9,75,0,1.8
2017-10-15T09:00,30.4,66,0,1.6
2017-10-15T10:00,31.4,58,0,1.5
2017-10-15T11:00,31.9,56,3,2.6
2017-10-15T12:00,32.3,52,0,4.2
2017-10-15T13:00,32.6,49,0,4.9
2017-10-15T14:00,32.6,49,0,4.9
2017-10-15T15:00,32.3,50,0,2.9
2017-10-15T16:00,30.8,64,0,3.6
2017-10-15T17:00,29.0,71,0,2.9
2017-10-15T18:00,26.3,77,0,3.7
2017-10-15T19:00,26.4,68,0,1.4
2017-10-15T20:00,26.1,63,0,1.1
2017-10-15T21:00,26.9,58,0,3.7
2017-10-15T22:00,23.4,77,1,6.9
2017-10-15T23:00,22.7,86,1,8.7
2017-10-16T00:00,23.1,83,1,7.1
2017-10-16T01:00,22.1,89,3,7.2
2017-10-16T02:00,21.4,90,10,7.2
2017-10-16T03:00,21.3,87,26,7.4
2017-10-16T04:00,22.2,81,39,8.0
2017-10-16T05:00,22.2,81,3,6.0
2017-10-16T06:00,23.8,79,7,4.9
2017-10-16T07:00,25.4,77,0,3.3
2017-10-16T08:00,27.5,71,0,1.6
2017-10-16T09:00,29.4,66,0,0.8
2017-10-16T10:00,30.9,61,0,1.9
2017-10-16T11:00,31.9,53,0,4.6
2017-10-16T12:00,32.5,48,1,6.6
2017-10-16T13:00,32.6,46,0,8.0
2017-10-16T14:00,32.1,48,2,9.2
2017-10-16T15:00,31.4,57,6,6.9
2017-10-16T16:00,30.8,61,4,4.9
2017-10-16T17:00,29.9,59,4,2.3
2017-10-16T18:00,26.1,78,4,4.8
2017-10-16T19:00,25.9,78,3,6.3
2017-10-16T20:00,25.1,79,0,5.3
2017-10-16T21:00,24.4,81,0,6.5
2017-10-16T22:00,23.6,83,0,6.5
2017-10-16T23:00,23.3,84,0,6.8
2017-10-17T00:00,22.8,86,0,6.2
2017-10-17T01:00,22.1,88,0,5.4
2017-10-17T02:00,22.1,88,0,6.9
2017-10-17T03:00,21.6,89,0,6.5
2017-10-17T04:00,21.1,89,0,6.2
2017-10-17T05:00,21.2,91,0,7.6
2017-10-17T06:00,22.7,88,0,8.4
2017-10-17T07:00,25.1,83,0,6.8
2017-10-17T08:00,27.2,76,0,6.4
2017-10-17T09:00,28.9,68,8,5.9
2017-10-17T10:00,29.9,59,34,8.2
2017-10-17T11:00,30.0,57,34,8.9
2017-10-17T12:00,30.1,57,28,9.2
2017-10-17T13:00,30.0,57,31,8.0
2017-10-17T14:00,29.6,59,27,7.2
2017-10-17T15:00,29.3,62,27,6.0
2017-10-17T16:00,28.7,68,25,4.5
2017-10-17T17:00,26.7,76,23,5.5
2017-10-17T18:00,25.3,83,9,5.6
2017-10-17T19:00,24.6,85,6,5.4
2017-10-17T20:00,24.2,86,2,4.5
2017-10-17T21:00,24.0,85,1,4.4
2017-10-17T22:00,23.1,89,1,5.1
2017-10-17T23:00,22.5,92,0,6.1
2017-10-18T00:00,22.4,91,0,7.6
2017-10-18T01:00,22.4,90,0,8.7
2017-10-18T02:00,22.4,89,1,9.9
2017-10-18T03:00,22.4,88,2,10.0
2017-10-18T04:00,22.3,87,11,10.0
2017-10-18T05:00,22.7,89,27,9.1
2017-10-18T06:00,23.8,85,20,10.3
2017-10-18T07:00,25.7,81,9,9.5
2017-10-18T08:00,27.5,76,6,9.9
2017-10-18T09:00,29.3,67,3,9.5
2017-10-18T10:00,30.4,60,5,10.2
2017-10-18T11:00,30.9,57,10,10.0
2017-10-18T12:00,31.3,59,6,8.9
2017-10-18T13:00,30.4,63,75,9.8
2017-10-18T14:00,29.8,69,60,8.3
2017-10-18T15:00,29.4,72,24,8.9
2017-10-18T16:00,28.3,76,65,10.8
2017-10-18T17:00,26.5,86,87,8.8
2017-10-18T18:00,26.0,88,53,11.5
2017-10-18T19:00,25.2,91,62,10.9
2017-10-18T20:00,24.9,93,70,7.4
2017-10-18T21:00,24.7,93,60,4.7
2017-10-18T22:00,24.5,94,58,3.3
2017-10-18T23:00,24.3,96,66,5.2
2017-10-19T00:00,24.1,97,72,4.8
2017-10-19T01:00,24.1,97,100,5.6
2017-10-19T02:00,24.3,96,100,7.8
2017-10-19T03:00,24.0,97,97,10.4
2017-10-19T04:00,24.1,96,100,10.9
2017-10-19T05:00,24.0,96,100,11.2
2017-10-19T06:00,24.8,92,100,14.7
2017-10-19T07:00,25.5,91,94,14.7
2017-10-19T08:00,26.4,85,93,17.8
2017-10-19T09:00,26.9,89,100,12.9
2017-10-19T10:00,27.8,87,98,10.1
2017-10-19T11:00,27.6,80,97,16.1
2017-10-19T12:00,27.7,83,94,14.9
2017-10-19T13:00,25.2,89,99,16.9
2017-10-19T14:00,26.4,84,89,19.5
2017-10-19T15:00,26.9,83,88,16.6
2017-10-19T16:00,26.1,84,99,17.7
2017-10-19T17:00,26.0,86,100,12.3
2017-10-19T18:00,25.5,89,74,9.7
2017-10-19T19:00,25.2,90,80,11.8
2017-10-19T20:00,25.1,90,100,13.2
2017-10-19T21:00,25.2,90,100,14.0
2017-10-19T22:00,25.3,88,100,16.2
2017-10-19T23:00,25.2,88,100,18.5
2017-10-20T00:00,25.0,88,100,20.0
2017-10-20T01:00,24.9,87,95,22.7
2017-10-20T02:00,24.7,88,100,24.0
2017-10-20T03:00,24.5,90,100,25.1
2017-10-20T04:00,24.4,91,100,26.1
2017-10-20T05:00,24.0,94,100,19.9
2017-10-20T06:00,24.2,93,100,21.7
2017-10-20T07:00,24.6,92,99,24.0
2017-10-20T08:00,24.7,92,100,25.2
2017-10-20T09:00,25.0,89,100,25.9
2017-10-20T10:00,25.0,90,100,24.3
2017-10-20T11:00,24.3,93,100,26.1
2017-10-20T12:00,24.1,93,100,31.4
2017-10-20T13:00,23.9,97,100,29.1
2017-10-20T14:00,23.9,97,100,29.0
2017-10-20T15:00,23.9,96,100,26.6
2017-10-20T16:00,23.6,97,100,27.5
2017-10-20T17:00,23.5,98,100,24.9
2017-10-20T18:00,23.4,98,100,31.4
2017-10-20T19:00,23.4,97,100,26.6
2017-10-20T20:00,23.4,96,100,26.7
2017-10-20T21:00,23.3,95,100,26.6
2017-10-20T22:00,23.1,95,100,25.3
2017-10-20T23:00,22.4,98,100,24.1
2017-10-21T00:00,22.6,97,100,28.4
2017-10-21T01:00,22.2,97,100,30.1
2017-10-21T02:00,22.1,97,100,32.8
2017-10-21T03:00,22.0,96,100,28.6
2017-10-21T04:00,22.1,95,100,25.0
2017-10-21T05:00,22.4,95,99,21.3
2017-10-21T06:00,22.7,93,100,23.4
2017-10-21T07:00,22.9,92,100,22.8
2017-10-21T08:00,23.2,90,100,24.2
2017-10-21T09:00,23.2,90,100,24.9
2017-10-21T10:00,23.6,87,99,26.0
2017-10-21T11:00,23.9,86,100,23.9
2017-10-21T12:00,25.2,79,100,21.3
2017-10-21T13:00,25.6,78,99,17.2
2017-10-21T14:00,25.4,80,100,13.8
2017-10-21T15:00,25.5,80,100,11.5
2017-10-21T16:00,25.2,81,93,7.0
2017-10-21T17:00,23.9,88,99,6.0
2017-10-21T18:00,23.4,91,3,5.9
2017-10-21T19:00,22.9,93,14,6.1
2017-10-21T20:00,22.7,94,7,6.2
2017-10-21T21:00,22.0,96,1,4.6
2017-10-21T22:00,21.5,97,0,4.4
2017-10-21T23:00,21.3,97,0,5.9
2017-10-22T00:00,21.0,98,0,5.2
2017-10-22T01:00,21.0,98,0,5.0
2017-10-22T02:00,20.3,99,1,3.0
2017-10-22T03:00,20.0,100,99,2.9
2017-10-22T04:00,20.3,100,100,4.2
2017-10-22T05:00,21.2,100,100,6.2
2017-10-22T06:00,21.7,99,100,6.8
2017-10-22T07:00,22.2,97,80,6.9
2017-10-22T08:00,24.5,88,28,6.1
2017-10-22T09:00,26.9,80,0,5.8
2017-10-22T10:00,28.9,73,3,7.0
2017-10-22T11:00,30.4,62,17,9.4
2017-10-22T12:00,31.3,50,26,11.6
2017-10-22T13:00,31.3,48,6,11.8
2017-10-22T14:00,31.0,51,0,11.3
2017-10-22T15:00,30.2,59,1,8.0
2017-10-22T16:00,28.3,75,1,4.7
2017-10-22T17:00,25.6,66,0,7.7
2017-10-22T18:00,24.1,72,0,4.1
2017-10-22T19:00,22.9,80,0,6.2
2017-10-22T20:00,22.4,88,0,6.0
2017-10-22T21:00,22.3,91,0,6.5
2017-10-22T22:00,21.2,95,0,6.4
2017-10-22T23:00,21.5,94,0,4.2
2017-10-23T00:00,20.6,96,0,5.9
2017-10-23T01:00,21.2,95,0,1.4
2017-10-23T02:00,20.6,96,0,4.7
2017-10-23T03:00,19.4,98,1,7.5
2017-10-23T04:00,19.1,96,13,6.3
2017-10-23T05:00,18.8,93,2,5.2
2017-10-23T06:00,20.3,87,0,8.7
2017-10-23T07:00,22.7,80,0,8.7
2017-10-23T08:00,25.1,73,0,8.1
2017-10-23T09:00,27.4,67,0,6.6
2017-10-23T10:00,29.3,61,0,6.0
2017-10-23T11:00,30.6,56,0,6.6
2017-10-23T12:00,31.5,51,20,7.9
2017-10-23T13:00,31.8,44,67,9.1
2017-10-23T14:00,30.8,57,55,7.1
2017-10-23T15:00,30.3,63,49,4.8
2017-10-23T16:00,28.6,80,36,5.0
2017-10-23T17:00,26.2,74,31,9.6
2017-10-23T18:00,25.5,75,18,8.4
2017-10-23T19:00,24.8,79,52,6.4
2017-10-23T20:00,24.5,82,77,8.4
2017-10-23T21:00,24.8,76,45,6.3
2017-10-23T22:00,24.7,74,28,5.8
2017-10-23T23:00,24.2,77,42,6.0
2017-10-24T00:00,24.1,78,12,8.7
2017-10-24T01:00,23.5,81,10,9.5
2017-10-24T02:00,23.0,83,9,9.1
2017-10-24T03:00,22.5,84,10,8.0
2017-10-24T04:00,22.0,85,20,7.7
2017-10-24T05:00,22.2,88,48,7.2
2017-10-24T06:00,23.4,84,59,9.3
2017-10-24T07:00,24.7,81,17,8.4
2017-10-24T08:00,26.5,75,4,8.0
2017-10-24T09:00,28.4,68,2,6.5
2017-10-24T10:00,29.8,61,2,5.2
2017-10-24T11:00,30.5,60,2,3.4
2017-10-24T12:00,31.0,60,22,2.6
2017-10-24T13:00,31.3,58,25,2.3
2017-10-24T14:00,30.5,55,52,6.9
2017-10-24T15:00,30.2,60,34,4.2
2017-10-24T16:00,29.0,71,15,3.8
2017-10-24T17:00,26.2,83,16,6.1
2017-10-24T18:00,25.5,85,24,6.5
2017-10-24T19:00,25.6,80,15,3.9
2017-10-24T20:00,26.5,72,12,2.3
2017-10-24T21:00,25.7,75,13,3.5
2017-10-24T22:00,25.0,79,11,4.3
2017-10-24T23:00,24.7,81,10,3.3
2017-10-25T00:00,24.7,81,8,2.1
2017-10-25T01:00,22.8,89,12,5.3
2017-10-25T02:00,22.5,89,16,5.4
2017-10-25T03:00,22.1,91,17,5.0
2017-10-25T04:00,22.0,88,16,6.1
2017-10-25T05:00,22.7,86,19,4.2
2017-10-25T06:00,23.5,84,26,2.1
2017-10-25T07:00,25.1,82,12,1.3
2017-10-25T08:00,26.6,80,5,2.2
2017-10-25T09:00,27.9,77,4,2.2
2017-10-25T10:00,29.2,71,4,1.6
2017-10-25T11:00,30.5,62,4,1.1
2017-10-25T12:00,31.1,54,47,3.1
2017-10-25T13:00,30.4,52,72,8.5
2017-10-25T14:00,28.0,63,48,4.5
2017-10-25T15:00,27.7,65,16,3.9
2017-10-25T16:00,27.0,72,7,3.1
2017-10-25T17:00,24.5,86,3,6.1
2017-10-25T18:00,25.6,69,3,4.3
2017-10-25T19:00,22.9,84,2,5.0
2017-10-25T20:00,23.0,82,1,6.8
2017-10-25T21:00,21.5,91,1,6.1
2017-10-25T22:00,21.4,94,1,5.8
2017-10-25T23:00,20.9,96,2,6.9
2017-10-26T00:00,22.0,94,2,4.9
2017-10-26T01:00,21.5,96,1,3.4
2017-10-26T02:00,20.3,98,1,3.5
2017-10-26T03:00,19.3,99,1,5.5
2017-10-26T04:00,19.7,99,98,2.9
2017-10-26T05:00,20.9,99,98,3.2
2017-10-26T06:00,21.6,99,100,4.2
2017-10-26T07:00,23.3,93,84,5.1
2017-10-26T08:00,24.9,89,4,4.7
2017-10-26T09:00,26.9,82,0,1.8
2017-10-26T10:00,28.3,73,6,2.3
2017-10-26T11:00,29.5,61,22,1.9
2017-10-26T12:00,30.4,41,52,4.3
2017-10-26T13:00,30.3,39,50,5.4
2017-10-26T14:00,30.0,43,24,5.3
2017-10-26T15:00,29.7,49,30,3.9
2017-10-26T16:00,27.5,76,21,3.1
2017-10-26T17:00,24.5,73,10,7.6
2017-10-26T18:00,24.6,65,22,7.9
2017-10-26T19:00,23.9,69,19,9.7
2017-10-26T20:00,23.2,66,20,8.4
2017-10-26T21:00,22.1,67,23,6.4
2017-10-26T22:00,21.9,69,19,7.7
2017-10-26T23:00,21.7,76,15,6.8
2017-10-27T00:00,21.1,85,8,6.2
2017-10-27T01:00,21.3,84,7,5.4
2017-10-27T02:00,22.2,79,15,2.6
2017-10-27T03:00,20.7,87,14,2.3
2017-10-27T04:00,20.0,91,13,3.1
2017-10-27T05:00,20.3,93,12,0.5
2017-10-27T06:00,21.2,92,1,4.1
2017-10-27T07:00,23.2,84,1,3.3
2017-10-27T08:00,25.0,77,1,2.0
2017-10-27T09:00,26.6,70,1,2.9
2017-10-27T10:00,27.8,65,1,3.3
2017-10-27T11:00,28.8,59,11,3.1
2017-10-27T12:00,29.3,52,47,3.3
2017-10-27T13:00,29.3,47,76,4.5
2017-10-27T14:00,29.0,48,52,3.1
2017-10-27T15:00,28.9,51,36,2.5
2017-10-27T16:00,26.8,79,26,3.3
2017-10-27T17:00,26.6,59,15,4.7
2017-10-27T18:00,26.5,55,5,2.3
2017-10-27T19:00,26.4,51,1,2.3
2017-10-27T20:00,21.7,75,1,5.2
2017-10-27T21:00,21.2,76,1,1.8
2017-10-27T22:00,21.6,72,1,0.4
2017-10-27T23:00,19.6,79,2,2.9
2017-10-28T00:00,21.7,67,2,3.6
2017-10-28T01:00,19.4,78,2,3.4
2017-10-28T02:00,19.4,78,2,2.2
2017-10-28T03:00,19.2,79,2,1.9
2017-10-28T04:00,19.4,78,2,2.9
2017-10-28T05:00,17.9,88,2,5.4
2017-10-28T06:00,19.9,83,1,3.6
2017-10-28T07:00,22.4,76,1,3.6
2017-10-28T08:00,24.6,69,0,3.3
2017-10-28T09:00,26.5,64,0,3.4
2017-10-28T10:00,28.0,58,0,2.4
2017-10-28T11:00,29.1,53,6,0.8
2017-10-28T12:00,29.8,45,35,0.8
2017-10-28T13:00,29.8,41,45,1.4
2017-10-28T14:00,29.5,42,53,3.6
2017-10-28T15:00,28.4,57,42,4.9
2017-10-28T16:00,26.3,70,26,5.1
2017-10-28T17:00,23.7,80,15,8.2
2017-10-28T18:00,23.6,76,18,5.9
2017-10-28T19:00,23.0,77,30,10.8
2017-10-28T20:00,22.2,80,12,9.7
2017-10-28T21:00,21.5,83,9,9.2
2017-10-28T22:00,21.0,86,8,8.9
2017-10-28T23:00,20.4,89,10,6.0
2017-10-29T00:00,19.9,92,5,4.5
2017-10-29T01:00,19.5,93,5,3.9
2017-10-29T02:00,19.2,93,6,4.0
2017-10-29T03:00,18.9,94,6,4.5
2017-10-29T04:00,18.6,94,4,4.6
2017-10-29T05:00,18.7,96,3,4.1
2017-10-29T06:00,19.6,96,3,5.0
2017-10-29T07:00,21.9,91,1,2.2
2017-10-29T08:00,24.1,82,0,0.4
2017-10-29T09:00,25.8,74,0,1.8
2017-10-29T10:00,27.1,67,1,1.5
2017-10-29T11:00,27.9,62,7,0.8
2017-10-29T12:00,28.3,59,23,2.3
2017-10-29T13:00,28.3,60,29,3.3
2017-10-29T14:00,28.2,58,17,4.3
2017-10-29T15:00,27.1,59,50,5.5
2017-10-29T16:00,25.0,68,24,8.8
2017-10-29T17:00,23.2,89,11,4.8
2017-10-29T18:00,23.2,86,5,6.6
2017-10-29T19:00,22.6,84,5,7.9
2017-10-29T20:00,22.1,85,6,7.4
2017-10-29T21:00,21.6,88,4,6.5
2017-10-29T22:00,21.1,90,5,5.3
2017-10-29T23:00,20.5,92,6,6.8
2017-10-30T00:00,21.6,87,4,2.2
2017-10-30T01:00,19.9,93,4,3.1
2017-10-30T02:00,19.4,94,2,5.0
2017-10-30T03:00,19.2,94,2,3.5
2017-10-30T04:00,19.2,95,1,3.2
2017-10-30T05:00,19.2,97,1,4.6
2017-10-30T06:00,20.1,95,1,5.4
2017-10-30T07:00,22.1,89,0,0.8
2017-10-30T08:00,23.8,83,5,1.8
2017-10-30T09:00,25.1,78,5,2.7
2017-10-30T10:00,26.2,70,11,3.9
2017-10-30T11:00,26.9,64,26,6.1
2017-10-30T12:00,27.3,60,22,4.9
2017-10-30T13:00,27.2,54,42,8.5
2017-10-30T14:00,26.2,61,36,10.0
2017-10-30T15:00,26.3,63,24,7.3
2017-10-30T16:00,24.6,70,15,8.7
2017-10-30T17:00,22.4,80,7,12.5
2017-10-30T18:00,21.6,81,7,5.9
2017-10-30T19:00,20.9,85,4,6.4
2017-10-30T20:00,20.4,87,4,6.4
2017-10-30T21:00,20.0,89,3,5.1
2017-10-30T22:00,19.5,93,2,4.6
2017-10-30T23:00,19.2,96,2,3.9
2017-10-31T00:00,19.4,96,1,2.7
2017-10-31T01:00,19.1,98,1,4.1
2017-10-31T02:00,18.8,99,4,5.2
2017-10-31T03:00,18.8,99,95,4.0
2017-10-31T04:00,19.1,100,100,3.2
2017-10-31T05:00,19.7,100,100,8.4
2017-10-31T06:00,20.4,94,100,9.0
2017-10-31T07:00,21.7,86,100,6.3
2017-10-31T08:00,22.6,81,100,4.7
2017-10-31T09:00,23.4,76,77,4.8
2017-10-31T10:00,24.3,70,96,8.1
2017-10-31T11:00,25.2,67,20,9.1
2017-10-31T12:00,25.8,63,24,8.1
2017-10-31T13:00,26.1,61,28,7.6
2017-10-31T14:00,26.1,59,34,7.1
2017-10-31T15:00,25.6,62,27,7.7
2017-10-31T16:00,24.4,71,18,5.1
2017-10-31T17:00,23.2,74,19,7.9
2017-10-31T18:00,22.7,77,12,7.1
2017-10-31T19:00,22.1,80,6,8.7
2017-10-31T20:00,21.4,83,3,9.2
2017-10-31T21:00,20.8,85,2,8.7
2017-10-31T22:00,20.4,86,1,9.1
2017-10-31T23:00,20.0,87,2,8.4
2017-11-01T00:00,19.5,90,6,7.4
2017-11-01T01:00,19.3,92,6,6.9
2017-11-01T02:00,19.0,93,4,5.9
2017-11-01T03:00,18.6,94,2,5.3
2017-11-01T04:00,18.2,95,0,3.6
2017-11-01T05:00,17.7,97,0,3.8
2017-11-01T06:00,18.8,94,1,5.4
2017-11-01T07:00,21.1,88,2,4.0
2017-11-01T08:00,23.2,78,51,5.4
2017-11-01T09:00,24.5,71,47,6.8
2017-11-01T10:00,25.2,66,73,9.5
2017-11-01T11:00,25.7,63,59,8.7
2017-11-01T12:00,26.0,61,37,8.5
2017-11-01T13:00,26.1,60,68,8.1
2017-11-01T14:00,26.0,60,42,8.9
2017-11-01T15:00,25.6,62,55,8.5
2017-11-01T16:00,24.6,69,65,6.6
2017-11-01T17:00,22.6,76,48,7.2
2017-11-01T18:00,22.5,75,7,9.0
2017-11-01T19:00,21.6,77,2,8.6
2017-11-01T20:00,20.8,81,0,7.9
2017-11-01T21:00,20.1,84,0,7.8
2017-11-01T22:00,19.6,87,0,8.4
2017-11-01T23:00,19.2,88,0,7.9
2017-11-02T00:00,18.9,89,0,7.2
2017-11-02T01:00,18.7,89,0,7.6
2017-11-02T02:00,18.3,91,0,6.5
2017-11-02T03:00,18.0,92,0,6.9
2017-11-02T04:00,17.7,93,0,6.2
2017-11-02T05:00,17.7,94,0,5.7
2017-11-02T06:00,19.1,89,0,7.6
2017-11-02T07:00,21.3,82,0,6.0
2017-11-02T08:00,23.3,74,0,6.5
2017-11-02T09:00,24.6,68,23,7.8
2017-11-02T10:00,25.7,62,72,9.4
2017-11-02T11:00,26.4,57,74,9.2
2017-11-02T12:00,26.8,55,79,10.4
2017-11-02T13:00,26.9,54,62,10.0
2017-11-02T14:00,27.0,53,5,7.0
2017-11-02T15:00,27.0,54,12,3.7
2017-11-02T16:00,25.2,79,10,4.8
2017-11-02T17:00,22.4,79,19,6.1
2017-11-02T18:00,21.9,82,1,5.1
2017-11-02T19:00,21.4,83,1,5.5
2017-11-02T20:00,20.8,83,1,7.2
2017-11-02T21:00,20.4,85,1,8.0
2017-11-02T22:00,20.0,87,1,9.0
2017-11-02T23:00,19.8,88,0,9.4
2017-11-03T00:00,19.6,89,0,9.9
2017-11-03T01:00,19.2,91,0,8.6
2017-11-03T02:00,18.7,93,0,6.9
2017-11-03T03:00,18.3,94,0,5.2
2017-11-03T04:00,18.1,94,0,5.5
2017-11-03T05:00,17.8,96,0,3.9
2017-11-03T06:00,19.0,93,0,7.1
2017-11-03T07:00,21.6,86,0,5.5
2017-11-03T08:00,23.8,76,0,5.9
2017-11-03T09:00,25.3,67,1,6.5
2017-11-03T10:00,26.2,62,21,8.2
2017-11-03T11:00,26.8,58,23,9.2
2017-11-03T12:00,27.2,56,38,8.5
2017-11-03T13:00,27.4,55,43,7.5
2017-11-03T14:00,27.4,55,28,6.6
2017-11-03T15:00,27.0,58,9,6.0
2017-11-03T16:00,25.1,77,14,4.7
2017-11-03T17:00,22.6,81,11,7.2
2017-11-03T18:00,22.8,80,6,5.9
2017-11-03T19:00,22.4,79,4,8.2
2017-11-03T20:00,21.9,79,2,8.5
2017-11-03T21:00,21.2,82,0,8.6
2017-11-03T22:00,20.7,85,0,8.7
2017-11-03T23:00,20.4,87,0,9.0
2017-11-04T00:00,20.1,90,0,8.2
2017-11-04T01:00,19.8,92,0,7.6
2017-11-04T02:00,19.5,93,0,7.3
2017-11-04T03:00,19.4,94,0,7.7
2017-11-04T04:00,19.4,94,0,8.4
2017-11-04T05:00,19.4,95,0,9.5
2017-11-04T06:00,20.2,92,0,10.5
2017-11-04T07:00,22.4,85,0,9.1
2017-11-04T08:00,24.5,78,0,9.3
2017-11-04T09:00,25.9,70,0,10.5
2017-11-04T10:00,27.0,65,3,9.9
2017-11-04T11:00,27.9,60,5,9.7
2017-11-04T12:00,28.4,57,8,9.7
2017-11-04T13:00,28.5,56,8,9.9
2017-11-04T14:00,28.4,56,5,10.5
2017-11-04T15:00,27.8,60,5,9.2
2017-11-04T16:00,25.9,73,2,5.1
2017-11-04T17:00,23.7,79,3,5.8
2017-11-04T18:00,23.6,77,14,8.1
2017-11-04T19:00,23.4,76,13,9.2
2017-11-04T20:00,23.0,77,15,10.2
2017-11-04T21:00,22.5,80,19,10.8
2017-11-04T22:00,22.1,83,20,11.2
2017-11-04T23:00,21.9,83,16,11.2
2017-11-05T00:00,22.1,82,21,11.2
2017-11-05T01:00,21.9,82,31,10.8
2017-11-05T02:00,21.7,81,26,10.8
2017-11-05T03:00,21.5,80,19,9.7
2017-11-05T04:00,21.1,81,18,9.0
2017-11-05T05:00,20.6,84,10,8.3
2017-11-05T06:00,21.2,82,4,9.7
2017-11-05T07:00,23.1,77,1,7.9
2017-11-05T08:00,25.2,72,0,6.7
2017-11-05T09:00,26.9,66,0,8.7
2017-11-05T10:00,28.0,61,0,10.5
2017-11-05T11:00,28.8,56,0,10.2
2017-11-05T12:00,29.3,52,0,11.0
2017-11-05T13:00,29.4,51,0,11.5
2017-11-05T14:00,29.2,52,0,10.8
2017-11-05T15:00,28.5,58,0,8.7
2017-11-05T16:00,26.5,68,2,6.7
2017-11-05T17:00,24.8,72,2,9.0
2017-11-05T18:00,24.6,71,1,11.5
2017-11-05T19:00,23.9,73,1,11.6
2017-11-05T20:00,23.1,76,1,11.3
2017-11-05T21:00,22.4,78,0,12.4
2017-11-05T22:00,21.8,81,0,12.8
2017-11-05T23:00,21.3,84,0,11.3
2017-11-06T00:00,20.9,87,0,9.7
2017-11-06T01:00,20.4,90,0,8.7
2017-11-06T02:00,19.9,92,0,6.8
2017-11-06T03:00,19.4,94,0,5.8
2017-11-06T04:00,19.1,94,0,5.6
2017-11-06T05:00,19.0,94,0,5.8
2017-11-06T06:00,20.0,90,0,6.4
2017-11-06T07:00,22.6,82,0,4.6
2017-11-06T08:00,25.2,72,0,6.2
2017-11-06T09:00,26.9,64,0,8.8
2017-11-06T10:00,27.9,59,0,10.0
2017-11-06T11:00,28.8,55,0,10.3
2017-11-06T12:00,29.3,51,0,10.0
2017-11-06T13:00,29.5,48,0,10.2
2017-11-06T14:00,29.3,49,0,10.0
2017-11-06T15:00,28.5,56,1,8.2
2017-11-06T16:00,26.2,69,3,5.6
2017-11-06T17:00,24.6,72,3,6.8
2017-11-06T18:00,23.9,73,0,8.9
2017-11-06T19:00,23.2,76,0,9.2
2017-11-06T20:00,22.5,78,0,9.2
2017-11-06T21:00,21.7,82,0,8.7
2017-11-06T22:00,21.1,83,0,8.3
2017-11-06T23:00,20.4,84,0,6.8
2017-11-07T00:00,19.6,87,0,5.4
2017-11-07T01:00,19.1,89,0,5.0
2017-11-07T02:00,18.6,91,0,5.6
2017-11-07T03:00,18.3,92,0,6.1
2017-11-07T04:00,18.1,92,0,5.6
2017-11-07T05:00,18.4,93,0,5.1
2017-11-07T06:00,19.8,89,0,5.2
2017-11-07T07:00,22.6,82,0,3.8
2017-11-07T08:00,25.4,72,0,3.1
2017-11-07T09:00,27.2,61,0,5.1
2017-11-07T10:00,28.3,53,0,8.3
2017-11-07T11:00,28.9,50,1,9.4
2017-11-07T12:00,29.2,48,7,8.6
2017-11-07T13:00,29.3,47,6,8.0
2017-11-07T14:00,29.2,48,16,8.0
2017-11-07T15:00,28.5,54,13,6.1
2017-11-07T16:00,26.4,73,12,5.8
2017-11-07T17:00,24.5,71,23,5.4
2017-11-07T18:00,24.0,73,10,9.5
2017-11-07T19:00,23.3,75,1,10.2
2017-11-07T20:00,22.6,77,3,10.1
2017-11-07T21:00,21.9,77,4,9.7
2017-11-07T22:00,21.7,76,5,9.4
2017-11-07T23:00,21.3,76,4,9.0
2017-11-08T00:00,20.9,78,3,8.3
2017-11-08T01:00,20.4,81,3,7.9
2017-11-08T02:00,19.9,83,1,7.5
2017-11-08T03:00,19.1,86,1,5.5
2017-11-08T04:00,18.5,87,1,5.0
2017-11-08T05:00,17.7,91,1,5.4
2017-11-08T06:00,18.7,88,0,6.5
2017-11-08T07:00,21.8,78,0,4.2
2017-11-08T08:00,24.8,67,0,2.4
2017-11-08T09:00,26.7,57,0,3.8
2017-11-08T10:00,27.8,51,0,7.2
2017-11-08T11:00,28.3,47,2,9.0
2017-11-08T12:00,28.5,45,8,9.4
2017-11-08T13:00,28.6,46,14,8.6
2017-11-08T14:00,28.3,48,27,8.3
2017-11-08T15:00,27.8,53,19,6.1
2017-11-08T16:00,25.7,68,16,5.0
2017-11-08T17:00,23.8,70,22,6.1
2017-11-08T18:00,23.7,67,46,8.7
2017-11-08T19:00,23.5,66,60,10.1
2017-11-08T20:00,22.8,70,2,10.9
2017-11-08T21:00,21.5,76,0,11.3
2017-11-08T22:00,20.8,78,0,11.2
2017-11-08T23:00,20.3,79,0,10.1
2017-11-09T00:00,19.9,80,0,8.3
2017-11-09T01:00,19.1,83,0,6.5
2017-11-09T02:00,17.9,89,0,4.9
2017-11-09T03:00,17.2,90,0,4.8
2017-11-09T04:00,16.5,92,0,5.2
2017-11-09T05:00,16.4,93,0,4.6
2017-11-09T06:00,17.5,87,0,6.4
2017-11-09T07:00,20.4,78,0,4.5
2017-11-09T08:00,23.6,67,0,3.3
2017-11-09T09:00,25.8,58,0,3.1
2017-11-09T10:00,27.0,48,0,3.9
2017-11-09T11:00,27.6,44,0,5.5
2017-11-09T12:00,28.0,42,0,6.7
2017-11-09T13:00,28.1,41,0,7.3
2017-11-09T14:00,27.8,42,0,7.3
2017-11-09T15:00,27.1,50,0,5.9
2017-11-09T16:00,25.0,69,1,5.6
2017-11-09T17:00,25.7,53,1,3.4
2017-11-09T18:00,22.1,71,0,5.2
2017-11-09T19:00,22.2,73,0,6.3
2017-11-09T20:00,21.4,78,0,7.2
2017-11-09T21:00,20.8,79,0,9.7
2017-11-09T22:00,20.6,77,0,10.7
2017-11-09T23:00,20.2,77,0,9.1
2017-11-10T00:00,19.3,79,0,7.0
2017-11-10T01:00,18.1,82,1,5.7
2017-11-10T02:00,17.9,81,1,5.7
2017-11-10T03:00,17.8,79,1,6.2
2017-11-10T04:00,17.6,79,1,6.1
2017-11-10T05:00,17.1,88,1,4.3
2017-11-10T06:00,17.9,86,4,4.4
2017-11-10T07:00,20.6,78,4,3.6
2017-11-10T08:00,23.7,67,2,3.3
2017-11-10T09:00,25.5,59,0,4.4
2017-11-10T10:00,26.7,54,0,5.5
2017-11-10T11:00,27.4,48,15,6.4
2017-11-10T12:00,27.6,47,29,6.7
2017-11-10T13:00,27.7,46,35,6.2
2017-11-10T14:00,27.6,45,63,5.5
2017-11-10T15:00,27.2,50,77,4.8
2017-11-10T16:00,24.8,74,48,6.0
2017-11-10T17:00,25.8,58,26,1.8
2017-11-10T18:00,24.1,70,83,3.2
2017-11-10T19:00,24.0,69,86,5.2
2017-11-10T20:00,23.8,68,47,5.3
2017-11-10T21:00,22.8,72,68,5.4
2017-11-10T22:00,22.6,70,70,5.5
2017-11-10T23:00,21.9,73,66,6.1
2017-11-11T00:00,20.7,79,53,8.3
2017-11-11T01:00,19.9,80,20,10.1
2017-11-11T02:00,19.2,83,6,9.4
2017-11-11T03:00,18.6,85,2,9.0
2017-11-11T04:00,18.4,85,1,8.6
2017-11-11T05:00,18.5,90,1,5.5
2017-11-11T06:00,19.4,86,4,5.8
2017-11-11T07:00,21.7,78,2,5.5
2017-11-11T08:00,24.3,71,4,3.7
2017-11-11T09:00,26.0,62,10,6.3
2017-11-11T10:00,27.1,52,31,8.4
2017-11-11T11:00,27.5,48,57,9.2
2017-11-11T12:00,27.8,47,100,7.9
2017-11-11T13:00,27.8,47,98,7.8
2017-11-11T14:00,27.6,48,18,8.6
2017-11-11T15:00,27.0,52,6,6.6
2017-11-11T16:00,24.9,70,21,5.6
2017-11-11T17:00,23.2,73,77,6.2
2017-11-11T18:00,22.9,75,68,5.6
2017-11-11T19:00,22.7,77,57,4.8
2017-11-11T20:00,22.7,74,57,4.0
2017-11-11T21:00,21.7,81,100,5.8
2017-11-11T22:00,21.5,80,100,3.8
2017-11-11T23:00,21.6,76,60,8.3
2017-11-12T00:00,21.3,72,13,8.0
2017-11-12T01:00,20.7,73,7,9.7
2017-11-12T02:00,19.6,79,11,9.4
2017-11-12T03:00,18.9,84,22,8.6
2017-11-12T04:00,17.3,91,23,6.2
2017-11-12T05:00,18.2,92,68,4.6
2017-11-12T06:00,18.7,89,81,5.6
2017-11-12T07:00,20.9,80,32,5.6
2017-11-12T08:00,23.7,67,55,4.6
2017-11-12T09:00,25.6,57,88,5.6
2017-11-12T10:00,26.7,48,91,8.3
2017-11-12T11:00,27.2,45,80,8.6
2017-11-12T12:00,27.6,43,0,8.4
2017-11-12T13:00,27.7,42,0,7.6
2017-11-12T14:00,27.5,42,49,7.6
2017-11-12T15:00,26.8,49,0,6.5
2017-11-12T16:00,24.2,72,0,6.5
2017-11-12T17:00,21.8,73,0,8.0
2017-11-12T18:00,21.9,69,0,5.9
2017-11-12T19:00,21.1,71,0,6.0
2017-11-12T20:00,20.0,75,72,5.8
2017-11-12T21:00,19.5,76,96,8.7
2017-11-12T22:00,19.3,75,98,8.3
2017-11-12T23:00,19.0,75,99,8.3
2017-11-13T00:00,18.9,74,100,8.0
2017-11-13T01:00,17.4,81,98,6.3
2017-11-13T02:00,17.3,80,99,4.8
2017-11-13T03:00,17.4,78,97,6.5
2017-11-13T04:00,16.7,82,96,5.5
2017-11-13T05:00,16.9,87,98,6.3
2017-11-13T06:00,17.5,84,99,6.4
2017-11-13T07:00,20.1,77,97,4.3
2017-11-13T08:00,23.3,67,95,4.1
2017-11-13T09:00,25.8,52,97,5.9
2017-11-13T10:00,26.9,49,99,8.6
2017-11-13T11:00,27.4,48,90,9.3
2017-11-13T12:00,27.8,47,86,8.6
2017-11-13T13:00,28.1,46,28,8.2
2017-11-13T14:00,27.9,46,6,7.8
2017-11-13T15:00,27.3,51,13,6.4
2017-11-13T16:00,24.7,71,9,6.4
2017-11-13T17:00,23.2,70,12,6.4
2017-11-13T18:00,22.8,70,17,7.9
2017-11-13T19:00,22.4,70,26,7.9
2017-11-13T20:00,21.9,72,30,7.4
2017-11-13T21:00,21.5,74,25,7.1
2017-11-13T22:00,20.3,80,23,5.2
2017-11-13T23:00,19.8,82,22,6.5
2017-11-14T00:00,19.8,79,11,10.0
2017-11-14T01:00,19.7,77,99,10.8
2017-11-14T02:00,19.1,80,98,9.3
2017-11-14T03:00,18.7,82,97,8.0
2017-11-14T04:00,17.5,87,100,5.8
2017-11-14T05:00,16.9,93,99,4.5
2017-11-14T06:00,17.7,90,99,4.2
2017-11-14T07:00,20.5,81,100,5.1
2017-11-14T08:00,23.3,70,96,6.6
2017-11-14T09:00,25.3,59,98,10.7
2017-11-14T10:00,26.2,57,97,12.7
2017-11-14T11:00,26.9,54,99,11.0
2017-11-14T12:00,27.2,52,97,10.7
2017-11-14T13:00,27.4,52,86,8.7
2017-11-14T14:00,27.3,53,78,7.7
2017-11-14T15:00,26.8,55,82,7.2
2017-11-14T16:00,24.8,68,95,4.9
2017-11-14T17:00,22.5,76,83,5.6
2017-11-14T18:00,22.3,76,99,5.6
2017-11-14T19:00,22.0,77,97,6.6
2017-11-14T20:00,21.4,79,100,6.7
2017-11-14T21:00,21.1,80,99,7.6
2017-11-14T22:00,20.7,80,100,8.0
2017-11-14T23:00,20.5,81,100,9.0
2017-11-15T00:00,20.3,82,99,8.5
2017-11-15T01:00,20.2,83,100,8.9
2017-11-15T02:00,20.3,83,100,9.0
2017-11-15T03:00,20.1,84,100,6.7
2017-11-15T04:00,19.6,86,100,5.8
2017-11-15T05:00,19.7,88,100,3.6
2017-11-15T06:00,19.9,87,100,6.0
2017-11-15T07:00,21.2,81,100,5.0
2017-11-15T08:00,21.6,79,100,5.2
2017-11-15T09:00,22.4,76,100,4.1
2017-11-15T10:00,22.6,76,100,3.1
2017-11-15T11:00,22.9,74,100,2.0
2017-11-15T12:00,22.5,79,100,2.3
2017-11-15T13:00,22.3,84,100,3.1
2017-11-15T14:00,22.2,86,100,1.6
2017-11-15T15:00,22.2,85,100,0.8
2017-11-15T16:00,21.9,90,100,2.0
2017-11-15T17:00,21.2,92,100,2.7
2017-11-15T18:00,21.4,90,100,0.8
2017-11-15T19:00,21.0,92,100,1.8
2017-11-15T20:00,20.8,92,100,3.7
2017-11-15T21:00,20.6,93,100,3.9
2017-11-15T22:00,20.6,93,100,2.3
2017-11-15T23:00,20.6,94,100,3.2
2017-11-16T00:00,20.5,92,100,7.8
2017-11-16T01:00,20.3,93,100,9.2
2017-11-16T02:00,20.1,93,100,8.6
2017-11-16T03:00,19.8,93,100,5.2
2017-11-16T04:00,19.9,93,100,5.5
2017-11-16T05:00,20.2,93,100,4.8
2017-11-16T06:00,20.2,95,100,7.4
2017-11-16T07:00,20.8,93,100,7.4
2017-11-16T08:00,21.6,88,100,10.5
2017-11-16T09:00,22.3,84,100,8.7
2017-11-16T10:00,22.9,80,100,9.0
2017-11-16T11:00,23.9,74,100,8.7
2017-11-16T12:00,24.1,73,100,9.4
2017-11-16T13:00,24.0,72,100,8.3
2017-11-16T14:00,23.7,73,100,6.6
2017-11-16T15:00,23.2,77,100,6.8
2017-11-16T16:00,23.0,78,100,5.5
2017-11-16T17:00,21.7,88,100,4.9
2017-11-16T18:00,21.6,89,100,5.1
2017-11-16T19:00,21.3,89,100,5.8
2017-11-16T20:00,20.9,90,100,6.9
2017-11-16T21:00,20.5,91,100,6.6
2017-11-16T22:00,20.3,89,100,7.2
2017-11-16T23:00,20.1,89,99,7.2
2017-11-17T00:00,19.6,92,100,5.4
2017-11-17T01:00,19.0,94,100,4.4
2017-11-17T02:00,19.6,91,100,2.3
2017-11-17T03:00,18.5,95,98,4.2
2017-11-17T04:00,18.4,95,99,3.6
2017-11-17T05:00,18.8,96,95,4.4
2017-11-17T06:00,19.6,91,98,6.0
2017-11-17T07:00,20.3,87,96,5.9
2017-11-17T08:00,21.5,81,92,6.8
2017-11-17T09:00,22.6,78,94,5.2
2017-11-17T10:00,23.7,75,88,3.6
2017-11-17T11:00,24.7,71,83,5.8
2017-11-17T12:00,25.8,68,100,8.0
2017-11-17T13:00,25.4,70,100,7.3
2017-11-17T14:00,25.3,71,97,5.1
2017-11-17T15:00,25.3,70,83,4.5
2017-11-17T16:00,24.6,79,82,2.5
2017-11-17T17:00,23.3,82,95,4.9
2017-11-17T18:00,23.1,81,81,5.2
2017-11-17T19:00,23.2,80,95,5.5
2017-11-17T20:00,23.1,80,76,7.1
2017-11-17T21:00,22.2,87,43,6.5
2017-11-17T22:00,20.8,95,16,5.1
2017-11-17T23:00,20.5,97,13,4.1
2017-11-18T00:00,20.0,98,20,5.4
2017-11-18T01:00,19.8,98,32,4.4
2017-11-18T02:00,20.0,98,34,1.8
2017-11-18T03:00,20.0,98,34,4.5
2017-11-18T04:00,19.9,97,35,5.9
2017-11-18T05:00,21.0,95,44,6.5
2017-11-18T06:00,21.7,91,100,6.4
2017-11-18T07:00,22.3,88,87,4.8
2017-11-18T08:00,23.6,82,65,5.3
2017-11-18T09:00,24.8,77,78,7.9
2017-11-18T10:00,25.3,75,97,8.7
2017-11-18T11:00,25.8,73,90,9.0
2017-11-18T12:00,26.1,71,100,7.6
2017-11-18T13:00,26.5,70,100,6.0
2017-11-18T14:00,26.5,70,83,5.1
2017-11-18T15:00,26.0,73,66,5.5
2017-11-18T16:00,25.0,80,55,4.3
2017-11-18T17:00,23.4,89,42,5.7
2017-11-18T18:00,24.4,80,27,1.6
2017-11-18T19:00,23.9,83,26,1.1
2017-11-18T20:00,24.2,80,18,0.4
2017-11-18T21:00,22.6,88,10,3.4
2017-11-18T22:00,21.5,92,5,3.5
2017-11-18T23:00,21.2,93,3,3.4
2017-11-19T00:00,20.8,94,2,3.4
2017-11-19T01:00,20.4,95,2,3.4
2017-11-19T02:00,20.4,95,4,2.6
2017-11-19T03:00,20.1,96,12,4.2
2017-11-19T04:00,20.1,96,19,5.0
2017-11-19T05:00,20.4,96,28,5.2
2017-11-19T06:00,20.8,95,9,4.8
2017-11-19T07:00,22.4,90,2,4.7
2017-11-19T08:00,24.5,83,1,3.3
2017-11-19T09:00,26.2,75,1,2.5
2017-11-19T10:00,27.4,67,12,2.5
2017-11-19T11:00,28.3,63,18,3.7
2017-11-19T12:00,28.8,59,14,4.7
2017-11-19T13:00,29.1,57,6,4.8
2017-11-19T14:00,29.1,55,5,5.8
2017-11-19T15:00,28.6,57,5,6.8
2017-11-19T16:00,26.5,66,5,6.3
2017-11-19T17:00,24.9,68,9,6.4
2017-11-19T18:00,24.3,69,11,6.9
2017-11-19T19:00,23.5,72,4,10.4
2017-11-19T20:00,22.6,78,2,10.2
2017-11-19T21:00,21.6,82,1,7.6
2017-11-19T22:00,20.7,86,0,5.6
2017-11-19T23:00,20.0,89,0,5.0
2017-11-20T00:00,19.5,90,1,5.3
2017-11-20T01:00,19.0,91,2,4.4
2017-11-20T02:00,19.0,90,3,4.9
2017-11-20T03:00,19.2,88,3,6.2
2017-11-20T04:00,19.5,87,2,7.0
2017-11-20T05:00,19.5,88,1,6.8
2017-11-20T06:00,19.6,89,2,5.4
2017-11-20T07:00,21.5,82,2,4.5
2017-11-20T08:00,23.7,73,2,5.2
2017-11-20T09:00,25.6,64,3,5.8
2017-11-20T10:00,27.1,57,3,6.8
2017-11-20T11:00,28.3,52,3,8.5
2017-11-20T12:00,29.0,50,2,9.4
2017-11-20T13:00,29.3,50,2,11.5
2017-11-20T14:00,29.2,50,32,13.9
2017-11-20T15:00,28.2,54,33,11.1
2017-11-20T16:00,26.4,59,25,8.3
2017-11-20T17:00,24.2,68,12,5.8
2017-11-20T18:00,23.1,73,7,5.2
2017-11-20T19:00,22.0,78,4,5.2
2017-11-20T20:00,21.6,78,0,6.4
2017-11-20T21:00,21.6,74,0,8.4
2017-11-20T22:00,21.3,74,0,9.2
2017-11-20T23:00,20.8,74,0,10.7
2017-11-21T00:00,20.6,68,0,11.7
2017-11-21T01:00,20.2,67,0,10.2
2017-11-21T02:00,18.5,73,0,6.7
2017-11-21T03:00,18.1,70,0,7.5
2017-11-21T04:00,19.0,64,0,11.2
2017-11-21T05:00,19.0,68,0,12.9
2017-11-21T06:00,19.1,68,0,12.3
2017-11-21T07:00,20.6,65,0,12.0
2017-11-21T08:00,22.5,59,0,10.6
2017-11-21T09:00,24.1,52,0,10.8
2017-11-21T10:00,25.3,45,0,12.8
2017-11-21T11:00,25.9,39,19,17.1
2017-11-21T12:00,26.3,36,47,17.3
2017-11-21T13:00,26.4,33,53,16.1
2017-11-21T14:00,25.9,34,0,15.3
2017-11-21T15:00,24.9,41,0,11.0
2017-11-21T16:00,22.2,49,0,7.9
2017-11-21T17:00,20.1,52,0,8.5
2017-11-21T18:00,19.2,49,0,8.4
2017-11-21T19:00,18.1,50,0,8.4
2017-11-21T20:00,17.3,50,0,8.5
2017-11-21T21:00,16.4,52,0,8.4
2017-11-21T22:00,15.8,54,0,8.1
2017-11-21T23:00,15.7,54,0,8.4
2017-11-22T00:00,15.7,54,0,9.3
2017-11-22T01:00,15.7,55,0,10.3
2017-11-22T02:00,15.4,58,0,10.3
2017-11-22T03:00,14.9,61,0,10.0
2017-11-22T04:00,14.3,64,0,9.5
2017-11-22T05:00,13.8,70,0,9.5
2017-11-22T06:00,13.8,72,0,9.2
2017-11-22T07:00,16.2,65,0,10.0
2017-11-22T08:00,19.0,54,0,9.7
2017-11-22T09:00,21.2,45,0,11.5
2017-11-22T10:00,22.8,39,0,13.6
2017-11-22T11:00,23.7,38,0,14.5
2017-11-22T12:00,24.2,38,0,14.1
2017-11-22T13:00,24.6,36,0,13.0
2017-11-22T14:00,24.6,35,0,12.6
2017-11-22T15:00,23.8,40,0,9.9
2017-11-22T16:00,20.9,54,0,6.5
2017-11-22T17:00,18.9,60,0,6.9
2017-11-22T18:00,18.4,60,0,7.7
2017-11-22T19:00,17.9,59,0,8.8
2017-11-22T20:00,17.3,59,0,8.6
2017-11-22T21:00,15.6,67,0,7.0
2017-11-22T22:00,14.6,71,0,6.9
2017-11-22T23:00,14.7,70,0,7.8
2017-11-23T00:00,14.5,70,0,9.1
2017-11-23T01:00,14.3,70,0,8.6
2017-11-23T02:00,13.8,72,0,7.7
2017-11-23T03:00,13.4,73,0,7.6
2017-11-23T04:00,12.9,76,0,7.3
2017-11-23T05:00,11.2,87,0,8.4
2017-11-23T06:00,12.1,84,0,6.1
2017-11-23T07:00,14.9,73,0,2.9
2017-11-23T08:00,17.7,63,0,3.5
2017-11-23T09:00,20.2,55,0,7.1
2017-11-23T10:00,22.1,45,0,12.2
2017-11-23T11:00,23.3,41,0,12.4
2017-11-23T12:00,24.0,39,0,11.3
2017-11-23T13:00,24.5,37,0,10.6
2017-11-23T14:00,24.4,37,0,10.6
2017-11-23T15:00,23.6,42,0,8.7
2017-11-23T16:00,20.3,59,0,6.8
2017-11-23T17:00,17.9,65,0,6.8
2017-11-23T18:00,17.6,64,0,6.7
2017-11-23T19:00,16.7,65,0,7.4
2017-11-23T20:00,16.0,66,0,8.0
2017-11-23T21:00,15.4,67,0,8.5
2017-11-23T22:00,15.1,67,0,8.9
2017-11-23T23:00,14.4,68,0,7.8
2017-11-24T00:00,13.7,71,0,7.6
2017-11-24T01:00,13.4,71,0,7.9
2017-11-24T02:00,13.4,71,0,9.0
2017-11-24T03:00,13.2,71,0,8.5
2017-11-24T04:00,12.0,78,0,7.4
2017-11-24T05:00,11.0,87,0,8.0
2017-11-24T06:00,11.9,84,0,4.4
2017-11-24T07:00,14.9,73,0,5.7
2017-11-24T08:00,18.3,62,0,3.6
2017-11-24T09:00,20.9,54,0,3.6
2017-11-24T10:00,22.6,48,0,4.7
2017-11-24T11:00,23.8,44,0,6.3
2017-11-24T12:00,24.6,41,0,7.9
2017-11-24T13:00,25.0,40,0,9.2
2017-11-24T14:00,25.0,40,0,10.0
2017-11-24T15:00,24.2,45,0,9.0
2017-11-24T16:00,21.5,56,0,7.4
2017-11-24T17:00,19.8,58,0,10.1
2017-11-24T18:00,19.3,56,0,9.4
2017-11-24T19:00,17.6,63,0,8.3
2017-11-24T20:00,16.5,68,0,9.0
2017-11-24T21:00,15.7,70,0,7.7
2017-11-24T22:00,14.5,73,0,6.4
2017-11-24T23:00,13.3,78,0,8.5
2017-11-25T00:00,12.6,81,0,8.0
2017-11-25T01:00,12.0,84,0,6.6
2017-11-25T02:00,11.7,84,0,4.7
2017-11-25T03:00,11.5,84,0,4.7
2017-11-25T04:00,11.5,83,0,5.7
2017-11-25T05:00,11.7,83,0,7.2
2017-11-25T06:00,12.6,78,0,7.3
2017-11-25T07:00,15.8,69,0,7.1
2017-11-25T08:00,19.2,59,0,4.8
2017-11-25T09:00,21.6,51,0,5.4
2017-11-25T10:00,22.9,45,0,7.1
2017-11-25T11:00,23.8,43,0,7.8
2017-11-25T12:00,24.4,41,0,7.4
2017-11-25T13:00,24.7,40,0,7.3
2017-11-25T14:00,24.7,40,0,8.5
2017-11-25T15:00,24.1,44,0,7.6
2017-11-25T16:00,20.5,68,0,8.0
2017-11-25T17:00,18.7,66,0,6.1
2017-11-25T18:00,18.4,64,0,7.6
2017-11-25T19:00,17.6,68,0,10.1
2017-11-25T20:00,17.0,72,0,10.5
2017-11-25T21:00,16.3,75,0,9.4
2017-11-25T22:00,15.6,78,0,8.3
2017-11-25T23:00,15.0,79,0,7.7
2017-11-26T00:00,14.5,81,0,7.3
2017-11-26T01:00,13.9,83,0,7.2
2017-11-26T02:00,13.3,86,0,6.5
2017-11-26T03:00,12.8,88,0,5.8
2017-11-26T04:00,12.4,90,0,5.6
2017-11-26T05:00,12.0,92,0,5.8
2017-11-26T06:00,12.5,88,0,7.4
2017-11-26T07:00,16.3,72,0,7.9
2017-11-26T08:00,19.9,61,0,4.3
2017-11-26T09:00,22.2,53,0,4.9
2017-11-26T10:00,23.8,46,0,7.2
2017-11-26T11:00,24.9,42,0,8.4
2017-11-26T12:00,25.5,40,0,9.0
2017-11-26T13:00,25.8,40,0,9.4
2017-11-26T14:00,25.7,40,0,10.0
2017-11-26T15:00,24.9,45,0,8.2
2017-11-26T16:00,21.4,63,0,7.2
2017-11-26T17:00,18.9,70,0,8.6
2017-11-26T18:00,19.1,67,0,5.8
2017-11-26T19:00,17.7,72,0,8.0
2017-11-26T20:00,16.9,75,0,6.9
2017-11-26T21:00,15.8,79,0,5.2
2017-11-26T22:00,14.6,85,0,4.7
2017-11-26T23:00,14.0,87,0,4.3
2017-11-27T00:00,13.7,87,0,4.6
2017-11-27T01:00,13.3,87,0,5.5
2017-11-27T02:00,13.0,87,0,6.1
2017-11-27T03:00,12.7,87,0,6.1
2017-11-27T04:00,12.2,88,0,5.4
2017-11-27T05:00,12.5,86,0,6.6
2017-11-27T06:00,13.0,84,0,6.1
2017-11-27T07:00,16.0,72,0,6.4
2017-11-27T08:00,19.3,61,0,4.0
2017-11-27T09:00,21.9,53,0,5.5
2017-11-27T10:00,23.6,47,0,7.1
2017-11-27T11:00,24.7,42,0,7.4
2017-11-27T12:00,25.3,40,0,7.6
2017-11-27T13:00,25.5,41,0,8.4
2017-11-27T14:00,25.5,41,0,8.2
2017-11-27T15:00,24.9,45,0,6.7
2017-11-27T16:00,22.2,64,0,6.3
2017-11-27T17:00,22.9,52,0,3.5
2017-11-27T18:00,19.6,64,0,4.0
2017-11-27T19:00,17.7,72,0,5.5
2017-11-27T20:00,17.3,73,0,5.1
2017-11-27T21:00,16.1,76,0,6.6
2017-11-27T22:00,16.0,74,0,6.4
2017-11-27T23:00,15.5,73,0,7.3
2017-11-28T00:00,13.9,79,0,6.3
2017-11-28T01:00,13.0,83,0,6.6
2017-11-28T02:00,12.5,84,0,5.4
2017-11-28T03:00,12.1,86,0,5.2
2017-11-28T04:00,11.7,89,0,6.1
2017-11-28T05:00,12.8,82,0,7.2
2017-11-28T06:00,13.4,79,0,8.9
2017-11-28T07:00,16.5,68,0,10.2
2017-11-28T08:00,20.2,57,0,7.8
2017-11-28T09:00,22.7,50,0,7.8
2017-11-28T10:00,24.3,42,0,9.0
2017-11-28T11:00,25.3,38,0,10.0
2017-11-28T12:00,25.8,37,0,11.5
2017-11-28T13:00,26.0,36,0,12.0
2017-11-28T14:00,25.9,35,0,12.1
2017-11-28T15:00,24.9,41,0,8.8
2017-11-28T16:00,21.8,54,0,6.4
2017-11-28T17:00,19.6,56,0,8.0
2017-11-28T18:00,19.5,54,0,11.7
2017-11-28T19:00,18.2,61,0,10.7
2017-11-28T20:00,16.9,68,0,8.7
2017-11-28T21:00,15.7,72,0,6.6
2017-11-28T22:00,14.5,77,0,5.8
2017-11-28T23:00,13.6,82,0,5.1
2017-11-29T00:00,13.2,84,0,4.1
2017-11-29T01:00,13.1,83,0,5.8
2017-11-29T02:00,12.8,84,0,6.6
2017-11-29T03:00,13.0,82,0,6.1
2017-11-29T04:00,13.1,80,0,6.1
2017-11-29T05:00,12.1,86,0,8.5
2017-11-29T06:00,13.1,81,0,6.4
2017-11-29T07:00,16.3,71,0,5.4
2017-11-29T08:00,19.8,58,0,2.9
2017-11-29T09:00,22.0,50,0,2.6
2017-11-29T10:00,23.6,46,0,1.9
2017-11-29T11:00,24.7,42,0,3.2
2017-11-29T12:00,25.3,40,0,5.1
2017-11-29T13:00,25.6,38,0,6.6
2017-11-29T14:00,25.6,36,0,7.7
2017-11-29T15:00,24.7,39,0,7.9
2017-11-29T16:00,21.5,52,0,6.4
2017-11-29T17:00,19.0,57,0,6.7
2017-11-29T18:00,18.3,59,0,7.2
2017-11-29T19:00,17.6,64,0,10.7
2017-11-29T20:00,17.1,64,0,10.2
2017-11-29T21:00,16.6,63,0,10.2
2017-11-29T22:00,14.8,71,0,7.6
2017-11-29T23:00,13.8,75,0,6.3
2017-11-30T00:00,13.5,74,0,5.0
2017-11-30T01:00,13.0,76,0,5.0
2017-11-30T02:00,12.6,78,0,5.5
2017-11-30T03:00,12.5,78,0,5.2
2017-11-30T04:00,12.6,77,0,5.5
2017-11-30T05:00,12.3,81,0,5.9
2017-11-30T06:00,12.9,79,0,5.2
2017-11-30T07:00,15.9,70,0,3.9
2017-11-30T08:00,19.4,58,0,2.9
2017-11-30T09:00,21.7,50,0,2.9
2017-11-30T10:00,23.4,44,0,2.5
2017-11-30T11:00,24.5,40,0,4.0
2017-11-30T12:00,25.1,39,0,6.3
2017-11-30T13:00,25.5,37,0,7.3
2017-11-30T14:00,25.4,34,0,9.4
2017-11-30T15:00,24.5,39,0,8.6
2017-11-30T16:00,20.6,63,0,8.7
2017-11-30T17:00,18.3,63,0,8.4
2017-11-30T18:00,18.8,58,0,5.4
2017-11-30T19:00,17.9,64,0,10.7
2017-11-30T20:00,17.1,69,0,9.8
2017-11-30T21:00,16.4,72,0,9.0
2017-11-30T22:00,15.4,76,0,6.2
2017-11-30T23:00,14.7,79,0,5.6
2017-12-01T00:00,14.1,81,0,5.2
2017-12-01T01:00,13.1,86,0,4.8
2017-12-01T02:00,12.6,88,0,4.3
2017-12-01T03:00,12.2,89,0,5.0
2017-12-01T04:00,11.8,90,0,5.0
2017-12-01T05:00,11.6,92,0,5.4
2017-12-01T06:00,12.1,88,0,6.0
2017-12-01T07:00,15.1,75,0,6.3
2017-12-01T08:00,19.0,64,0,4.3
2017-12-01T09:00,22.0,54,0,5.7
2017-12-01T10:00,23.5,46,0,8.4
2017-12-01T11:00,24.2,43,0,9.4
2017-12-01T12:00,24.6,43,0,9.0
2017-12-01T13:00,24.9,42,40,7.6
2017-12-01T14:00,24.8,43,41,6.1
2017-12-01T15:00,24.3,45,0,5.8
2017-12-01T16:00,21.0,67,0,7.6
2017-12-01T17:00,19.0,69,0,7.3
2017-12-01T18:00,18.7,69,0,7.7
2017-12-01T19:00,17.9,71,0,9.6
2017-12-01T20:00,17.4,72,0,11.2
2017-12-01T21:00,16.9,74,0,11.9
2017-12-01T22:00,16.6,74,2,11.2
2017-12-01T23:00,16.1,74,0,9.8
2017-12-02T00:00,15.6,74,0,8.4
2017-12-02T01:00,15.1,76,0,7.8
2017-12-02T02:00,14.4,81,0,6.8
2017-12-02T03:00,13.8,85,0,6.7
2017-12-02T04:00,13.4,88,0,6.7
2017-12-02T05:00,12.4,93,0,5.6
2017-12-02T06:00,12.7,91,0,7.7
2017-12-02T07:00,15.9,77,12,8.4
2017-12-02T08:00,19.5,66,14,5.7
2017-12-02T09:00,22.3,55,26,7.0
2017-12-02T10:00,23.7,46,8,9.1
2017-12-02T11:00,24.4,44,53,8.2
2017-12-02T12:00,24.8,43,32,6.2
2017-12-02T13:00,25.1,41,93,5.5
2017-12-02T14:00,25.0,41,65,5.8
2017-12-02T15:00,24.5,43,0,5.5
2017-12-02T16:00,22.8,54,0,4.4
2017-12-02T17:00,19.4,66,0,5.8
2017-12-02T18:00,18.5,69,0,4.3
2017-12-02T19:00,18.1,69,0,4.4
2017-12-02T20:00,17.5,71,0,6.6
2017-12-02T21:00,16.7,75,0,9.0
2017-12-02T22:00,16.3,78,0,8.3
2017-12-02T23:00,15.5,83,0,6.7
2017-12-03T00:00,14.5,88,0,5.8
2017-12-03T01:00,13.9,91,0,5.8
2017-12-03T02:00,13.4,92,0,5.8
2017-12-03T03:00,13.1,93,0,5.7
2017-12-03T04:00,12.9,93,37,6.3
2017-12-03T05:00,12.5,94,27,6.4
2017-12-03T06:00,13.2,91,0,8.1
2017-12-03T07:00,16.1,77,0,9.0
2017-12-03T08:00,19.7,65,0,6.8
2017-12-03T09:00,22.2,55,0,8.7
2017-12-03T10:00,23.5,48,0,11.0
2017-12-03T11:00,24.3,43,1,10.1
2017-12-03T12:00,24.8,41,77,7.9
2017-12-03T13:00,25.1,40,77,6.9
2017-12-03T14:00,25.0,40,41,6.9
2017-12-03T15:00,24.4,42,0,6.9
2017-12-03T16:00,21.2,60,6,7.2
2017-12-03T17:00,20.0,64,64,6.1
2017-12-03T18:00,19.2,67,26,10.1
2017-12-03T19:00,18.8,69,0,12.3
2017-12-03T20:00,18.3,71,0,12.6
2017-12-03T21:00,17.8,73,0,13.0
2017-12-03T22:00,17.3,75,0,11.9
2017-12-03T23:00,16.7,76,0,9.7
2017-12-04T00:00,16.0,77,0,8.0
2017-12-04T01:00,15.1,80,0,6.4
2017-12-04T02:00,14.3,84,0,6.4
2017-12-04T03:00,13.7,86,0,6.0
2017-12-04T04:00,13.3,89,0,6.2
2017-12-04T05:00,12.5,92,0,5.8
2017-12-04T06:00,12.4,92,0,6.5
2017-12-04T07:00,15.3,79,0,7.6
2017-12-04T08:00,19.1,66,0,4.1
2017-12-04T09:00,21.9,54,0,4.6
2017-12-04T10:00,23.5,43,0,5.7
2017-12-04T11:00,24.4,38,0,6.6
2017-12-04T12:00,24.8,36,0,6.9
2017-12-04T13:00,25.0,35,0,6.9
2017-12-04T14:00,24.8,35,33,7.2
2017-12-04T15:00,24.2,39,3,6.5
2017-12-04T16:00,21.1,60,7,7.2
2017-12-04T17:00,18.5,60,15,8.4
2017-12-04T18:00,18.7,58,0,5.2
2017-12-04T19:00,17.9,62,0,11.9
2017-12-04T20:00,17.7,62,0,13.3
2017-12-04T21:00,17.1,65,0,12.6
2017-12-04T22:00,16.5,66,0,10.8
2017-12-04T23:00,15.9,67,0,8.7
2017-12-05T00:00,14.9,70,0,6.3
2017-12-05T01:00,13.5,75,0,7.2
2017-12-05T02:00,12.8,78,0,6.9
2017-12-05T03:00,12.7,78,22,5.2
2017-12-05T04:00,12.7,78,0,5.7
2017-12-05T05:00,12.4,83,0,7.1
2017-12-05T06:00,12.5,83,0,5.9
2017-12-05T07:00,15.1,73,0,7.1
2017-12-05T08:00,19.0,61,0,4.2
2017-12-05T09:00,21.9,50,0,4.3
2017-12-05T10:00,23.6,41,0,5.0
2017-12-05T11:00,24.5,37,0,5.3
2017-12-05T12:00,25.1,35,0,5.6
2017-12-05T13:00,25.3,34,0,6.7
2017-12-05T14:00,25.1,34,0,8.3
2017-12-05T15:00,24.3,38,0,8.4
2017-12-05T16:00,20.6,61,0,8.7
2017-12-05T17:00,18.0,62,0,8.6
2017-12-05T18:00,18.4,61,0,10.4
2017-12-05T19:00,17.8,64,0,12.3
2017-12-05T20:00,17.0,67,1,11.2
2017-12-05T21:00,16.2,69,0,10.1
2017-12-05T22:00,15.3,71,0,6.8
2017-12-05T23:00,14.0,77,0,5.1
2017-12-06T00:00,13.6,77,0,4.8
2017-12-06T01:00,13.2,78,0,4.9
2017-12-06T02:00,13.3,78,0,5.5
2017-12-06T03:00,13.2,78,0,7.7
2017-12-06T04:00,13.0,79,0,8.3
2017-12-06T05:00,11.8,87,0,4.8
2017-12-06T06:00,11.8,88,26,4.7
2017-12-06T07:00,14.4,78,6,5.6
2017-12-06T08:00,18.7,62,3,3.2
2017-12-06T09:00,21.7,51,0,3.2
2017-12-06T10:00,23.3,46,22,3.8
2017-12-06T11:00,24.3,44,54,4.6
2017-12-06T12:00,25.0,41,63,5.1
2017-12-06T13:00,25.3,40,76,3.9
2017-12-06T14:00,25.3,40,52,3.0
2017-12-06T15:00,24.8,42,2,4.8
2017-12-06T16:00,21.8,58,1,6.0
2017-12-06T17:00,20.3,58,4,6.0
2017-12-06T18:00,19.2,60,0,6.2
2017-12-06T19:00,18.6,63,87,8.3
2017-12-06T20:00,18.1,68,88,11.3
2017-12-06T21:00,17.5,71,87,8.7
2017-12-06T22:00,16.8,73,51,7.6
2017-12-06T23:00,16.4,74,88,8.0
2017-12-07T00:00,16.3,74,79,8.0
2017-12-07T01:00,16.0,75,95,7.3
2017-12-07T02:00,15.8,75,97,7.0
2017-12-07T03:00,15.4,77,94,6.6
2017-12-07T04:00,14.7,81,97,5.1
2017-12-07T05:00,13.7,89,83,5.7
2017-12-07T06:00,13.9,88,14,6.4
2017-12-07T07:00,16.6,76,5,8.2
2017-12-07T08:00,20.2,64,68,6.8
2017-12-07T09:00,22.4,56,98,6.6
2017-12-07T10:00,23.8,49,83,7.6
2017-12-07T11:00,24.7,45,57,8.3
2017-12-07T12:00,25.3,44,70,9.4
2017-12-07T13:00,25.7,42,81,8.3
2017-12-07T14:00,25.8,43,78,8.7
2017-12-07T15:00,25.3,45,92,7.7
2017-12-07T16:00,22.5,64,88,7.0
2017-12-07T17:00,20.6,66,96,6.5
2017-12-07T18:00,20.4,66,99,5.9
2017-12-07T19:00,19.6,69,99,6.5
2017-12-07T20:00,18.9,69,100,7.6
2017-12-07T21:00,18.5,70,99,8.4
2017-12-07T22:00,18.3,69,96,9.4
2017-12-07T23:00,18.4,67,93,11.2
2017-12-08T00:00,18.4,68,79,11.2
2017-12-08T01:00,18.1,71,76,9.7
2017-12-08T02:00,17.6,75,25,11.9
2017-12-08T03:00,17.5,77,93,10.5
2017-12-08T04:00,16.6,82,99,5.8
2017-12-08T05:00,16.2,89,84,5.9
2017-12-08T06:00,16.5,88,100,7.6
2017-12-08T07:00,18.6,79,100,10.9
2017-12-08T08:00,21.2,69,100,7.2
2017-12-08T09:00,23.2,60,100,9.0
2017-12-08T10:00,24.5,56,100,10.6
2017-12-08T11:00,25.6,52,99,9.6
2017-12-08T12:00,25.9,52,98,7.1
2017-12-08T13:00,25.9,51,100,7.4
2017-12-08T14:00,25.9,51,100,6.9
2017-12-08T15:00,25.8,52,100,6.1
2017-12-08T16:00,23.5,63,100,5.2
2017-12-08T17:00,22.0,68,100,6.4
2017-12-08T18:00,21.4,72,99,5.5
2017-12-08T19:00,20.8,75,98,5.0
2017-12-08T20:00,20.0,79,100,8.6
2017-12-08T21:00,19.6,79,100,10.9
2017-12-08T22:00,19.1,79,100,9.6
2017-12-08T23:00,19.7,76,100,10.0
2017-12-09T00:00,19.6,76,99,12.3
2017-12-09T01:00,19.0,77,99,12.6
2017-12-09T02:00,18.6,78,100,12.1
2017-12-09T03:00,18.3,79,100,13.0
2017-12-09T04:00,18.3,79,99,12.2
2017-12-09T05:00,17.9,83,99,12.6
2017-12-09T06:00,17.9,82,97,14.1
2017-12-09T07:00,19.0,78,99,14.0
2017-12-09T08:00,21.1,71,99,13.0
2017-12-09T09:00,22.8,64,100,13.2
2017-12-09T10:00,23.7,57,100,13.7
2017-12-09T11:00,23.7,55,99,11.4
2017-12-09T12:00,24.3,52,86,10.3
2017-12-09T13:00,25.1,49,78,10.4
2017-12-09T14:00,24.7,50,100,12.4
2017-12-09T15:00,23.7,55,100,10.6
2017-12-09T16:00,22.8,59,100,9.3
2017-12-09T17:00,22.3,64,98,10.7
2017-12-09T18:00,21.9,67,100,12.0
2017-12-09T19:00,21.3,70,100,10.0
2017-12-09T20:00,21.2,69,100,10.5
2017-12-09T21:00,20.8,69,99,10.5
2017-12-09T22:00,20.5,71,83,9.0
2017-12-09T23:00,20.4,73,100,6.3
2017-12-10T00:00,20.3,74,100,7.2
2017-12-10T01:00,20.1,77,100,8.7
2017-12-10T02:00,20.2,77,100,10.1
2017-12-10T03:00,20.1,78,100,10.8
2017-12-10T04:00,19.9,80,100,10.9
2017-12-10T05:00,19.8,83,100,9.7
2017-12-10T06:00,20.1,82,100,10.5
2017-12-10T07:00,20.5,82,100,9.7
2017-12-10T08:00,20.9,82,100,10.8
2017-12-10T09:00,21.3,84,100,14.9
2017-12-10T10:00,21.7,83,100,13.5
2017-12-10T11:00,22.6,79,100,11.2
2017-12-10T12:00,23.4,76,100,10.1
2017-12-10T13:00,24.2,72,100,10.7
2017-12-10T14:00,24.3,70,100,10.0
2017-12-10T15:00,24.3,71,100,11.4
2017-12-10T16:00,23.6,74,100,9.8
2017-12-10T17:00,23.3,75,100,8.7
2017-12-10T18:00,23.0,77,100,10.2
2017-12-10T19:00,22.7,79,100,10.5
2017-12-10T20:00,22.5,80,99,9.8
2017-12-10T21:00,22.2,81,96,8.4
2017-12-10T22:00,22.0,82,100,7.2
2017-12-10T23:00,21.8,83,100,7.0
2017-12-11T00:00,21.6,83,100,7.7
2017-12-11T01:00,21.5,84,100,7.2
2017-12-11T02:00,21.1,85,87,6.8
2017-12-11T03:00,20.9,86,74,6.6
2017-12-11T04:00,20.4,87,90,5.6
2017-12-11T05:00,19.5,95,100,5.6
2017-12-11T06:00,18.9,95,8,6.1
2017-12-11T07:00,20.4,86,6,7.9
2017-12-11T08:00,22.7,75,5,7.1
2017-12-11T09:00,24.6,68,6,7.4
2017-12-11T10:00,26.2,62,62,8.0
2017-12-11T11:00,26.8,59,94,7.7
2017-12-11T12:00,26.8,58,76,8.4
2017-12-11T13:00,26.5,60,67,10.3
2017-12-11T14:00,26.6,59,64,10.5
2017-12-11T15:00,26.1,60,100,8.7
2017-12-11T16:00,25.4,64,96,7.3
2017-12-11T17:00,24.2,67,64,5.8
2017-12-11T18:00,23.3,70,21,7.6
2017-12-11T19:00,22.4,74,10,11.5
2017-12-11T20:00,21.7,76,1,9.4
2017-12-11T21:00,20.6,79,1,8.3
2017-12-11T22:00,19.6,84,0,7.3
2017-12-11T23:00,18.9,87,0,7.0
2017-12-12T00:00,18.1,90,0,5.4
2017-12-12T01:00,17.6,92,4,5.4
2017-12-12T02:00,17.2,93,3,4.5
2017-12-12T03:00,16.7,94,2,3.8
2017-12-12T04:00,16.3,95,1,3.0
2017-12-12T05:00,16.0,96,5,5.9
2017-12-12T06:00,16.4,94,3,4.0
2017-12-12T07:00,18.7,83,2,5.6
2017-12-12T08:00,21.7,71,0,4.7
2017-12-12T09:00,24.3,60,0,4.9
2017-12-12T10:00,25.8,57,0,4.8
2017-12-12T11:00,26.8,54,0,5.8
2017-12-12T12:00,27.6,49,0,6.5
2017-12-12T13:00,28.0,45,0,7.1
2017-12-12T14:00,27.9,45,0,6.3
2017-12-12T15:00,27.5,48,0,4.0
2017-12-12T16:00,26.8,52,2,1.8
2017-12-12T17:00,22.8,69,3,4.7
2017-12-12T18:00,22.7,69,0,4.7
2017-12-12T19:00,21.3,72,0,5.1
2017-12-12T20:00,20.4,75,0,3.6
2017-12-12T21:00,19.5,80,0,4.3
2017-12-12T22:00,18.7,84,0,4.5
2017-12-12T23:00,18.1,86,0,4.1
2017-12-13T00:00,17.9,86,0,4.9
2017-12-13T01:00,17.7,85,0,5.8
2017-12-13T02:00,17.1,86,0,6.2
2017-12-13T03:00,16.5,88,0,6.0
2017-12-13T04:00,15.9,91,0,5.0
2017-12-13T05:00,15.6,93,0,4.6
2017-12-13T06:00,15.7,92,0,4.7
2017-12-13T07:00,18.2,81,0,6.3
2017-12-13T08:00,21.8,67,0,3.6
2017-12-13T09:00,24.6,57,0,4.1
2017-12-13T10:00,26.4,52,0,6.4
2017-12-13T11:00,27.7,48,0,7.4
2017-12-13T12:00,28.4,45,0,7.1
2017-12-13T13:00,28.6,45,0,7.1
2017-12-13T14:00,28.6,44,19,8.4
2017-12-13T15:00,27.9,46,20,8.4
2017-12-13T16:00,25.7,55,14,8.3
2017-12-13T17:00,23.4,58,9,11.4
2017-12-13T18:00,22.9,56,2,11.9
2017-12-13T19:00,22.1,59,8,12.3
2017-12-13T20:00,21.1,62,2,11.2
2017-12-13T21:00,19.8,68,0,10.1
2017-12-13T22:00,18.7,73,0,8.4
2017-12-13T23:00,17.8,78,0,6.5
2017-12-14T00:00,16.9,83,0,6.8
2017-12-14T01:00,16.8,82,0,7.9
2017-12-14T02:00,16.8,81,0,7.3
2017-12-14T03:00,16.4,82,1,6.6
2017-12-14T04:00,16.2,82,3,6.3
2017-12-14T05:00,16.3,86,0,6.6
2017-12-14T06:00,16.5,85,0,5.7
2017-12-14T07:00,18.7,76,0,5.6
2017-12-14T08:00,21.7,67,0,3.3
2017-12-14T09:00,24.2,58,0,3.7
2017-12-14T10:00,26.2,51,0,4.6
2017-12-14T11:00,27.5,46,0,6.3
2017-12-14T12:00,28.2,43,0,9.2
2017-12-14T13:00,28.4,42,0,11.8
2017-12-14T14:00,28.2,42,0,12.4
2017-12-14T15:00,27.4,44,0,12.1
2017-12-14T16:00,25.1,53,0,8.1
2017-12-14T17:00,22.6,62,0,9.0
2017-12-14T18:00,21.9,63,0,9.4
2017-12-14T19:00,21.2,65,0,9.5
2017-12-14T20:00,20.7,67,0,9.7
2017-12-14T21:00,20.0,69,0,8.2
2017-12-14T22:00,19.3,72,0,7.6
2017-12-14T23:00,18.8,74,0,7.8
2017-12-15T00:00,17.6,80,0,6.4
2017-12-15T01:00,16.6,84,0,6.7
2017-12-15T02:00,16.1,86,0,5.4
2017-12-15T03:00,15.9,86,0,6.4
2017-12-15T04:00,15.5,86,0,6.7
2017-12-15T05:00,15.1,90,0,7.2
2017-12-15T06:00,15.2,88,0,7.2
2017-12-15T07:00,17.3,79,0,9.0
2017-12-15T08:00,19.9,69,0,9.1
2017-12-15T09:00,22.2,62,0,9.7
2017-12-15T10:00,24.2,55,0,8.7
2017-12-15T11:00,25.7,50,18,7.9
2017-12-15T12:00,26.8,45,65,9.7
2017-12-15T13:00,27.3,42,53,12.0
2017-12-15T14:00,27.1,42,86,12.0
2017-12-15T15:00,26.4,45,75,11.6
2017-12-15T16:00,24.1,55,77,6.5
2017-12-15T17:00,21.7,63,82,6.9
2017-12-15T18:00,21.1,65,88,7.9
2017-12-15T19:00,20.6,64,82,8.1
2017-12-15T20:00,20.2,64,71,9.5
2017-12-15T21:00,19.8,65,67,10.2
2017-12-15T22:00,19.3,66,79,10.9
2017-12-15T23:00,19.1,66,77,11.7
2017-12-16T00:00,19.2,63,21,13.3
2017-12-16T01:00,19.2,61,22,14.8
2017-12-16T02:00,19.1,60,34,15.8
2017-12-16T03:00,18.7,61,35,15.5
2017-12-16T04:00,18.2,63,28,14.2
2017-12-16T05:00,17.5,74,0,12.1
2017-12-16T06:00,17.1,75,0,10.0
2017-12-16T07:00,18.6,69,0,11.2
2017-12-16T08:00,21.1,59,0,9.9
2017-12-16T09:00,23.2,50,0,10.6
2017-12-16T10:00,25.0,43,60,11.9
2017-12-16T11:00,26.2,40,71,14.0
2017-12-16T12:00,26.8,40,87,15.0
2017-12-16T13:00,27.0,39,85,15.9
2017-12-16T14:00,26.8,38,87,16.6
2017-12-16T15:00,25.9,40,77,14.3
2017-12-16T16:00,23.7,48,3,9.7
2017-12-16T17:00,20.9,58,0,7.8
2017-12-16T18:00,20.2,60,0,7.8
2017-12-16T19:00,19.1,64,0,7.1
2017-12-16T20:00,18.0,68,0,6.8
2017-12-16T21:00,17.4,69,0,7.9
2017-12-16T22:00,16.9,70,0,8.9
2017-12-16T23:00,16.6,69,0,9.4
2017-12-17T00:00,16.3,68,0,10.0
2017-12-17T01:00,16.0,67,0,10.1
2017-12-17T02:00,15.7,67,0,9.8
2017-12-17T03:00,15.2,68,0,9.1
2017-12-17T04:00,14.7,70,0,8.0
2017-12-17T05:00,13.9,77,0,7.4
2017-12-17T06:00,13.6,78,0,7.7
2017-12-17T07:00,15.5,69,0,10.1
2017-12-17T08:00,18.1,57,0,10.2
2017-12-17T09:00,20.3,46,0,11.5
2017-12-17T10:00,22.1,39,0,12.8
2017-12-17T11:00,23.4,34,0,14.7
2017-12-17T12:00,24.2,31,0,14.7
2017-12-17T13:00,24.6,30,35,14.5
2017-12-17T14:00,24.5,30,36,14.0
2017-12-17T15:00,23.7,32,82,12.0
2017-12-17T16:00,21.0,43,87,7.1
2017-12-17T17:00,18.3,51,87,7.7
2017-12-17T18:00,17.3,54,75,9.2
2017-12-17T19:00,16.3,58,81,9.1
2017-12-17T20:00,15.3,62,4,8.3
2017-12-17T21:00,14.5,65,2,7.9
2017-12-17T22:00,13.9,67,9,7.6
2017-12-17T23:00,13.5,68,13,8.7
2017-12-18T00:00,13.3,67,2,10.6
2017-12-18T01:00,13.3,65,30,11.4
2017-12-18T02:00,13.0,66,52,10.0
2017-12-18T03:00,12.3,70,70,7.3
2017-12-18T04:00,11.4,75,24,6.6
2017-12-18T05:00,11.2,78,0,7.5
2017-12-18T06:00,11.3,78,0,7.2
2017-12-18T07:00,13.4,70,0,9.5
2017-12-18T08:00,16.1,60,0,8.5
2017-12-18T09:00,18.6,53,0,10.3
2017-12-18T10:00,20.5,46,0,9.9
2017-12-18T11:00,21.8,41,0,8.0
2017-12-18T12:00,22.7,39,0,8.0
2017-12-18T13:00,23.2,38,0,8.8
2017-12-18T14:00,23.3,38,0,9.1
2017-12-18T15:00,22.8,40,0,8.0
2017-12-18T16:00,19.8,61,0,7.3
2017-12-18T17:00,17.3,63,6,7.2
2017-12-18T18:00,17.2,63,70,9.4
2017-12-18T19:00,16.8,64,94,12.6
2017-12-18T20:00,16.1,66,89,14.1
2017-12-18T21:00,15.4,70,94,14.5
2017-12-18T22:00,14.7,74,62,13.7
2017-12-18T23:00,14.2,76,0,11.5
2017-12-19T00:00,13.5,79,93,8.7
2017-12-19T01:00,12.6,82,0,6.8
2017-12-19T02:00,11.9,86,0,6.8
2017-12-19T03:00,11.5,88,38,7.0
2017-12-19T04:00,11.1,90,97,6.3
2017-12-19T05:00,10.2,95,96,4.1
2017-12-19T06:00,10.3,94,94,4.0
2017-12-19T07:00,12.1,86,49,4.3
2017-12-19T08:00,15.6,71,80,2.6
2017-12-19T09:00,18.5,59,99,2.9
2017-12-19T10:00,20.4,51,96,2.4
2017-12-19T11:00,21.6,46,94,1.9
2017-12-19T12:00,22.5,43,95,1.8
2017-12-19T13:00,22.9,42,96,2.6
2017-12-19T14:00,23.1,43,94,4.3
2017-12-19T15:00,22.7,45,89,6.7
2017-12-19T16:00,20.6,57,20,5.7
2017-12-19T17:00,18.0,66,2,7.2
2017-12-19T18:00,16.5,74,0,7.2
2017-12-19T19:00,16.1,77,37,5.5
2017-12-19T20:00,15.6,80,0,5.2
2017-12-19T21:00,15.6,81,0,6.2
2017-12-19T22:00,14.9,86,0,8.3
2017-12-19T23:00,14.3,92,0,6.8
2017-12-20T00:00,14.1,93,0,6.5
2017-12-20T01:00,13.8,93,0,5.8
2017-12-20T02:00,13.5,94,0,6.0
2017-12-20T03:00,13.2,95,0,5.6
2017-12-20T04:00,13.0,95,0,6.6
2017-12-20T05:00,12.2,98,0,5.2
2017-12-20T06:00,11.9,99,26,4.1
2017-12-20T07:00,13.8,94,53,6.1
2017-12-20T08:00,16.8,83,65,3.7
2017-12-20T09:00,19.4,73,51,4.0
2017-12-20T10:00,21.6,61,86,8.8
2017-12-20T11:00,22.3,57,50,7.7
2017-12-20T12:00,22.7,54,29,7.4
2017-12-20T13:00,23.1,54,6,7.1
2017-12-20T14:00,23.1,55,28,7.8
2017-12-20T15:00,22.6,57,76,8.0
2017-12-20T16:00,21.2,65,83,4.3
2017-12-20T17:00,20.1,70,95,5.4
2017-12-20T18:00,19.3,77,55,6.1
2017-12-20T19:00,19.1,77,63,4.1
2017-12-20T20:00,18.9,77,65,4.0
2017-12-20T21:00,18.8,77,57,7.4
2017-12-20T22:00,18.1,79,38,7.6
2017-12-20T23:00,17.6,82,25,8.9
2017-12-21T00:00,17.0,86,14,8.7
2017-12-21T01:00,16.1,91,12,6.4
2017-12-21T02:00,15.5,93,13,6.3
2017-12-21T03:00,15.0,94,22,5.1
2017-12-21T04:00,14.8,95,29,5.3
2017-12-21T05:00,14.9,95,52,8.0
2017-12-21T06:00,15.1,93,25,8.4
2017-12-21T07:00,16.8,85,37,8.8
2017-12-21T08:00,19.2,76,45,7.0
2017-12-21T09:00,21.1,69,75,7.0
2017-12-21T10:00,22.6,62,69,8.8
2017-12-21T11:00,23.6,55,100,10.2
2017-12-21T12:00,23.6,55,94,10.4
2017-12-21T13:00,23.9,53,54,10.5
2017-12-21T14:00,24.0,53,56,10.5
2017-12-21T15:00,23.7,54,72,10.4
2017-12-21T16:00,22.4,59,19,5.4
2017-12-21T17:00,20.5,69,26,6.8
2017-12-21T18:00,19.9,71,7,8.8
2017-12-21T19:00,19.1,73,3,9.3
2017-12-21T20:00,18.2,77,1,9.7
2017-12-21T21:00,17.6,81,1,9.7
2017-12-21T22:00,17.5,80,1,11.5
2017-12-21T23:00,17.4,79,0,10.8
2017-12-22T00:00,16.7,82,0,10.5
2017-12-22T01:00,16.2,84,0,9.6
2017-12-22T02:00,15.8,86,0,8.8
2017-12-22T03:00,15.2,88,0,7.6
2017-12-22T04:00,14.4,92,0,5.7
2017-12-22T05:00,14.2,93,0,5.9
2017-12-22T06:00,14.1,93,0,5.6
2017-12-22T07:00,15.9,85,0,6.6
2017-12-22T08:00,18.8,73,0,4.6
2017-12-22T09:00,21.3,64,1,5.0
2017-12-22T10:00,23.0,58,0,5.4
2017-12-22T11:00,24.0,54,6,5.0
2017-12-22T12:00,24.5,52,14,5.0
2017-12-22T13:00,24.9,51,1,5.2
2017-12-22T14:00,24.9,51,2,6.1
2017-12-22T15:00,24.6,52,0,5.6
2017-12-22T16:00,22.6,71,1,5.4
2017-12-22T17:00,20.9,69,9,5.4
2017-12-22T18:00,20.1,72,24,5.8
2017-12-22T19:00,19.6,72,35,9.2
2017-12-22T20:00,18.7,76,33,9.8
2017-12-22T21:00,17.8,80,58,8.7
2017-12-22T22:00,16.8,85,83,6.6
2017-12-22T23:00,15.8,91,81,5.3
2017-12-23T00:00,14.9,94,16,5.6
2017-12-23T01:00,14.3,95,0,6.3
2017-12-23T02:00,14.3,94,45,5.0
2017-12-23T03:00,14.2,94,28,5.5
2017-12-23T04:00,13.2,96,83,6.8
2017-12-23T05:00,12.5,98,82,6.1
2017-12-23T06:00,12.3,98,0,6.1
2017-12-23T07:00,14.3,93,0,5.4
2017-12-23T08:00,17.0,82,0,4.8
2017-12-23T09:00,19.4,72,0,5.5
2017-12-23T10:00,21.2,63,0,5.6
2017-12-23T11:00,22.7,56,2,5.8
2017-12-23T12:00,23.7,51,0,5.7
2017-12-23T13:00,24.5,46,0,5.6
2017-12-23T14:00,24.7,42,0,5.6
2017-12-23T15:00,24.5,41,0,5.9
2017-12-23T16:00,21.5,58,0,6.5
2017-12-23T17:00,19.3,59,0,6.5
2017-12-23T18:00,18.6,59,0,8.0
2017-12-23T19:00,17.9,60,0,10.4
2017-12-23T20:00,17.5,65,0,13.0
2017-12-23T21:00,16.6,70,0,12.3
2017-12-23T22:00,15.8,73,0,10.9
2017-12-23T23:00,15.1,76,0,8.3
2017-12-24T00:00,14.2,80,0,6.5
2017-12-24T01:00,13.6,83,0,6.2
2017-12-24T02:00,13.1,85,0,6.2
2017-12-24T03:00,12.5,88,0,5.2
2017-12-24T04:00,11.9,91,0,5.2
2017-12-24T05:00,11.3,94,0,4.0
2017-12-24T06:00,11.1,95,0,3.9
2017-12-24T07:00,13.3,85,0,4.4
2017-12-24T08:00,17.0,70,0,3.1
2017-12-24T09:00,19.7,60,0,3.8
2017-12-24T10:00,21.7,54,0,4.7
2017-12-24T11:00,23.0,48,0,5.7
2017-12-24T12:00,23.9,45,0,6.1
2017-12-24T13:00,24.4,42,54,5.9
2017-12-24T14:00,24.5,39,93,6.5
2017-12-24T15:00,24.1,38,85,8.0
2017-12-24T16:00,21.7,48,86,6.9
2017-12-24T17:00,19.1,55,88,7.6
2017-12-24T18:00,18.1,54,87,6.6
2017-12-24T19:00,17.5,55,87,8.4
2017-12-24T20:00,17.0,59,21,12.6
2017-12-24T21:00,16.4,66,11,13.0
2017-12-24T22:00,15.7,71,15,12.6
2017-12-24T23:00,15.2,74,36,10.8
2017-12-25T00:00,14.6,76,56,8.1
2017-12-25T01:00,13.6,79,32,6.3
2017-12-25T02:00,12.3,85,40,6.8
2017-12-25T03:00,11.7,88,0,6.6
2017-12-25T04:00,11.4,89,0,5.4
2017-12-25T05:00,10.5,94,0,4.3
2017-12-25T06:00,10.5,94,0,3.4
2017-12-25T07:00,12.9,82,0,5.8
2017-12-25T08:00,17.1,67,0,3.1
2017-12-25T09:00,20.2,55,0,3.8
2017-12-25T10:00,22.2,46,0,6.4
2017-12-25T11:00,23.4,42,0,9.2
2017-12-25T12:00,24.2,39,0,9.2
2017-12-25T13:00,24.6,37,0,10.8
2017-12-25T14:00,24.5,36,0,11.1
2017-12-25T15:00,23.9,38,0,10.6
2017-12-25T16:00,21.4,48,0,6.8
2017-12-25T17:00,19.1,54,0,9.1
2017-12-25T18:00,18.7,54,0,10.5
2017-12-25T19:00,17.6,57,0,10.8
2017-12-25T20:00,16.5,61,0,11.2
2017-12-25T21:00,15.8,65,0,11.3
2017-12-25T22:00,15.3,68,0,10.0
2017-12-25T23:00,15.1,69,0,10.0
2017-12-26T00:00,14.8,70,0,10.0
2017-12-26T01:00,14.4,72,0,9.6
2017-12-26T02:00,13.4,78,0,6.5
2017-12-26T03:00,12.1,86,0,7.1
2017-12-26T04:00,11.9,87,0,6.1
2017-12-26T05:00,11.2,93,0,6.1
2017-12-26T06:00,11.2,93,0,7.1
2017-12-26T07:00,13.1,85,0,8.6
2017-12-26T08:00,16.1,71,0,9.2
2017-12-26T09:00,18.8,59,0,11.7
2017-12-26T10:00,20.7,51,0,13.8
2017-12-26T11:00,22.0,46,0,14.6
2017-12-26T12:00,23.0,43,0,14.0
2017-12-26T13:00,23.6,41,0,13.7
2017-12-26T14:00,23.6,41,0,12.9
2017-12-26T15:00,23.0,43,0,12.6
2017-12-26T16:00,21.0,52,0,8.8
2017-12-26T17:00,18.3,61,0,10.0
2017-12-26T18:00,17.4,64,0,10.2
2017-12-26T19:00,16.2,70,0,9.1
2017-12-26T20:00,15.0,76,0,7.2
2017-12-26T21:00,14.1,81,0,7.4
2017-12-26T22:00,13.6,85,0,7.8
2017-12-26T23:00,13.2,88,0,8.2
2017-12-27T00:00,12.5,91,0,6.9
2017-12-27T01:00,12.1,92,0,6.5
2017-12-27T02:00,12.1,92,0,7.6
2017-12-27T03:00,12.2,92,0,8.9
2017-12-27T04:00,12.1,93,0,9.8
2017-12-27T05:00,11.6,94,0,7.7
2017-12-27T06:00,10.8,96,0,6.0
2017-12-27T07:00,12.7,91,0,7.8
2017-12-27T08:00,15.5,81,0,6.7
2017-12-27T09:00,18.8,69,0,8.6
2017-12-27T10:00,21.3,56,0,12.6
2017-12-27T11:00,22.8,50,0,13.7
2017-12-27T12:00,23.9,45,0,11.2
2017-12-27T13:00,24.5,43,0,8.3
2017-12-27T14:00,24.7,42,0,8.3
2017-12-27T15:00,24.2,43,0,8.6
2017-12-27T16:00,21.6,56,0,5.8
2017-12-27T17:00,19.0,66,0,7.9
2017-12-27T18:00,18.1,71,0,10.4
2017-12-27T19:00,17.1,75,0,11.5
2017-12-27T20:00,16.2,79,0,11.9
2017-12-27T21:00,15.4,83,0,11.9
2017-12-27T22:00,14.6,86,0,10.8
2017-12-27T23:00,13.9,87,0,9.2
2017-12-28T00:00,13.4,89,0,9.1
2017-12-28T01:00,13.0,90,0,9.0
2017-12-28T02:00,12.7,91,0,8.7
2017-12-28T03:00,12.4,92,0,8.3
2017-12-28T04:00,12.1,92,0,7.6
2017-12-28T05:00,11.5,93,0,6.9
2017-12-28T06:00,11.3,93,0,6.6
2017-12-28T07:00,13.3,85,0,7.9
2017-12-28T08:00,16.3,73,0,4.3
2017-12-28T09:00,19.0,64,0,2.1
2017-12-28T10:00,21.0,56,0,1.0
2017-12-28T11:00,22.5,48,0,0.8
2017-12-28T12:00,23.6,43,0,0.0
2017-12-28T13:00,24.1,41,0,0.7
2017-12-28T14:00,24.3,39,0,1.6
2017-12-28T15:00,24.0,40,0,3.1
2017-12-28T16:00,21.0,62,0,6.2
2017-12-28T17:00,18.3,63,0,5.9
2017-12-28T18:00,18.0,59,0,5.9
2017-12-28T19:00,16.2,63,0,6.8
2017-12-28T20:00,16.1,62,0,5.4
2017-12-28T21:00,15.1,67,0,9.8
2017-12-28T22:00,14.9,73,0,11.5
2017-12-28T23:00,14.3,82,0,10.9
2017-12-29T00:00,13.8,85,0,8.3
2017-12-29T01:00,13.0,90,0,6.6
2017-12-29T02:00,12.6,91,0,6.7
2017-12-29T03:00,12.4,92,0,7.1
2017-12-29T04:00,12.0,93,0,5.9
2017-12-29T05:00,11.2,95,0,5.8
2017-12-29T06:00,10.9,95,0,5.0
2017-12-29T07:00,12.9,88,0,5.4
2017-12-29T08:00,16.5,73,0,3.0
2017-12-29T09:00,19.5,62,0,2.5
2017-12-29T10:00,21.6,55,0,1.5
2017-12-29T11:00,23.0,50,0,1.1
2017-12-29T12:00,24.1,46,0,2.1
2017-12-29T13:00,24.6,44,0,2.3
2017-12-29T14:00,24.8,43,35,2.5
2017-12-29T15:00,24.5,44,52,3.7
2017-12-29T16:00,21.8,60,9,5.8
2017-12-29T17:00,19.8,59,0,8.0
2017-12-29T18:00,18.6,60,0,7.0
2017-12-29T19:00,17.5,65,0,10.2
2017-12-29T20:00,16.6,70,0,11.2
2017-12-29T21:00,15.8,74,1,11.8
2017-12-29T22:00,15.2,76,0,10.6
2017-12-29T23:00,14.6,79,0,8.3
2017-12-30T00:00,13.5,84,0,5.8
2017-12-30T01:00,12.7,89,0,5.4
2017-12-30T02:00,12.5,91,0,5.9
2017-12-30T03:00,12.2,92,0,5.5
2017-12-30T04:00,12.0,92,1,5.2
2017-12-30T05:00,11.6,94,13,6.2
2017-12-30T06:00,11.6,94,13,4.9
2017-12-30T07:00,13.4,86,0,6.6
2017-12-30T08:00,17.1,73,0,4.4
2017-12-30T09:00,20.1,61,0,4.4
2017-12-30T10:00,22.2,52,0,6.0
2017-12-30T11:00,23.7,47,0,7.5
2017-12-30T12:00,24.7,43,23,9.5
2017-12-30T13:00,25.1,42,4,10.2
2017-12-30T14:00,25.1,41,86,9.7
2017-12-30T15:00,24.6,41,77,9.0
2017-12-30T16:00,21.9,56,38,5.6
2017-12-30T17:00,18.6,66,67,7.1
2017-12-30T18:00,18.2,66,32,7.8
2017-12-30T19:00,17.2,67,43,9.0
2017-12-30T20:00,16.3,70,38,10.3
2017-12-30T21:00,15.7,72,44,11.7
2017-12-30T22:00,15.4,71,79,11.9
2017-12-30T23:00,15.0,73,65,11.9
2017-12-31T00:00,14.6,77,68,10.8
2017-12-31T01:00,13.9,82,64,8.3
2017-12-31T02:00,13.1,87,59,6.2
2017-12-31T03:00,12.7,88,62,6.6
2017-12-31T04:00,12.7,86,65,8.0
2017-12-31T05:00,12.7,86,33,10.3
2017-12-31T06:00,13.0,85,0,9.6
2017-12-31T07:00,14.7,79,0,10.0
2017-12-31T08:00,17.7,67,1,7.2
2017-12-31T09:00,20.3,57,2,5.8
2017-12-31T10:00,22.1,49,7,4.5
2017-12-31T11:00,23.5,44,6,4.6
2017-12-31T12:00,24.5,43,10,5.9
2017-12-31T13:00,25.1,40,15,6.3
2017-12-31T14:00,25.2,39,27,7.8
2017-12-31T15:00,24.7,38,38,9.1
2017-12-31T16:00,22.3,47,32,6.7
2017-12-31T17:00,19.2,59,14,8.3
2017-12-31T18:00,18.4,61,57,11.5
2017-12-31T19:00,17.4,69,60,12.6
2017-12-31T20:00,16.4,76,57,13.3
2017-12-31T21:00,15.8,80,60,13.3
2017-12-31T22:00,15.3,81,50,11.9
2017-12-31T23:00,14.7,83,29,11.2
